<?xml version="1.0" encoding="utf-8"?>
<COLLADA xmlns="http://www.collada.org/2005/11/COLLADASchema" version="1.4.1">
  <asset>
    <contributor>
      <author>Mixamo</author>
      <authoring_tool>COLLADA Mixamo exporter</authoring_tool>
      <comments/>
    </contributor>
    <created>2026-07-12T14:37:29Z</created>
    <modified>2026-07-12T14:37:29Z</modified>
    <revision/>
    <title/>
    <unit meter="0.010000"/>
    <up_axis>Y_UP</up_axis>
  </asset>
  <library_animations>
    <animation id="mixamorig_Hips-anim" name="mixamorig_Hips">
      <source id="mixamorig_Hips-Matrix-animation-input">
        <float_array id="mixamorig_Hips-Matrix-animation-input-array" count="37">

0.000000 0.033333 0.066667 0.100000 0.133333 0.166667 0.200000 0.233333 0.266667 0.300000 0.333333 0.366667 0.400000 0.433333 0.466667 0.500000
0.533333 0.566667 0.600000 0.633333 0.666667 0.700000 0.733333 0.766667 0.800000 0.833333 0.866667 0.900000 0.933333 0.966667 1.000000 1.033333
1.066667 1.100000 1.133333 1.166667 1.200000</float_array>
        <technique_common>
          <accessor source="#mixamorig_Hips-Matrix-animation-input-array" count="37">
            <param name="TIME" type="float"/>
          </accessor>
        </technique_common>
      </source>
      <source id="mixamorig_Hips-Matrix-animation-output-transform">
        <float_array id="mixamorig_Hips-Matrix-animation-output-transform-array" count="592">

0.998075 0.035963 0.050518 0.125952 -0.039083 0.997299 0.062187 102.405655 -0.048145 -0.064042 0.996785 1.302845 0.000000 0.000000 0.000000 1.000000
0.998326 0.025909 0.051711 -0.057113 -0.028589 0.998250 0.051773 102.519516 -0.050279 -0.053165 0.997319 5.646212 0.000000 0.000000 0.000000 1.000000
0.998078 0.013333 0.060515 -0.118651 -0.015708 0.999118 0.038943 102.329643 -0.059943 -0.039818 0.997407 9.923747 0.000000 0.000000 0.000000 1.000000
0.997134 0.002274 0.075618 -0.052150 -0.004572 0.999533 0.030220 101.904236 -0.075514 -0.030479 0.996679 14.215918 0.000000 0.000000 0.000000 1.000000
0.995663 0.002766 0.092995 0.115132 -0.005003 0.999703 0.023831 99.767471 -0.092901 -0.024193 0.995381 19.190662 0.000000 0.000000 0.000000 1.000000
0.994114 0.015311 0.107248 0.530515 -0.017338 0.999688 0.017993 97.860107 -0.106939 -0.019746 0.994069 24.458807 0.000000 0.000000 0.000000 1.000000
0.993045 0.023551 0.115353 1.207527 -0.025364 0.999576 0.014270 96.975159 -0.114968 -0.017096 0.993222 29.377146 0.000000 0.000000 0.000000 1.000000
0.992693 0.024714 0.118106 2.102848 -0.026329 0.999580 0.012129 96.326462 -0.117757 -0.015149 0.992927 34.313564 0.000000 0.000000 0.000000 1.000000
0.992748 0.019289 0.118660 3.170135 -0.021429 0.999629 0.016784 95.938759 -0.118292 -0.019205 0.992793 39.646557 0.000000 0.000000 0.000000 1.000000
0.993233 0.007384 0.115902 4.426666 -0.010733 0.999542 0.028291 96.166946 -0.115640 -0.029344 0.992858 45.163086 0.000000 0.000000 0.000000 1.000000
0.993252 -0.001802 0.115964 5.841784 -0.001998 0.999465 0.032640 96.694199 -0.115961 -0.032652 0.992717 50.418636 0.000000 0.000000 0.000000 1.000000
0.991289 -0.005874 0.131570 7.204988 0.001958 0.999552 0.029880 96.728577 -0.131687 -0.029363 0.990856 55.591999 0.000000 0.000000 0.000000 1.000000
0.986640 -0.010392 0.162582 8.477039 0.004734 0.999371 0.035152 97.091171 -0.162845 -0.033913 0.986069 60.372414 0.000000 0.000000 0.000000 1.000000
0.980168 -0.014910 0.197607 9.640765 0.005599 0.998851 0.047595 97.913826 -0.198089 -0.045545 0.979125 64.881668 0.000000 0.000000 0.000000 1.000000
0.971123 -0.009189 0.238403 10.747936 -0.004716 0.998323 0.057690 99.023926 -0.238534 -0.057148 0.969451 69.344421 0.000000 0.000000 0.000000 1.000000
0.958360 0.001243 0.285562 11.886507 -0.019819 0.997869 0.062169 100.156265 -0.284876 -0.065240 0.956342 73.883400 0.000000 0.000000 0.000000 1.000000
0.943775 0.006279 0.330530 13.065956 -0.028955 0.997547 0.063726 101.071304 -0.329319 -0.069714 0.941642 78.405472 0.000000 0.000000 0.000000 1.000000
0.929366 0.011259 0.368989 14.199255 -0.036293 0.997479 0.060974 101.589531 -0.367372 -0.070058 0.927432 82.797310 0.000000 0.000000 0.000000 1.000000
0.915978 0.015160 0.400942 15.311965 -0.040148 0.997734 0.053996 101.749306 -0.399215 -0.065556 0.914511 87.063606 0.000000 0.000000 0.000000 1.000000
0.904321 0.014175 0.426617 16.439384 -0.038329 0.998108 0.048085 101.631760 -0.425128 -0.059836 0.903153 91.235901 0.000000 0.000000 0.000000 1.000000
0.893321 0.012660 0.449242 17.581724 -0.034225 0.998617 0.039916 101.287544 -0.448115 -0.051033 0.892518 95.304359 0.000000 0.000000 0.000000 1.000000
0.882947 0.009446 0.469377 18.802685 -0.024551 0.999359 0.026071 100.609985 -0.468830 -0.034543 0.882613 99.358017 0.000000 0.000000 0.000000 1.000000
0.874678 0.003788 0.484690 20.171059 -0.012157 0.999826 0.014126 99.259193 -0.484553 -0.018248 0.874572 103.783783 0.000000 0.000000 0.000000 1.000000
0.866867 0.000073 0.498540 21.560308 -0.005775 0.999934 0.009895 98.538757 -0.498506 -0.011456 0.866811 108.197220 0.000000 0.000000 0.000000 1.000000
0.859171 0.000156 0.511689 22.858698 -0.005795 0.999939 0.009426 97.869270 -0.511656 -0.011063 0.859119 112.720901 0.000000 0.000000 0.000000 1.000000
0.849888 0.002704 0.526957 24.189800 -0.012683 0.999802 0.015325 97.323341 -0.526811 -0.019708 0.849754 117.551102 0.000000 0.000000 0.000000 1.000000
0.832357 0.006325 0.554204 25.673655 -0.026932 0.999215 0.029045 97.334755 -0.553586 -0.039102 0.831874 122.701241 0.000000 0.000000 0.000000 1.000000
0.808265 0.010597 0.588723 27.218676 -0.041229 0.998403 0.038633 97.759644 -0.587373 -0.055499 0.807411 127.880783 0.000000 0.000000 0.000000 1.000000
0.790129 0.018751 0.612653 28.749481 -0.053398 0.997838 0.038326 97.890884 -0.610610 -0.062997 0.789422 133.008881 0.000000 0.000000 0.000000 1.000000
0.786170 0.028294 0.617363 30.267530 -0.067681 0.996885 0.040500 98.261909 -0.614293 -0.073624 0.785636 137.886078 0.000000 0.000000 0.000000 1.000000
0.790131 0.028462 0.612277 31.826721 -0.076100 0.995748 0.051919 98.997009 -0.608195 -0.087617 0.788937 142.339783 0.000000 0.000000 0.000000 1.000000
0.795227 0.022913 0.605879 33.422634 -0.075731 0.995214 0.061762 99.900620 -0.601564 -0.094998 0.793156 146.307510 0.000000 0.000000 0.000000 1.000000
0.798373 0.017831 0.601899 34.987091 -0.069427 0.995621 0.062594 100.739410 -0.598147 -0.091761 0.796115 149.984909 0.000000 0.000000 0.000000 1.000000
0.796796 0.008893 0.604183 36.567123 -0.060087 0.996102 0.064581 101.506943 -0.601254 -0.087761 0.794224 153.530716 0.000000 0.000000 0.000000 1.000000
0.791131 -0.000800 0.611646 38.227783 -0.051607 0.996346 0.068054 102.042389 -0.609466 -0.085405 0.788199 156.908096 0.000000 0.000000 0.000000 1.000000
0.785339 -0.007714 0.619018 39.992516 -0.043737 0.996732 0.067909 102.305763 -0.617519 -0.080406 0.782435 160.264786 0.000000 0.000000 0.000000 1.000000
0.777466 -0.012017 0.628810 41.839947 -0.034891 0.997454 0.062202 102.365784 -0.627956 -0.070300 0.775067 163.643311 0.000000 0.000000 0.000000 1.000000</float_array>
        <technique_common>
          <accessor source="#mixamorig_Hips-Matrix-animation-output-transform-array" count="37" stride="16">
            <param type="float4x4"/>
          </accessor>
        </technique_common>
      </source>
      <source id="mixamorig_Hips-Interpolations">
        <Name_array id="mixamorig_Hips-Interpolations-array" count="37">
 LINEAR LINEAR LINEAR LINEAR LINEAR LINEAR LINEAR LINEAR LINEAR LINEAR LINEAR
LINEAR LINEAR LINEAR LINEAR LINEAR LINEAR LINEAR LINEAR LINEAR LINEAR LINEAR LINEAR
LINEAR LINEAR LINEAR LINEAR LINEAR LINEAR LINEAR LINEAR LINEAR LINEAR LINEAR LINEAR
LINEAR LINEAR</Name_array>
        <technique_common>
          <accessor source="#mixamorig_Hips-Interpolations-array" count="37">
            <param type="name"/>
          </accessor>
        </technique_common>
      </source>
      <sampler id="mixamorig_Hips-Matrix-animation-transform">
        <input semantic="INPUT" source="#mixamorig_Hips-Matrix-animation-input"/>
        <input semantic="OUTPUT" source="#mixamorig_Hips-Matrix-animation-output-transform"/>
        <input semantic="INTERPOLATION" source="#mixamorig_Hips-Interpolations"/>
      </sampler>
      <channel source="#mixamorig_Hips-Matrix-animation-transform" target="mixamorig_Hips/matrix"/>
    </animation>
    <animation id="mixamorig_Spine-anim" name="mixamorig_Spine">
      <source id="mixamorig_Spine-Matrix-animation-input">
        <float_array id="mixamorig_Spine-Matrix-animation-input-array" count="37">

0.000000 0.033333 0.066667 0.100000 0.133333 0.166667 0.200000 0.233333 0.266667 0.300000 0.333333 0.366667 0.400000 0.433333 0.466667 0.500000
0.533333 0.566667 0.600000 0.633333 0.666667 0.700000 0.733333 0.766667 0.800000 0.833333 0.866667 0.900000 0.933333 0.966667 1.000000 1.033333
1.066667 1.100000 1.133333 1.166667 1.200000</float_array>
        <technique_common>
          <accessor source="#mixamorig_Spine-Matrix-animation-input-array" count="37">
            <param name="TIME" type="float"/>
          </accessor>
        </technique_common>
      </source>
      <source id="mixamorig_Spine-Matrix-animation-output-transform">
        <float_array id="mixamorig_Spine-Matrix-animation-output-transform-array" count="592">

0.999173 -0.018230 0.036348 0.000000 0.016380 0.998586 0.050575 10.182400 -0.037218 -0.049938 0.998059 0.000000 0.000000 0.000000 0.000000 1.000000
0.997919 -0.005951 0.064205 0.000000 0.002523 0.998573 0.053342 10.182400 -0.064431 -0.053069 0.996510 0.000000 0.000000 0.000000 0.000000 1.000000
0.996353 0.009798 0.084762 0.000000 -0.014642 0.998283 0.056714 10.182400 -0.084061 -0.057748 0.994786 0.000000 0.000000 0.000000 0.000000 1.000000
0.994667 0.024864 0.100095 -0.000000 -0.030729 0.997873 0.057487 10.182400 -0.098452 -0.060257 0.993316 0.000000 0.000000 0.000000 0.000000 1.000000
0.993417 0.029768 0.110620 0.000000 -0.038253 0.996420 0.075387 10.182400 -0.107979 -0.079123 0.991000 0.000000 0.000000 0.000000 0.000000 1.000000
0.992709 0.022254 0.118464 0.000000 -0.033690 0.994867 0.095420 10.182400 -0.115733 -0.098715 0.988363 -0.000000 0.000000 0.000000 0.000000 1.000000
0.991585 0.016970 0.128340 0.000000 -0.029721 0.994733 0.098100 10.182400 -0.126000 -0.101089 0.986866 0.000000 0.000000 0.000000 0.000000 1.000000
0.990157 0.017579 0.138856 -0.000000 -0.031047 0.994951 0.095435 10.182400 -0.136477 -0.098807 0.985703 0.000000 0.000000 0.000000 0.000000 1.000000
0.988329 0.025406 0.150200 -0.000000 -0.038874 0.995413 0.087419 10.182400 -0.147290 -0.092237 0.984783 0.000000 0.000000 0.000000 0.000000 1.000000
0.985568 0.037976 0.164964 0.000000 -0.050765 0.995964 0.074012 10.182400 -0.161488 -0.081318 0.983519 0.000000 0.000000 0.000000 0.000000 1.000000
0.984341 0.044813 0.170481 -0.000000 -0.056600 0.996284 0.064918 10.182400 -0.166939 -0.073550 0.983220 0.000000 0.000000 0.000000 0.000000 1.000000
0.986344 0.046502 0.157999 0.000000 -0.057574 0.996142 0.066236 10.182400 -0.154309 -0.074428 0.985215 -0.000000 0.000000 0.000000 0.000000 1.000000
0.989545 0.047633 0.136131 -0.000000 -0.056251 0.996601 0.060179 10.182400 -0.132802 -0.067207 0.988861 0.000000 0.000000 0.000000 0.000000 1.000000
0.992319 0.047892 0.114059 0.000000 -0.054085 0.997190 0.051838 10.182400 -0.111256 -0.057608 0.992121 -0.000000 0.000000 0.000000 0.000000 1.000000
0.995621 0.038232 0.085304 -0.000000 -0.042569 0.997861 0.049612 10.182400 -0.083225 -0.053026 0.995119 0.000000 0.000000 0.000000 0.000000 1.000000
0.998442 0.024993 0.049881 0.000000 -0.027619 0.998231 0.052650 10.182400 -0.048477 -0.053946 0.997366 0.000000 0.000000 0.000000 0.000000 1.000000
0.999669 0.018231 0.018171 0.000000 -0.019220 0.998256 0.055817 10.182400 -0.017122 -0.056147 0.998276 0.000000 0.000000 0.000000 0.000000 1.000000
0.999903 0.012572 -0.006012 0.000000 -0.012198 0.998204 0.058654 10.182400 0.006739 -0.058575 0.998260 -0.000000 0.000000 0.000000 0.000000 1.000000
0.999717 0.008533 -0.022194 0.000000 -0.007136 0.998033 0.062291 10.182400 0.022682 -0.062115 0.997811 -0.000000 0.000000 0.000000 0.000000 1.000000
0.999488 0.008606 -0.030831 -0.000000 -0.006638 0.997967 0.063385 10.182400 0.031314 -0.063148 0.997513 0.000000 0.000000 0.000000 0.000000 1.000000
0.999271 0.009253 -0.037027 0.000000 -0.006808 0.997821 0.065623 10.182400 0.037554 -0.065323 0.997157 0.000000 0.000000 0.000000 0.000000 1.000000
0.999098 0.013389 -0.040304 0.000000 -0.010320 0.997099 0.075413 10.182400 0.041197 -0.074929 0.996338 0.000000 0.000000 0.000000 0.000000 1.000000
0.998981 0.020522 -0.040209 -0.000000 -0.016752 0.995624 0.091936 10.182400 0.041919 -0.091168 0.994953 0.000000 0.000000 0.000000 0.000000 1.000000
0.998865 0.020399 -0.043053 0.000000 -0.016181 0.995235 0.096158 10.182400 0.044809 -0.095352 0.994435 0.000000 0.000000 0.000000 0.000000 1.000000
0.998638 0.017967 -0.048977 0.000000 -0.013253 0.995395 0.094939 10.182400 0.050458 -0.094160 0.994278 0.000000 0.000000 0.000000 0.000000 1.000000
0.997968 0.012234 -0.062529 0.000000 -0.006554 0.995898 0.090248 10.182400 0.063376 -0.089654 0.993954 0.000000 0.000000 0.000000 0.000000 1.000000
0.995946 0.001020 -0.089943 -0.000000 0.006417 0.996582 0.082357 10.182400 0.089720 -0.082600 0.992536 0.000000 0.000000 0.000000 0.000000 1.000000
0.993216 -0.009266 -0.115917 -0.000000 0.018485 0.996726 0.078712 10.182400 0.114808 -0.080321 0.990135 0.000000 0.000000 0.000000 0.000000 1.000000
0.992073 -0.016865 -0.124527 -0.000000 0.027518 0.996058 0.084328 10.182400 0.122614 -0.087087 0.988626 0.000000 0.000000 0.000000 0.000000 1.000000
0.992805 -0.029550 -0.116037 -0.000000 0.039451 0.995687 0.083973 10.182400 0.113055 -0.087946 0.989689 0.000000 0.000000 0.000000 0.000000 1.000000
0.994442 -0.040447 -0.097208 0.000000 0.047678 0.996173 0.073257 10.182400 0.093873 -0.077484 0.992564 -0.000000 0.000000 0.000000 0.000000 1.000000
0.996410 -0.044543 -0.071989 0.000000 0.049247 0.996673 0.064947 10.182400 0.068856 -0.068260 0.995289 0.000000 0.000000 0.000000 0.000000 1.000000
0.998131 -0.041595 -0.044767 0.000000 0.044448 0.996912 0.064732 10.182400 0.041936 -0.066600 0.996898 0.000000 0.000000 0.000000 0.000000 1.000000
0.999175 -0.034271 -0.021794 0.000000 0.035523 0.997572 0.059901 10.182400 0.019689 -0.060626 0.997966 0.000000 0.000000 0.000000 0.000000 1.000000
0.999601 -0.028101 -0.002749 -0.000000 0.028206 0.998255 0.051881 10.182400 0.001286 -0.051938 0.998649 0.000000 0.000000 0.000000 0.000000 1.000000
0.999574 -0.022318 0.018795 -0.000000 0.021384 0.998594 0.048495 10.182400 -0.019851 -0.048072 0.998647 0.000000 0.000000 0.000000 0.000000 1.000000
0.999217 -0.014079 0.036971 0.000000 0.012206 0.998653 0.050422 10.182400 -0.037631 -0.049931 0.998043 0.000000 0.000000 0.000000 0.000000 1.000000</float_array>
        <technique_common>
          <accessor source="#mixamorig_Spine-Matrix-animation-output-transform-array" count="37" stride="16">
            <param type="float4x4"/>
          </accessor>
        </technique_common>
      </source>
      <source id="mixamorig_Spine-Interpolations">
        <Name_array id="mixamorig_Spine-Interpolations-array" count="37">
 LINEAR LINEAR LINEAR LINEAR LINEAR LINEAR LINEAR LINEAR LINEAR LINEAR LINEAR
LINEAR LINEAR LINEAR LINEAR LINEAR LINEAR LINEAR LINEAR LINEAR LINEAR LINEAR LINEAR
LINEAR LINEAR LINEAR LINEAR LINEAR LINEAR LINEAR LINEAR LINEAR LINEAR LINEAR LINEAR
LINEAR LINEAR</Name_array>
        <technique_common>
          <accessor source="#mixamorig_Spine-Interpolations-array" count="37">
            <param type="name"/>
          </accessor>
        </technique_common>
      </source>
      <sampler id="mixamorig_Spine-Matrix-animation-transform">
        <input semantic="INPUT" source="#mixamorig_Spine-Matrix-animation-input"/>
        <input semantic="OUTPUT" source="#mixamorig_Spine-Matrix-animation-output-transform"/>
        <input semantic="INTERPOLATION" source="#mixamorig_Spine-Interpolations"/>
      </sampler>
      <channel source="#mixamorig_Spine-Matrix-animation-transform" target="mixamorig_Spine/matrix"/>
    </animation>
    <animation id="mixamorig_Spine1-anim" name="mixamorig_Spine1">
      <source id="mixamorig_Spine1-Matrix-animation-input">
        <float_array id="mixamorig_Spine1-Matrix-animation-input-array" count="37">

0.000000 0.033333 0.066667 0.100000 0.133333 0.166667 0.200000 0.233333 0.266667 0.300000 0.333333 0.366667 0.400000 0.433333 0.466667 0.500000
0.533333 0.566667 0.600000 0.633333 0.666667 0.700000 0.733333 0.766667 0.800000 0.833333 0.866667 0.900000 0.933333 0.966667 1.000000 1.033333
1.066667 1.100000 1.133333 1.166667 1.200000</float_array>
        <technique_common>
          <accessor source="#mixamorig_Spine1-Matrix-animation-input-array" count="37">
            <param name="TIME" type="float"/>
          </accessor>
        </technique_common>
      </source>
      <source id="mixamorig_Spine1-Matrix-animation-output-transform">
        <float_array id="mixamorig_Spine1-Matrix-animation-output-transform-array" count="592">

0.999935 -0.004605 0.010406 0.000000 0.004711 0.999937 -0.010192 10.002700 -0.010359 0.010240 0.999894 -0.000000 0.000000 0.000000 0.000000 1.000000
0.999835 -0.002845 0.017937 -0.000000 0.003031 0.999942 -0.010362 10.002700 -0.017907 0.010414 0.999785 0.000000 0.000000 0.000000 0.000000 1.000000
0.999722 -0.000643 0.023562 0.000000 0.000881 0.999949 -0.010106 10.002700 -0.023554 0.010124 0.999671 0.000000 0.000000 0.000000 0.000000 1.000000
0.999612 0.000768 0.027838 0.000000 -0.000462 0.999939 -0.011008 10.002700 -0.027845 0.010991 0.999552 0.000000 0.000000 0.000000 0.000000 1.000000
0.999535 -0.000720 0.030476 0.000000 0.001304 0.999816 -0.019154 10.002700 -0.030457 0.019185 0.999352 0.000000 0.000000 0.000000 0.000000 1.000000
0.999473 -0.002666 0.032353 0.000000 0.003483 0.999676 -0.025221 10.002700 -0.032276 0.025320 0.999158 0.000000 0.000000 0.000000 0.000000 1.000000
0.999379 -0.003034 0.035105 0.000000 0.003832 0.999735 -0.022685 10.002700 -0.035027 0.022806 0.999126 0.000000 0.000000 0.000000 0.000000 1.000000
0.999269 -0.003124 0.038100 0.000000 0.003887 0.999793 -0.019983 10.002700 -0.038029 0.020117 0.999074 0.000000 0.000000 0.000000 0.000000 1.000000
0.999140 -0.002600 0.041377 0.000000 0.003323 0.999843 -0.017430 10.002700 -0.041325 0.017553 0.998992 -0.000000 0.000000 0.000000 0.000000 1.000000
0.998944 -0.001214 0.045934 -0.000000 0.001799 0.999918 -0.012696 10.002700 -0.045915 0.012765 0.998864 0.000000 0.000000 0.000000 0.000000 1.000000
0.998844 0.000471 0.048064 0.000000 -0.000211 0.999985 -0.005416 10.002700 -0.048066 0.005399 0.998830 0.000000 0.000000 0.000000 0.000000 1.000000
0.999001 0.002072 0.044642 -0.000000 -0.001961 0.999995 -0.002546 10.002700 -0.044647 0.002455 0.999000 0.000000 0.000000 0.000000 0.000000 1.000000
0.999249 0.003123 0.038613 0.000000 -0.003006 0.999991 -0.003096 10.002700 -0.038623 0.002977 0.999249 0.000000 0.000000 0.000000 0.000000 1.000000
0.999485 0.002129 0.032012 0.000000 -0.001991 0.999989 -0.004358 10.002700 -0.032021 0.004292 0.999478 0.000000 0.000000 0.000000 0.000000 1.000000
0.999728 0.000058 0.023328 0.000000 0.000071 0.999985 -0.005521 10.002700 -0.023328 0.005521 0.999713 0.000000 0.000000 0.000000 0.000000 1.000000
0.999913 -0.001586 0.013072 0.000000 0.001670 0.999978 -0.006371 10.002700 -0.013061 0.006393 0.999894 0.000000 0.000000 0.000000 0.000000 1.000000
0.999989 -0.002303 0.004116 0.000000 0.002331 0.999973 -0.006917 10.002700 -0.004100 0.006926 0.999968 0.000000 0.000000 0.000000 0.000000 1.000000
0.999994 -0.002391 -0.002486 0.000000 0.002373 0.999972 -0.007136 10.002700 0.002503 0.007130 0.999971 0.000000 0.000000 0.000000 0.000000 1.000000
0.999975 -0.002158 -0.006691 0.000000 0.002112 0.999974 -0.006897 10.002700 0.006705 0.006882 0.999954 0.000000 0.000000 0.000000 0.000000 1.000000
0.999960 -0.001548 -0.008758 -0.000000 0.001487 0.999975 -0.006918 10.002700 0.008768 0.006904 0.999938 0.000000 0.000000 0.000000 0.000000 1.000000
0.999949 -0.000326 -0.010136 -0.000000 0.000258 0.999978 -0.006679 10.002700 0.010138 0.006676 0.999926 -0.000000 0.000000 0.000000 0.000000 1.000000
0.999941 0.001276 -0.010763 0.000000 -0.001348 0.999977 -0.006671 10.002700 0.010754 0.006685 0.999920 0.000000 0.000000 0.000000 0.000000 1.000000
0.999942 0.001179 -0.010709 0.000000 -0.001288 0.999948 -0.010160 10.002700 0.010696 0.010173 0.999891 0.000000 0.000000 0.000000 0.000000 1.000000
0.999933 0.000740 -0.011550 0.000000 -0.000864 0.999941 -0.010789 10.002700 0.011541 0.010798 0.999875 0.000000 0.000000 0.000000 0.000000 1.000000
0.999912 -0.000102 -0.013231 0.000000 -0.000042 0.999941 -0.010888 10.002700 0.013231 0.010887 0.999853 0.000000 0.000000 0.000000 0.000000 1.000000
0.999855 -0.000960 -0.016977 0.000000 0.000779 0.999943 -0.010665 10.002700 0.016987 0.010650 0.999799 -0.000000 0.000000 0.000000 0.000000 1.000000
0.999694 -0.002165 -0.024639 0.000000 0.001948 0.999959 -0.008839 10.002700 0.024657 0.008788 0.999657 0.000000 0.000000 0.000000 0.000000 1.000000
0.999491 -0.002660 -0.031795 -0.000000 0.002529 0.999988 -0.004165 10.002700 0.031805 0.004083 0.999486 0.000000 0.000000 0.000000 0.000000 1.000000
0.999416 -0.003831 -0.033949 -0.000000 0.003797 0.999992 -0.001062 10.002700 0.033953 0.000933 0.999423 0.000000 0.000000 0.000000 0.000000 1.000000
0.999468 -0.006846 -0.031890 -0.000000 0.006828 0.999976 -0.000692 10.002700 0.031894 0.000474 0.999491 0.000000 0.000000 0.000000 0.000000 1.000000
0.999587 -0.009348 -0.027186 0.000000 0.009287 0.999954 -0.002367 10.002700 0.027207 0.002114 0.999628 0.000000 0.000000 0.000000 0.000000 1.000000
0.999747 -0.009907 -0.020206 0.000000 0.009821 0.999942 -0.004346 10.002700 0.020247 0.004147 0.999786 0.000000 0.000000 0.000000 0.000000 1.000000
0.999882 -0.009253 -0.012256 0.000000 0.009186 0.999943 -0.005532 10.002700 0.012306 0.005418 0.999910 -0.000000 0.000000 0.000000 0.000000 1.000000
0.999955 -0.007603 -0.005674 0.000000 0.007564 0.999948 -0.006827 10.002700 0.005726 0.006784 0.999961 0.000000 0.000000 0.000000 0.000000 1.000000
0.999981 -0.006216 -0.000285 -0.000000 0.006213 0.999948 -0.008100 10.002700 0.000335 0.008098 0.999967 0.000000 0.000000 0.000000 0.000000 1.000000
0.999968 -0.005737 0.005586 -0.000000 0.005788 0.999941 -0.009232 10.002700 -0.005533 0.009264 0.999942 0.000000 0.000000 0.000000 0.000000 1.000000
0.999935 -0.004605 0.010407 0.000000 0.004711 0.999937 -0.010192 10.002700 -0.010359 0.010240 0.999894 0.000000 0.000000 0.000000 0.000000 1.000000</float_array>
        <technique_common>
          <accessor source="#mixamorig_Spine1-Matrix-animation-output-transform-array" count="37" stride="16">
            <param type="float4x4"/>
          </accessor>
        </technique_common>
      </source>
      <source id="mixamorig_Spine1-Interpolations">
        <Name_array id="mixamorig_Spine1-Interpolations-array" count="37">
 LINEAR LINEAR LINEAR LINEAR LINEAR LINEAR LINEAR LINEAR LINEAR LINEAR LINEAR
LINEAR LINEAR LINEAR LINEAR LINEAR LINEAR LINEAR LINEAR LINEAR LINEAR LINEAR LINEAR
LINEAR LINEAR LINEAR LINEAR LINEAR LINEAR LINEAR LINEAR LINEAR LINEAR LINEAR LINEAR
LINEAR LINEAR</Name_array>
        <technique_common>
          <accessor source="#mixamorig_Spine1-Interpolations-array" count="37">
            <param type="name"/>
          </accessor>
        </technique_common>
      </source>
      <sampler id="mixamorig_Spine1-Matrix-animation-transform">
        <input semantic="INPUT" source="#mixamorig_Spine1-Matrix-animation-input"/>
        <input semantic="OUTPUT" source="#mixamorig_Spine1-Matrix-animation-output-transform"/>
        <input semantic="INTERPOLATION" source="#mixamorig_Spine1-Interpolations"/>
      </sampler>
      <channel source="#mixamorig_Spine1-Matrix-animation-transform" target="mixamorig_Spine1/matrix"/>
    </animation>
    <animation id="mixamorig_Spine2-anim" name="mixamorig_Spine2">
      <source id="mixamorig_Spine2-Matrix-animation-input">
        <float_array id="mixamorig_Spine2-Matrix-animation-input-array" count="37">

0.000000 0.033333 0.066667 0.100000 0.133333 0.166667 0.200000 0.233333 0.266667 0.300000 0.333333 0.366667 0.400000 0.433333 0.466667 0.500000
0.533333 0.566667 0.600000 0.633333 0.666667 0.700000 0.733333 0.766667 0.800000 0.833333 0.866667 0.900000 0.933333 0.966667 1.000000 1.033333
1.066667 1.100000 1.133333 1.166667 1.200000</float_array>
        <technique_common>
          <accessor source="#mixamorig_Spine2-Matrix-animation-input-array" count="37">
            <param name="TIME" type="float"/>
          </accessor>
        </technique_common>
      </source>
      <source id="mixamorig_Spine2-Matrix-animation-output-transform">
        <float_array id="mixamorig_Spine2-Matrix-animation-output-transform-array" count="592">

0.999937 -0.004283 0.010419 0.000000 0.004656 0.999341 -0.035994 9.322100 -0.010258 0.036040 0.999298 0.000000 0.000000 0.000000 0.000000 1.000000
0.999837 -0.002287 0.017924 0.000000 0.002934 0.999341 -0.036173 9.322100 -0.017830 0.036219 0.999185 0.000000 0.000000 0.000000 0.000000 1.000000
0.999723 0.000088 0.023518 -0.000000 0.000757 0.999355 -0.035900 9.322100 -0.023506 0.035907 0.999079 0.000000 0.000000 0.000000 0.000000 1.000000
0.999613 0.001650 0.027761 0.000000 -0.000628 0.999323 -0.036785 9.322100 -0.027803 0.036754 0.998938 -0.000000 0.000000 0.000000 0.000000 1.000000
0.999536 0.000040 0.030450 0.000000 0.001327 0.998991 -0.044901 9.322100 -0.030421 0.044920 0.998527 0.000000 0.000000 0.000000 0.000000 1.000000
0.999474 -0.002074 0.032373 0.000000 0.003723 0.998694 -0.050960 9.322100 -0.032225 0.051054 0.998176 0.000000 0.000000 0.000000 0.000000 1.000000
0.999380 -0.002349 0.035134 0.000000 0.004050 0.998818 -0.048437 9.322100 -0.034978 0.048549 0.998208 0.000000 0.000000 0.000000 0.000000 1.000000
0.999270 -0.002402 0.038140 0.000000 0.004146 0.998946 -0.045720 9.322100 -0.037990 0.045845 0.998226 0.000000 0.000000 0.000000 0.000000 1.000000
0.999141 -0.001707 0.041402 -0.000000 0.003495 0.999062 -0.043163 9.322100 -0.041289 0.043271 0.998210 0.000000 0.000000 0.000000 0.000000 1.000000
0.998945 -0.000058 0.045916 0.000000 0.001825 0.999259 -0.038449 9.322100 -0.045880 0.038492 0.998205 0.000000 0.000000 0.000000 0.000000 1.000000
0.998844 0.001747 0.048028 0.000000 -0.000248 0.999513 -0.031192 9.322100 -0.048059 0.031144 0.998359 -0.000000 0.000000 0.000000 0.000000 1.000000
0.998999 0.003204 0.044617 0.000000 -0.001943 0.999598 -0.028269 9.322100 -0.044690 0.028154 0.998604 0.000000 0.000000 0.000000 0.000000 1.000000
0.999247 0.004117 0.038582 0.000000 -0.003007 0.999581 -0.028794 9.322100 -0.038684 0.028656 0.998841 0.000000 0.000000 0.000000 0.000000 1.000000
0.999484 0.002981 0.031981 -0.000000 -0.002018 0.999545 -0.030090 9.322100 -0.032056 0.030010 0.999035 0.000000 0.000000 0.000000 0.000000 1.000000
0.999728 0.000700 0.023304 0.000000 0.000029 0.999510 -0.031295 9.322100 -0.023314 0.031287 0.999238 -0.000000 0.000000 0.000000 0.000000 1.000000
0.999914 -0.001215 0.013061 -0.000000 0.001634 0.999481 -0.032158 9.322100 -0.013015 0.032177 0.999397 0.000000 0.000000 0.000000 0.000000 1.000000
0.999989 -0.002182 0.004116 0.000000 0.002315 0.999463 -0.032697 9.322100 -0.004042 0.032706 0.999457 0.000000 0.000000 0.000000 0.000000 1.000000
0.999994 -0.002460 -0.002477 -0.000000 0.002378 0.999456 -0.032909 9.322100 0.002557 0.032903 0.999455 0.000000 0.000000 0.000000 0.000000 1.000000
0.999975 -0.002349 -0.006679 0.000000 0.002130 0.999464 -0.032669 9.322100 0.006752 0.032654 0.999444 0.000000 0.000000 0.000000 0.000000 1.000000
0.999960 -0.001799 -0.008753 -0.000000 0.001511 0.999464 -0.032695 9.322100 0.008807 0.032681 0.999427 0.000000 0.000000 0.000000 0.000000 1.000000
0.999948 -0.000615 -0.010146 0.000000 0.000285 0.999473 -0.032469 9.322100 0.010161 0.032464 0.999421 0.000000 0.000000 0.000000 0.000000 1.000000
0.999941 0.000990 -0.010771 -0.000000 -0.001340 0.999471 -0.032486 9.322100 0.010734 0.032498 0.999414 -0.000000 0.000000 0.000000 0.000000 1.000000
0.999943 0.000963 -0.010672 0.000000 -0.001347 0.999351 -0.036006 9.322100 0.010630 0.036018 0.999295 0.000000 0.000000 0.000000 0.000000 1.000000
0.999934 0.000521 -0.011503 0.000000 -0.000942 0.999331 -0.036573 9.322100 0.011477 0.036582 0.999265 0.000000 0.000000 0.000000 0.000000 1.000000
0.999913 -0.000356 -0.013182 -0.000000 -0.000127 0.999329 -0.036636 9.322100 0.013186 0.036634 0.999242 0.000000 0.000000 0.000000 0.000000 1.000000
0.999856 -0.001338 -0.016941 -0.000000 0.000719 0.999333 -0.036503 9.322100 0.016979 0.036485 0.999190 0.000000 0.000000 0.000000 0.000000 1.000000
0.999693 -0.002809 -0.024610 0.000000 0.001955 0.999398 -0.034651 9.322100 0.024693 0.034592 0.999096 0.000000 0.000000 0.000000 0.000000 1.000000
0.999489 -0.003520 -0.031770 -0.000000 0.002569 0.999548 -0.029942 9.322100 0.031861 0.029845 0.999047 0.000000 0.000000 0.000000 0.000000 1.000000
0.999414 -0.004672 -0.033909 0.000000 0.003764 0.999634 -0.026805 9.322100 0.034021 0.026662 0.999065 0.000000 0.000000 0.000000 0.000000 1.000000
0.999465 -0.007622 -0.031820 -0.000000 0.006784 0.999629 -0.026366 9.322100 0.032009 0.026136 0.999146 0.000000 0.000000 0.000000 0.000000 1.000000
0.999582 -0.010035 -0.027100 0.000000 0.009275 0.999565 -0.028005 9.322100 0.027370 0.027742 0.999240 0.000000 0.000000 0.000000 0.000000 1.000000
0.999743 -0.010443 -0.020118 0.000000 0.009837 0.999501 -0.030011 9.322100 0.020421 0.029805 0.999347 0.000000 0.000000 0.000000 0.000000 1.000000
0.999880 -0.009587 -0.012170 0.000000 0.009203 0.999469 -0.031245 9.322100 0.012463 0.031129 0.999438 -0.000000 0.000000 0.000000 0.000000 1.000000
0.999954 -0.007761 -0.005608 0.000000 0.007574 0.999440 -0.032582 9.322100 0.005858 0.032538 0.999453 0.000000 0.000000 0.000000 0.000000 1.000000
0.999981 -0.006221 -0.000241 0.000000 0.006209 0.999407 -0.033879 9.322100 0.000452 0.033877 0.999426 0.000000 0.000000 0.000000 0.000000 1.000000
0.999969 -0.005567 0.005614 0.000000 0.005760 0.999370 -0.035027 9.322100 -0.005416 0.035058 0.999371 -0.000000 0.000000 0.000000 0.000000 1.000000
0.999937 -0.004283 0.010419 0.000000 0.004656 0.999341 -0.035994 9.322100 -0.010258 0.036040 0.999298 0.000000 0.000000 0.000000 0.000000 1.000000</float_array>
        <technique_common>
          <accessor source="#mixamorig_Spine2-Matrix-animation-output-transform-array" count="37" stride="16">
            <param type="float4x4"/>
          </accessor>
        </technique_common>
      </source>
      <source id="mixamorig_Spine2-Interpolations">
        <Name_array id="mixamorig_Spine2-Interpolations-array" count="37">
 LINEAR LINEAR LINEAR LINEAR LINEAR LINEAR LINEAR LINEAR LINEAR LINEAR LINEAR
LINEAR LINEAR LINEAR LINEAR LINEAR LINEAR LINEAR LINEAR LINEAR LINEAR LINEAR LINEAR
LINEAR LINEAR LINEAR LINEAR LINEAR LINEAR LINEAR LINEAR LINEAR LINEAR LINEAR LINEAR
LINEAR LINEAR</Name_array>
        <technique_common>
          <accessor source="#mixamorig_Spine2-Interpolations-array" count="37">
            <param type="name"/>
          </accessor>
        </technique_common>
      </source>
      <sampler id="mixamorig_Spine2-Matrix-animation-transform">
        <input semantic="INPUT" source="#mixamorig_Spine2-Matrix-animation-input"/>
        <input semantic="OUTPUT" source="#mixamorig_Spine2-Matrix-animation-output-transform"/>
        <input semantic="INTERPOLATION" source="#mixamorig_Spine2-Interpolations"/>
      </sampler>
      <channel source="#mixamorig_Spine2-Matrix-animation-transform" target="mixamorig_Spine2/matrix"/>
    </animation>
    <animation id="mixamorig_Neck-anim" name="mixamorig_Neck">
      <source id="mixamorig_Neck-Matrix-animation-input">
        <float_array id="mixamorig_Neck-Matrix-animation-input-array" count="37">

0.000000 0.033333 0.066667 0.100000 0.133333 0.166667 0.200000 0.233333 0.266667 0.300000 0.333333 0.366667 0.400000 0.433333 0.466667 0.500000
0.533333 0.566667 0.600000 0.633333 0.666667 0.700000 0.733333 0.766667 0.800000 0.833333 0.866667 0.900000 0.933333 0.966667 1.000000 1.033333
1.066667 1.100000 1.133333 1.166667 1.200000</float_array>
        <technique_common>
          <accessor source="#mixamorig_Neck-Matrix-animation-input-array" count="37">
            <param name="TIME" type="float"/>
          </accessor>
        </technique_common>
      </source>
      <source id="mixamorig_Neck-Matrix-animation-output-transform">
        <float_array id="mixamorig_Neck-Matrix-animation-output-transform-array" count="592">

0.999938 -0.010890 0.002123 -0.000000 0.010837 0.999663 0.023603 16.865299 -0.002379 -0.023578 0.999719 0.000000 0.000000 0.000000 0.000000 1.000000
0.999943 -0.010674 0.000357 0.000000 0.010662 0.999652 0.024121 16.865299 -0.000615 -0.024116 0.999709 0.000000 0.000000 0.000000 0.000000 1.000000
0.999945 -0.010365 -0.001258 0.000000 0.010393 0.999641 0.024704 16.865299 0.001001 -0.024715 0.999694 -0.000000 0.000000 0.000000 0.000000 1.000000
0.999949 -0.009598 -0.003014 0.000000 0.009672 0.999632 0.025343 16.865299 0.002769 -0.025371 0.999674 -0.000000 0.000000 0.000000 0.000000 1.000000
0.999951 -0.008884 -0.004419 0.000000 0.008997 0.999613 0.026321 16.865299 0.004183 -0.026360 0.999644 0.000000 0.000000 0.000000 0.000000 1.000000
0.999942 -0.009159 -0.005612 0.000000 0.009310 0.999580 0.027451 16.865299 0.005358 -0.027501 0.999607 -0.000000 0.000000 0.000000 0.000000 1.000000
0.999926 -0.010002 -0.006932 0.000000 0.010194 0.999551 0.028193 16.865299 0.006647 -0.028261 0.999578 0.000000 0.000000 0.000000 0.000000 1.000000
0.999914 -0.010697 -0.007610 -0.000000 0.010920 0.999491 0.029961 16.865299 0.007285 -0.030041 0.999522 0.000000 0.000000 0.000000 0.000000 1.000000
0.999902 -0.011586 -0.007868 0.000000 0.011835 0.999405 0.032399 16.865299 0.007488 -0.032489 0.999444 0.000000 0.000000 0.000000 0.000000 1.000000
0.999904 -0.011257 -0.008117 0.000000 0.011525 0.999363 0.033776 16.865299 0.007732 -0.033866 0.999396 0.000000 0.000000 0.000000 0.000000 1.000000
0.999921 -0.010209 -0.007356 0.000000 0.010464 0.999317 0.035437 16.865299 0.006989 -0.035511 0.999345 0.000000 0.000000 0.000000 0.000000 1.000000
0.999924 -0.010974 -0.005554 0.000000 0.011177 0.999219 0.037902 16.865299 0.005134 -0.037961 0.999266 0.000000 0.000000 0.000000 0.000000 1.000000
0.999921 -0.012116 -0.003462 0.000000 0.012241 0.999180 0.038599 16.865299 0.002992 -0.038639 0.999249 0.000000 0.000000 0.000000 0.000000 1.000000
0.999927 -0.012011 -0.000930 0.000000 0.012037 0.999275 0.036123 16.865299 0.000496 -0.036132 0.999347 0.000000 0.000000 0.000000 0.000000 1.000000
0.999932 -0.011482 0.002163 0.000000 0.011405 0.999398 0.032767 16.865299 -0.002538 -0.032740 0.999461 0.000000 0.000000 0.000000 0.000000 1.000000
0.999918 -0.011661 0.005222 0.000000 0.011498 0.999477 0.030226 16.865299 -0.005572 -0.030164 0.999529 0.000000 0.000000 0.000000 0.000000 1.000000
0.999897 -0.012171 0.007662 -0.000000 0.011945 0.999515 0.028775 16.865299 -0.008009 -0.028680 0.999557 0.000000 0.000000 0.000000 0.000000 1.000000
0.999874 -0.012920 0.009212 0.000000 0.012652 0.999510 0.028627 16.865299 -0.009578 -0.028507 0.999548 0.000000 0.000000 0.000000 0.000000 1.000000
0.999860 -0.013341 0.010121 -0.000000 0.013041 0.999491 0.029131 16.865299 -0.010505 -0.028994 0.999524 0.000000 0.000000 0.000000 0.000000 1.000000
0.999859 -0.012841 0.010819 0.000000 0.012510 0.999469 0.030071 16.865299 -0.011199 -0.029931 0.999489 0.000000 0.000000 0.000000 0.000000 1.000000
0.999863 -0.011817 0.011550 0.000000 0.011447 0.999435 0.031595 16.865299 -0.011917 -0.031459 0.999434 0.000000 0.000000 0.000000 0.000000 1.000000
0.999868 -0.011083 0.011917 -0.000000 0.010677 0.999377 0.033641 16.865299 -0.012283 -0.033509 0.999363 0.000000 0.000000 0.000000 0.000000 1.000000
0.999870 -0.010541 0.012230 -0.000000 0.010105 0.999331 0.035150 16.865299 -0.012593 -0.035021 0.999307 0.000000 0.000000 0.000000 0.000000 1.000000
0.999860 -0.010665 0.012866 -0.000000 0.010203 0.999321 0.035415 16.865299 -0.013235 -0.035279 0.999290 0.000000 0.000000 0.000000 0.000000 1.000000
0.999835 -0.012147 0.013531 0.000000 0.011653 0.999283 0.036026 16.865299 -0.013959 -0.035862 0.999259 0.000000 0.000000 0.000000 0.000000 1.000000
0.999791 -0.014104 0.014770 -0.000000 0.013562 0.999254 0.036146 16.865299 -0.015268 -0.035938 0.999237 0.000000 0.000000 0.000000 0.000000 1.000000
0.999739 -0.015355 0.016927 0.000000 0.014768 0.999303 0.034284 16.865299 -0.017442 -0.034025 0.999269 0.000000 0.000000 0.000000 0.000000 1.000000
0.999705 -0.016405 0.017898 0.000000 0.015823 0.999358 0.032148 16.865299 -0.018414 -0.031855 0.999323 0.000000 0.000000 0.000000 0.000000 1.000000
0.999704 -0.017362 0.017051 0.000000 0.016809 0.999345 0.032040 16.865299 -0.017596 -0.031744 0.999341 -0.000000 0.000000 0.000000 0.000000 1.000000
0.999719 -0.017338 0.016137 0.000000 0.016798 0.999315 0.032987 16.865299 -0.016698 -0.032706 0.999326 0.000000 0.000000 0.000000 0.000000 1.000000
0.999743 -0.016927 0.015096 -0.000000 0.016423 0.999322 0.032938 16.865299 -0.015644 -0.032681 0.999343 0.000000 0.000000 0.000000 0.000000 1.000000
0.999779 -0.016255 0.013344 0.000000 0.015824 0.999370 0.031756 16.865299 -0.013852 -0.031538 0.999407 0.000000 0.000000 0.000000 0.000000 1.000000
0.999819 -0.015448 0.011075 -0.000000 0.015109 0.999434 0.030057 16.865299 -0.011533 -0.029884 0.999487 0.000000 0.000000 0.000000 0.000000 1.000000
0.999851 -0.014853 0.008765 0.000000 0.014595 0.999480 0.028764 16.865299 -0.009188 -0.028632 0.999548 0.000000 0.000000 0.000000 0.000000 1.000000
0.999885 -0.013620 0.006669 0.000000 0.013435 0.999546 0.026953 16.865299 -0.007033 -0.026861 0.999614 0.000000 0.000000 0.000000 0.000000 1.000000
0.999923 -0.011523 0.004577 0.000000 0.011406 0.999630 0.024704 16.865299 -0.004860 -0.024650 0.999684 0.000000 0.000000 0.000000 0.000000 1.000000
0.999938 -0.010958 0.002114 0.000000 0.010905 0.999662 0.023602 16.865299 -0.002372 -0.023578 0.999719 0.000000 0.000000 0.000000 0.000000 1.000000</float_array>
        <technique_common>
          <accessor source="#mixamorig_Neck-Matrix-animation-output-transform-array" count="37" stride="16">
            <param type="float4x4"/>
          </accessor>
        </technique_common>
      </source>
      <source id="mixamorig_Neck-Interpolations">
        <Name_array id="mixamorig_Neck-Interpolations-array" count="37">
 LINEAR LINEAR LINEAR LINEAR LINEAR LINEAR LINEAR LINEAR LINEAR LINEAR LINEAR
LINEAR LINEAR LINEAR LINEAR LINEAR LINEAR LINEAR LINEAR LINEAR LINEAR LINEAR LINEAR
LINEAR LINEAR LINEAR LINEAR LINEAR LINEAR LINEAR LINEAR LINEAR LINEAR LINEAR LINEAR
LINEAR LINEAR</Name_array>
        <technique_common>
          <accessor source="#mixamorig_Neck-Interpolations-array" count="37">
            <param type="name"/>
          </accessor>
        </technique_common>
      </source>
      <sampler id="mixamorig_Neck-Matrix-animation-transform">
        <input semantic="INPUT" source="#mixamorig_Neck-Matrix-animation-input"/>
        <input semantic="OUTPUT" source="#mixamorig_Neck-Matrix-animation-output-transform"/>
        <input semantic="INTERPOLATION" source="#mixamorig_Neck-Interpolations"/>
      </sampler>
      <channel source="#mixamorig_Neck-Matrix-animation-transform" target="mixamorig_Neck/matrix"/>
    </animation>
    <animation id="mixamorig_Head-anim" name="mixamorig_Head">
      <source id="mixamorig_Head-Matrix-animation-input">
        <float_array id="mixamorig_Head-Matrix-animation-input-array" count="37">

0.000000 0.033333 0.066667 0.100000 0.133333 0.166667 0.200000 0.233333 0.266667 0.300000 0.333333 0.366667 0.400000 0.433333 0.466667 0.500000
0.533333 0.566667 0.600000 0.633333 0.666667 0.700000 0.733333 0.766667 0.800000 0.833333 0.866667 0.900000 0.933333 0.966667 1.000000 1.033333
1.066667 1.100000 1.133333 1.166667 1.200000</float_array>
        <technique_common>
          <accessor source="#mixamorig_Head-Matrix-animation-input-array" count="37">
            <param name="TIME" type="float"/>
          </accessor>
        </technique_common>
      </source>
      <source id="mixamorig_Head-Matrix-animation-output-transform">
        <float_array id="mixamorig_Head-Matrix-animation-output-transform-array" count="592">

0.992724 0.063861 0.102086 -0.000000 -0.067285 0.997269 0.030452 9.341900 -0.099862 -0.037099 0.994309 2.841000 0.000000 0.000000 0.000000 1.000000
0.993673 0.062375 0.093399 0.000000 -0.066020 0.997152 0.036460 9.341900 -0.090859 -0.042395 0.994961 2.841000 0.000000 0.000000 0.000000 1.000000
0.994816 0.059175 0.082705 0.000000 -0.062894 0.997089 0.043111 9.341900 -0.079913 -0.048089 0.995641 2.841000 0.000000 0.000000 0.000000 1.000000
0.996255 0.056454 0.065483 0.000000 -0.060142 0.996630 0.055789 9.341900 -0.062112 -0.059518 0.996293 2.841000 0.000000 0.000000 0.000000 1.000000
0.997086 0.056758 0.050968 0.000000 -0.060060 0.996025 0.065782 9.341900 -0.047032 -0.068651 0.996531 2.841000 0.000000 0.000000 0.000000 1.000000
0.997458 0.056990 0.042773 -0.000000 -0.059735 0.996037 0.065897 9.341900 -0.038848 -0.068284 0.996909 2.841000 0.000000 0.000000 0.000000 1.000000
0.997677 0.056540 0.037989 0.000000 -0.058857 0.996281 0.062934 9.341900 -0.034289 -0.065024 0.997294 2.841000 0.000000 0.000000 0.000000 1.000000
0.997535 0.057911 0.039625 -0.000000 -0.060509 0.995858 0.067858 9.341900 -0.035532 -0.070088 0.996908 2.841000 0.000000 0.000000 0.000000 1.000000
0.997553 0.055597 0.042381 0.000000 -0.058719 0.995349 0.076366 9.341900 -0.037938 -0.078668 0.996179 2.841000 0.000000 0.000000 0.000000 1.000000
0.997904 0.050401 0.040587 0.000000 -0.053205 0.996038 0.071255 9.341900 -0.036835 -0.073265 0.996632 2.841000 0.000000 0.000000 0.000000 1.000000
0.997604 0.050312 0.047493 0.000000 -0.052862 0.997137 0.054067 9.341900 -0.044637 -0.056448 0.997407 2.841000 0.000000 0.000000 0.000000 1.000000
0.996336 0.053122 0.067021 -0.000000 -0.056380 0.997270 0.047688 9.341900 -0.064305 -0.051292 0.996611 2.841000 0.000000 0.000000 0.000000 1.000000
0.994713 0.056020 0.086067 0.000000 -0.060701 0.996760 0.052764 9.341900 -0.082832 -0.057709 0.994891 2.841000 0.000000 0.000000 0.000000 1.000000
0.993122 0.057760 0.101846 0.000000 -0.063124 0.996740 0.050255 9.341900 -0.098612 -0.056338 0.993530 2.841000 0.000000 0.000000 0.000000 1.000000
0.991350 0.055750 0.118812 0.000000 -0.060681 0.997422 0.038296 9.341900 -0.116371 -0.045174 0.992178 2.841000 0.000000 0.000000 0.000000 1.000000
0.989364 0.051689 0.135966 0.000000 -0.055633 0.998129 0.025369 9.341900 -0.134400 -0.032663 0.990389 2.841000 0.000000 0.000000 0.000000 1.000000
0.987694 0.047353 0.149059 -0.000000 -0.050490 0.998574 0.017331 9.341900 -0.148026 -0.024644 0.988676 2.841000 0.000000 0.000000 0.000000 1.000000
0.986499 0.042897 0.158047 0.000000 -0.046207 0.998782 0.017326 9.341900 -0.157111 -0.024395 0.987280 2.841000 0.000000 0.000000 0.000000 1.000000
0.986001 0.038805 0.162160 0.000000 -0.043320 0.998763 0.024401 9.341900 -0.161013 -0.031084 0.986463 2.841000 0.000000 0.000000 0.000000 1.000000
0.986330 0.033269 0.161388 0.000000 -0.039580 0.998566 0.036046 9.341900 -0.159957 -0.041941 0.986233 2.841000 0.000000 0.000000 0.000000 1.000000
0.986721 0.028775 0.159858 0.000000 -0.036746 0.998213 0.047131 9.341900 -0.158216 -0.052379 0.986014 2.841000 0.000000 0.000000 0.000000 1.000000
0.986853 0.029001 0.158996 0.000000 -0.038216 0.997743 0.055207 9.341900 -0.157037 -0.060557 0.985734 2.841000 0.000000 0.000000 0.000000 1.000000
0.986448 0.032143 0.160893 -0.000000 -0.042732 0.997111 0.062793 9.341900 -0.158410 -0.068817 0.984972 2.841000 0.000000 0.000000 0.000000 1.000000
0.985343 0.033834 0.167194 0.000000 -0.046053 0.996500 0.069756 9.341900 -0.164249 -0.076434 0.983453 2.841000 0.000000 0.000000 0.000000 1.000000
0.983935 0.030329 0.175930 0.000000 -0.044326 0.996108 0.076181 9.341900 -0.172935 -0.082755 0.981450 2.841000 0.000000 0.000000 0.000000 1.000000
0.981766 0.023412 0.188645 -0.000000 -0.039550 0.995827 0.082243 9.341900 -0.185932 -0.088204 0.978596 2.841000 0.000000 0.000000 0.000000 1.000000
0.978900 0.019648 0.203394 -0.000000 -0.036052 0.996359 0.077263 9.341900 -0.201135 -0.082966 0.976044 2.841000 0.000000 0.000000 0.000000 1.000000
0.978138 0.020193 0.206973 0.000000 -0.032119 0.998001 0.054424 9.341900 -0.205461 -0.059882 0.976832 2.841000 0.000000 0.000000 0.000000 1.000000
0.979292 0.024396 0.200979 -0.000000 -0.031789 0.998928 0.033639 9.341900 -0.199943 -0.039331 0.979018 2.841000 0.000000 0.000000 0.000000 1.000000
0.979770 0.030809 0.197742 0.000000 -0.037548 0.998832 0.030417 9.341900 -0.196574 -0.037227 0.979782 2.841000 0.000000 0.000000 0.000000 1.000000
0.979909 0.035882 0.196193 0.000000 -0.043610 0.998428 0.035209 9.341900 -0.194621 -0.043058 0.979933 2.841000 0.000000 0.000000 0.000000 1.000000
0.980957 0.041202 0.189804 0.000000 -0.048882 0.998157 0.035961 9.341900 -0.187972 -0.044554 0.981163 2.841000 0.000000 0.000000 0.000000 1.000000
0.983294 0.045034 0.176363 -0.000000 -0.051585 0.998132 0.032734 9.341900 -0.174560 -0.041285 0.983781 2.841000 0.000000 0.000000 0.000000 1.000000
0.985740 0.048778 0.161054 0.000000 -0.054112 0.998117 0.028902 9.341900 -0.159341 -0.037204 0.986522 2.841000 0.000000 0.000000 0.000000 1.000000
0.988087 0.054891 0.143777 0.000000 -0.059395 0.997864 0.027215 9.341900 -0.141976 -0.035430 0.989236 2.841000 0.000000 0.000000 0.000000 1.000000
0.990593 0.061027 0.122481 0.000000 -0.064990 0.997475 0.028622 9.341900 -0.120425 -0.036313 0.992058 2.841000 0.000000 0.000000 0.000000 1.000000
0.992724 0.063861 0.102085 0.000000 -0.067285 0.997269 0.030452 9.341900 -0.099862 -0.037099 0.994309 2.841000 0.000000 0.000000 0.000000 1.000000</float_array>
        <technique_common>
          <accessor source="#mixamorig_Head-Matrix-animation-output-transform-array" count="37" stride="16">
            <param type="float4x4"/>
          </accessor>
        </technique_common>
      </source>
      <source id="mixamorig_Head-Interpolations">
        <Name_array id="mixamorig_Head-Interpolations-array" count="37">
 LINEAR LINEAR LINEAR LINEAR LINEAR LINEAR LINEAR LINEAR LINEAR LINEAR LINEAR
LINEAR LINEAR LINEAR LINEAR LINEAR LINEAR LINEAR LINEAR LINEAR LINEAR LINEAR LINEAR
LINEAR LINEAR LINEAR LINEAR LINEAR LINEAR LINEAR LINEAR LINEAR LINEAR LINEAR LINEAR
LINEAR LINEAR</Name_array>
        <technique_common>
          <accessor source="#mixamorig_Head-Interpolations-array" count="37">
            <param type="name"/>
          </accessor>
        </technique_common>
      </source>
      <sampler id="mixamorig_Head-Matrix-animation-transform">
        <input semantic="INPUT" source="#mixamorig_Head-Matrix-animation-input"/>
        <input semantic="OUTPUT" source="#mixamorig_Head-Matrix-animation-output-transform"/>
        <input semantic="INTERPOLATION" source="#mixamorig_Head-Interpolations"/>
      </sampler>
      <channel source="#mixamorig_Head-Matrix-animation-transform" target="mixamorig_Head/matrix"/>
    </animation>
    <animation id="mixamorig_RightShoulder-anim" name="mixamorig_RightShoulder">
      <source id="mixamorig_RightShoulder-Matrix-animation-input">
        <float_array id="mixamorig_RightShoulder-Matrix-animation-input-array" count="37">

0.000000 0.033333 0.066667 0.100000 0.133333 0.166667 0.200000 0.233333 0.266667 0.300000 0.333333 0.366667 0.400000 0.433333 0.466667 0.500000
0.533333 0.566667 0.600000 0.633333 0.666667 0.700000 0.733333 0.766667 0.800000 0.833333 0.866667 0.900000 0.933333 0.966667 1.000000 1.033333
1.066667 1.100000 1.133333 1.166667 1.200000</float_array>
        <technique_common>
          <accessor source="#mixamorig_RightShoulder-Matrix-animation-input-array" count="37">
            <param name="TIME" type="float"/>
          </accessor>
        </technique_common>
      </source>
      <source id="mixamorig_RightShoulder-Matrix-animation-output-transform">
        <float_array id="mixamorig_RightShoulder-Matrix-animation-output-transform-array" count="592">

-0.177112 -0.922038 0.344206 -4.570000 -0.202352 -0.308148 -0.929569 11.195800 0.963164 -0.234288 -0.132000 -0.806600 0.000000 0.000000 0.000000 1.000000
-0.164793 -0.925089 0.342131 -4.570000 -0.201394 -0.308006 -0.929824 11.195800 0.965548 -0.222132 -0.135550 -0.806600 0.000000 0.000000 0.000000 1.000000
-0.156457 -0.925794 0.344133 -4.570000 -0.201497 -0.311177 -0.928745 11.195800 0.966913 -0.214650 -0.137859 -0.806600 0.000000 0.000000 0.000000 1.000000
-0.155501 -0.924783 0.347269 -4.570000 -0.202143 -0.314317 -0.927547 11.195800 0.966932 -0.214432 -0.138061 -0.806600 0.000000 0.000000 0.000000 1.000000
-0.158468 -0.923417 0.349555 -4.570000 -0.202774 -0.316045 -0.926821 11.195800 0.966318 -0.217753 -0.137162 -0.806600 0.000000 0.000000 0.000000 1.000000
-0.159829 -0.922132 0.352316 -4.570000 -0.203447 -0.318472 -0.925843 11.195800 0.965952 -0.219654 -0.136704 -0.806600 0.000000 0.000000 0.000000 1.000000
-0.159199 -0.920320 0.357306 -4.570000 -0.204525 -0.323325 -0.923921 11.195800 0.965829 -0.220166 -0.136756 -0.806600 0.000000 0.000000 0.000000 1.000000
-0.157364 -0.919498 0.360223 -4.570000 -0.205084 -0.326387 -0.922720 11.195800 0.966011 -0.219079 -0.137213 -0.806600 0.000000 0.000000 0.000000 1.000000
-0.158895 -0.919161 0.360410 -4.570000 -0.205205 -0.326329 -0.922714 11.195800 0.965735 -0.220572 -0.136764 -0.806600 0.000000 0.000000 0.000000 1.000000
-0.167827 -0.917428 0.360776 -4.570000 -0.205738 -0.325313 -0.922954 11.195800 0.964109 -0.229122 -0.134153 -0.806600 0.000000 0.000000 0.000000 1.000000
-0.179198 -0.915399 0.360462 -4.570000 -0.206232 -0.323300 -0.923550 11.195800 0.961955 -0.239837 -0.130849 -0.806600 0.000000 0.000000 0.000000 1.000000
-0.183425 -0.914161 0.361476 -4.570000 -0.206684 -0.323632 -0.923333 11.195800 0.961060 -0.244074 -0.129580 -0.806600 0.000000 0.000000 0.000000 1.000000
-0.186287 -0.912458 0.364304 -4.570000 -0.207506 -0.325891 -0.922354 11.195800 0.960332 -0.247418 -0.128631 -0.806600 0.000000 0.000000 0.000000 1.000000
-0.193965 -0.909716 0.367143 -4.570000 -0.208593 -0.327447 -0.921557 11.195800 0.958575 -0.255333 -0.126247 -0.806600 0.000000 0.000000 0.000000 1.000000
-0.203123 -0.907210 0.368389 -4.570000 -0.209386 -0.327284 -0.921435 11.195800 0.956503 -0.264300 -0.123479 -0.806600 0.000000 0.000000 0.000000 1.000000
-0.213438 -0.904746 0.368617 -4.570000 -0.209993 -0.326005 -0.921750 11.195800 0.954121 -0.274144 -0.120408 -0.806600 0.000000 0.000000 0.000000 1.000000
-0.223786 -0.902528 0.367918 -4.570000 -0.210359 -0.323867 -0.922420 11.195800 0.951666 -0.283820 -0.117378 -0.806600 0.000000 0.000000 0.000000 1.000000
-0.230102 -0.901464 0.366628 -4.570000 -0.210358 -0.321757 -0.923159 11.195800 0.950159 -0.289544 -0.115593 -0.806600 0.000000 0.000000 0.000000 1.000000
-0.233411 -0.901992 0.363222 -4.570000 -0.209638 -0.318076 -0.924597 11.195800 0.949511 -0.291956 -0.114849 -0.806600 0.000000 0.000000 0.000000 1.000000
-0.236542 -0.903501 0.357398 -4.570000 -0.208253 -0.312143 -0.926929 11.195800 0.949041 -0.293687 -0.114322 -0.806600 0.000000 0.000000 0.000000 1.000000
-0.239293 -0.904826 0.352176 -4.570000 -0.206995 -0.306835 -0.928981 11.195800 0.948626 -0.295197 -0.113872 -0.806600 0.000000 0.000000 0.000000 1.000000
-0.243201 -0.904279 0.350902 -4.570000 -0.206832 -0.305097 -0.929589 11.195800 0.947668 -0.298655 -0.112834 -0.806600 0.000000 0.000000 0.000000 1.000000
-0.244947 -0.903941 0.350560 -4.570000 -0.206826 -0.304534 -0.929775 11.195800 0.947219 -0.300250 -0.112364 -0.806600 0.000000 0.000000 0.000000 1.000000
-0.242192 -0.905145 0.349364 -4.570000 -0.206402 -0.303775 -0.930118 11.195800 0.948020 -0.297377 -0.113252 -0.806600 0.000000 0.000000 0.000000 1.000000
-0.240673 -0.905335 0.349920 -4.570000 -0.206507 -0.304501 -0.929857 11.195800 0.948384 -0.296052 -0.113673 -0.806600 0.000000 0.000000 0.000000 1.000000
-0.240720 -0.904308 0.352536 -4.570000 -0.207219 -0.306959 -0.928890 11.195800 0.948216 -0.296654 -0.113499 -0.806600 0.000000 0.000000 0.000000 1.000000
-0.243649 -0.902695 0.354650 -4.570000 -0.207933 -0.308548 -0.928204 11.195800 0.947311 -0.299900 -0.112523 -0.806600 0.000000 0.000000 0.000000 1.000000
-0.253480 -0.897471 0.360964 -4.570000 -0.210137 -0.313153 -0.926163 11.195800 0.944241 -0.310615 -0.109213 -0.806600 0.000000 0.000000 0.000000 1.000000
-0.262698 -0.891422 0.369264 -4.570000 -0.212946 -0.319706 -0.923278 11.195800 0.941087 -0.321176 -0.105839 -0.806600 0.000000 0.000000 0.000000 1.000000
-0.258079 -0.892066 0.370963 -4.570000 -0.213200 -0.321919 -0.922450 11.195800 0.942306 -0.317155 -0.107108 -0.806600 0.000000 0.000000 0.000000 1.000000
-0.241238 -0.897070 0.370230 -4.570000 -0.212111 -0.323534 -0.922136 11.195800 0.947002 -0.300984 -0.112230 -0.806600 0.000000 0.000000 0.000000 1.000000
-0.224269 -0.902065 0.368758 -4.570000 -0.210814 -0.324530 -0.922083 11.195800 0.951452 -0.284535 -0.117386 -0.806600 0.000000 0.000000 0.000000 1.000000
-0.212199 -0.906253 0.365620 -4.570000 -0.209357 -0.323295 -0.922849 11.195800 0.954537 -0.272372 -0.121127 -0.806600 0.000000 0.000000 0.000000 1.000000
-0.203168 -0.908959 0.364027 -4.570000 -0.208476 -0.323099 -0.923117 11.195800 0.956692 -0.263439 -0.123853 -0.806600 0.000000 0.000000 0.000000 1.000000
-0.194743 -0.913313 0.357679 -4.570000 -0.206455 -0.318323 -0.925228 11.195800 0.958880 -0.254026 -0.126567 -0.806600 0.000000 0.000000 0.000000 1.000000
-0.186383 -0.919301 0.346622 -4.570000 -0.203347 -0.309069 -0.929046 11.195800 0.961203 -0.243642 -0.129332 -0.806600 0.000000 0.000000 0.000000 1.000000
-0.177112 -0.922038 0.344205 -4.570000 -0.202352 -0.308147 -0.929569 11.195800 0.963164 -0.234289 -0.132000 -0.806600 0.000000 0.000000 0.000000 1.000000</float_array>
        <technique_common>
          <accessor source="#mixamorig_RightShoulder-Matrix-animation-output-transform-array" count="37" stride="16">
            <param type="float4x4"/>
          </accessor>
        </technique_common>
      </source>
      <source id="mixamorig_RightShoulder-Interpolations">
        <Name_array id="mixamorig_RightShoulder-Interpolations-array" count="37">
 LINEAR LINEAR LINEAR LINEAR LINEAR LINEAR LINEAR LINEAR LINEAR LINEAR LINEAR
LINEAR LINEAR LINEAR LINEAR LINEAR LINEAR LINEAR LINEAR LINEAR LINEAR LINEAR LINEAR
LINEAR LINEAR LINEAR LINEAR LINEAR LINEAR LINEAR LINEAR LINEAR LINEAR LINEAR LINEAR
LINEAR LINEAR</Name_array>
        <technique_common>
          <accessor source="#mixamorig_RightShoulder-Interpolations-array" count="37">
            <param type="name"/>
          </accessor>
        </technique_common>
      </source>
      <sampler id="mixamorig_RightShoulder-Matrix-animation-transform">
        <input semantic="INPUT" source="#mixamorig_RightShoulder-Matrix-animation-input"/>
        <input semantic="OUTPUT" source="#mixamorig_RightShoulder-Matrix-animation-output-transform"/>
        <input semantic="INTERPOLATION" source="#mixamorig_RightShoulder-Interpolations"/>
      </sampler>
      <channel source="#mixamorig_RightShoulder-Matrix-animation-transform" target="mixamorig_RightShoulder/matrix"/>
    </animation>
    <animation id="mixamorig_RightArm-anim" name="mixamorig_RightArm">
      <source id="mixamorig_RightArm-Matrix-animation-input">
        <float_array id="mixamorig_RightArm-Matrix-animation-input-array" count="37">

0.000000 0.033333 0.066667 0.100000 0.133333 0.166667 0.200000 0.233333 0.266667 0.300000 0.333333 0.366667 0.400000 0.433333 0.466667 0.500000
0.533333 0.566667 0.600000 0.633333 0.666667 0.700000 0.733333 0.766667 0.800000 0.833333 0.866667 0.900000 0.933333 0.966667 1.000000 1.033333
1.066667 1.100000 1.133333 1.166667 1.200000</float_array>
        <technique_common>
          <accessor source="#mixamorig_RightArm-Matrix-animation-input-array" count="37">
            <param name="TIME" type="float"/>
          </accessor>
        </technique_common>
      </source>
      <source id="mixamorig_RightArm-Matrix-animation-output-transform">
        <float_array id="mixamorig_RightArm-Matrix-animation-output-transform-array" count="592">

0.931015 0.220032 -0.291198 0.000000 -0.364953 0.551464 -0.750131 10.838200 -0.004467 0.804657 0.593723 -0.000000 0.000000 0.000000 0.000000 1.000000
0.912916 0.269639 -0.306397 0.000000 -0.407299 0.553461 -0.726491 10.838200 -0.026312 0.788020 0.615087 0.000000 0.000000 0.000000 0.000000 1.000000
0.893081 0.316522 -0.319719 0.000000 -0.448104 0.562455 -0.694872 10.838200 -0.040115 0.763844 0.644153 0.000000 0.000000 0.000000 0.000000 1.000000
0.873325 0.368530 -0.318574 0.000000 -0.483057 0.570679 -0.664065 10.838200 -0.062925 0.733833 0.676409 -0.000000 0.000000 0.000000 0.000000 1.000000
0.856360 0.417633 -0.303693 0.000000 -0.507910 0.575164 -0.641260 10.838200 -0.093138 0.703398 0.704667 0.000000 0.000000 0.000000 0.000000 1.000000
0.846567 0.452789 -0.279833 0.000000 -0.517812 0.578810 -0.629960 10.838200 -0.123269 0.678205 0.724461 0.000000 0.000000 0.000000 0.000000 1.000000
0.845076 0.472113 -0.250911 0.000000 -0.512888 0.583341 -0.629809 10.838200 -0.150974 0.660926 0.735108 -0.000000 0.000000 0.000000 0.000000 1.000000
0.849622 0.476949 -0.225081 0.000000 -0.498453 0.586771 -0.638157 10.838200 -0.172298 0.654385 0.736270 0.000000 0.000000 0.000000 0.000000 1.000000
0.858293 0.467713 -0.211136 -0.000000 -0.481086 0.590204 -0.648240 10.838200 -0.178577 0.657954 0.731578 -0.000000 0.000000 0.000000 0.000000 1.000000
0.870869 0.442294 -0.214392 0.000000 -0.463519 0.593913 -0.657585 10.838200 -0.163515 0.672045 0.722232 0.000000 0.000000 0.000000 0.000000 1.000000
0.885352 0.404554 -0.229103 -0.000000 -0.444347 0.591327 -0.672970 10.838200 -0.136778 0.697616 0.703295 0.000000 0.000000 0.000000 0.000000 1.000000
0.900602 0.363845 -0.237764 0.000000 -0.419138 0.582197 -0.696685 10.838200 -0.115060 0.727092 0.676829 0.000000 0.000000 0.000000 0.000000 1.000000
0.916053 0.321581 -0.239649 0.000000 -0.390028 0.575158 -0.719077 10.838200 -0.093405 0.752183 0.652301 -0.000000 0.000000 0.000000 0.000000 1.000000
0.931557 0.274190 -0.238792 0.000000 -0.357548 0.571526 -0.738592 10.838200 -0.066038 0.773420 0.630445 0.000000 0.000000 0.000000 0.000000 1.000000
0.947759 0.223369 -0.227725 0.000000 -0.316039 0.560701 -0.765332 10.838200 -0.043266 0.797321 0.602003 0.000000 0.000000 0.000000 0.000000 1.000000
0.962836 0.167112 -0.212182 0.000000 -0.269574 0.546144 -0.793131 10.838200 -0.016660 0.820853 0.570896 0.000000 0.000000 0.000000 0.000000 1.000000
0.973914 0.102744 -0.202323 0.000000 -0.225600 0.534308 -0.814629 10.838200 0.024404 0.839023 0.543549 0.000000 0.000000 0.000000 0.000000 1.000000
0.981158 0.035587 -0.189903 0.000000 -0.180337 0.521428 -0.834021 10.838200 0.069340 0.852553 0.518020 0.000000 0.000000 0.000000 0.000000 1.000000
0.984870 -0.030356 -0.170615 -0.000000 -0.131942 0.506931 -0.851828 10.838200 0.112349 0.861452 0.495256 0.000000 0.000000 0.000000 0.000000 1.000000
0.984111 -0.090245 -0.152912 0.000000 -0.089356 0.492482 -0.865723 10.838200 0.153434 0.865631 0.476593 0.000000 0.000000 0.000000 0.000000 1.000000
0.980423 -0.139589 -0.138873 0.000000 -0.055711 0.479815 -0.875599 10.838200 0.188858 0.866194 0.462645 0.000000 0.000000 0.000000 0.000000 1.000000
0.976031 -0.177245 -0.126281 0.000000 -0.028103 0.472752 -0.880747 10.838200 0.215807 0.863186 0.456440 0.000000 0.000000 0.000000 0.000000 1.000000
0.971231 -0.206887 -0.117936 0.000000 -0.006440 0.472237 -0.881448 10.838200 0.238054 0.856849 0.457318 0.000000 0.000000 0.000000 0.000000 1.000000
0.966284 -0.231915 -0.111850 0.000000 0.012587 0.476432 -0.879121 10.838200 0.257170 0.848073 0.463288 -0.000000 0.000000 0.000000 0.000000 1.000000
0.963126 -0.245388 -0.110334 0.000000 0.023813 0.486221 -0.873511 10.838200 0.267996 0.838674 0.474135 0.000000 0.000000 0.000000 0.000000 1.000000
0.962462 -0.244234 -0.118392 -0.000000 0.020610 0.500705 -0.865372 10.838200 0.270633 0.830448 0.486944 0.000000 0.000000 0.000000 0.000000 1.000000
0.962154 -0.240667 -0.127820 0.000000 0.015539 0.516748 -0.855996 10.838200 0.272061 0.821615 0.500931 0.000000 0.000000 0.000000 0.000000 1.000000
0.962171 -0.239117 -0.130573 0.000000 0.017915 0.533757 -0.845448 10.838200 0.271855 0.811127 0.517849 0.000000 0.000000 0.000000 0.000000 1.000000
0.966172 -0.223725 -0.128291 0.000000 0.015352 0.546460 -0.837345 10.838200 0.257440 0.807050 0.531409 -0.000000 0.000000 0.000000 0.000000 1.000000
0.973236 -0.189415 -0.130131 0.000000 -0.004518 0.550377 -0.834904 10.838200 0.229764 0.813147 0.534791 0.000000 0.000000 0.000000 0.000000 1.000000
0.978940 -0.142081 -0.146589 0.000000 -0.044706 0.551428 -0.833024 10.838200 0.199191 0.822034 0.533463 0.000000 0.000000 0.000000 0.000000 1.000000
0.980797 -0.080282 -0.177744 -0.000000 -0.104546 0.552943 -0.826634 10.838200 0.164646 0.829342 0.533932 0.000000 0.000000 0.000000 0.000000 1.000000
0.977592 -0.007466 -0.210375 0.000000 -0.171473 0.551457 -0.816390 10.838200 0.122108 0.834170 0.537820 -0.000000 0.000000 0.000000 0.000000 1.000000
0.968587 0.063249 -0.240496 -0.000000 -0.235020 0.548889 -0.802176 10.838200 0.081269 0.833499 0.546512 0.000000 0.000000 0.000000 0.000000 1.000000
0.954949 0.121416 -0.270798 0.000000 -0.292108 0.545677 -0.785436 10.838200 0.052404 0.829153 0.556560 -0.000000 0.000000 0.000000 0.000000 1.000000
0.941211 0.170889 -0.291410 0.000000 -0.336719 0.544182 -0.768431 10.838200 0.027263 0.821379 0.569731 0.000000 0.000000 0.000000 0.000000 1.000000
0.931015 0.220032 -0.291198 0.000000 -0.364953 0.551464 -0.750131 10.838200 -0.004467 0.804657 0.593723 0.000000 0.000000 0.000000 0.000000 1.000000</float_array>
        <technique_common>
          <accessor source="#mixamorig_RightArm-Matrix-animation-output-transform-array" count="37" stride="16">
            <param type="float4x4"/>
          </accessor>
        </technique_common>
      </source>
      <source id="mixamorig_RightArm-Interpolations">
        <Name_array id="mixamorig_RightArm-Interpolations-array" count="37">
 LINEAR LINEAR LINEAR LINEAR LINEAR LINEAR LINEAR LINEAR LINEAR LINEAR LINEAR
LINEAR LINEAR LINEAR LINEAR LINEAR LINEAR LINEAR LINEAR LINEAR LINEAR LINEAR LINEAR
LINEAR LINEAR LINEAR LINEAR LINEAR LINEAR LINEAR LINEAR LINEAR LINEAR LINEAR LINEAR
LINEAR LINEAR</Name_array>
        <technique_common>
          <accessor source="#mixamorig_RightArm-Interpolations-array" count="37">
            <param type="name"/>
          </accessor>
        </technique_common>
      </source>
      <sampler id="mixamorig_RightArm-Matrix-animation-transform">
        <input semantic="INPUT" source="#mixamorig_RightArm-Matrix-animation-input"/>
        <input semantic="OUTPUT" source="#mixamorig_RightArm-Matrix-animation-output-transform"/>
        <input semantic="INTERPOLATION" source="#mixamorig_RightArm-Interpolations"/>
      </sampler>
      <channel source="#mixamorig_RightArm-Matrix-animation-transform" target="mixamorig_RightArm/matrix"/>
    </animation>
    <animation id="mixamorig_RightForeArm-anim" name="mixamorig_RightForeArm">
      <source id="mixamorig_RightForeArm-Matrix-animation-input">
        <float_array id="mixamorig_RightForeArm-Matrix-animation-input-array" count="37">

0.000000 0.033333 0.066667 0.100000 0.133333 0.166667 0.200000 0.233333 0.266667 0.300000 0.333333 0.366667 0.400000 0.433333 0.466667 0.500000
0.533333 0.566667 0.600000 0.633333 0.666667 0.700000 0.733333 0.766667 0.800000 0.833333 0.866667 0.900000 0.933333 0.966667 1.000000 1.033333
1.066667 1.100000 1.133333 1.166667 1.200000</float_array>
        <technique_common>
          <accessor source="#mixamorig_RightForeArm-Matrix-animation-input-array" count="37">
            <param name="TIME" type="float"/>
          </accessor>
        </technique_common>
      </source>
      <source id="mixamorig_RightForeArm-Matrix-animation-output-transform">
        <float_array id="mixamorig_RightForeArm-Matrix-animation-output-transform-array" count="592">

0.973958 0.226727 0.000000 0.000000 -0.226727 0.973958 -0.000000 27.841499 -0.000000 0.000000 1.000000 -0.000000 0.000000 0.000000 0.000000 1.000000
0.963824 0.266538 0.000000 -0.000000 -0.266538 0.963824 -0.000000 27.841499 -0.000000 0.000000 1.000000 0.000000 0.000000 0.000000 0.000000 1.000000
0.949565 0.313570 -0.000000 0.000000 -0.313570 0.949565 0.000000 27.841499 0.000000 -0.000000 1.000000 -0.000000 0.000000 0.000000 0.000000 1.000000
0.936469 0.350749 0.000000 -0.000000 -0.350749 0.936469 -0.000000 27.841499 -0.000000 0.000000 1.000000 0.000000 0.000000 0.000000 0.000000 1.000000
0.928018 0.372536 0.000000 0.000000 -0.372536 0.928018 -0.000000 27.841499 -0.000000 0.000000 1.000000 0.000000 0.000000 0.000000 0.000000 1.000000
0.923852 0.382750 -0.000000 0.000000 -0.382750 0.923852 0.000000 27.841499 0.000000 -0.000000 1.000000 0.000000 0.000000 0.000000 0.000000 1.000000
0.923210 0.384295 0.000000 0.000000 -0.384295 0.923210 0.000000 27.841499 -0.000000 -0.000000 1.000000 0.000000 0.000000 0.000000 0.000000 1.000000
0.923587 0.383389 0.000000 0.000000 -0.383389 0.923587 -0.000000 27.841499 -0.000000 0.000000 1.000000 0.000000 0.000000 0.000000 0.000000 1.000000
0.923109 0.384539 0.000001 -0.000000 -0.384539 0.923109 -0.000000 27.841499 -0.000001 -0.000000 1.000000 0.000000 0.000000 0.000000 0.000000 1.000000
0.924629 0.380870 0.000000 0.000000 -0.380870 0.924629 -0.000000 27.841499 -0.000000 -0.000000 1.000000 -0.000000 0.000000 0.000000 0.000000 1.000000
0.929493 0.368839 0.000000 0.000000 -0.368839 0.929493 0.000000 27.841499 -0.000000 -0.000000 1.000000 0.000000 0.000000 0.000000 0.000000 1.000000
0.935377 0.353652 0.000000 0.000000 -0.353652 0.935377 -0.000000 27.841499 -0.000000 -0.000000 1.000000 0.000000 0.000000 0.000000 0.000000 1.000000
0.942274 0.334843 0.000000 0.000000 -0.334843 0.942274 0.000000 27.841499 -0.000000 -0.000000 1.000000 0.000000 0.000000 0.000000 0.000000 1.000000
0.951167 0.308677 0.000000 0.000000 -0.308677 0.951167 0.000000 27.841499 -0.000000 -0.000000 1.000000 0.000000 0.000000 0.000000 0.000000 1.000000
0.961408 0.275126 -0.000000 0.000000 -0.275126 0.961408 0.000000 27.841499 0.000000 -0.000000 1.000000 0.000000 0.000000 0.000000 0.000000 1.000000
0.969954 0.243289 -0.000000 0.000000 -0.243289 0.969954 -0.000000 27.841499 -0.000000 0.000000 1.000000 0.000000 0.000000 0.000000 0.000000 1.000000
0.975341 0.220704 -0.000000 0.000000 -0.220704 0.975341 -0.000000 27.841499 0.000000 0.000000 1.000000 0.000000 0.000000 0.000000 0.000000 1.000000
0.979642 0.200755 -0.000000 -0.000000 -0.200755 0.979642 0.000000 27.841499 0.000000 -0.000000 1.000000 0.000000 0.000000 0.000000 0.000000 1.000000
0.983624 0.180234 0.000000 0.000000 -0.180234 0.983624 -0.000000 27.841499 -0.000000 0.000000 1.000000 0.000000 0.000000 0.000000 0.000000 1.000000
0.987292 0.158917 0.000000 -0.000000 -0.158917 0.987292 0.000000 27.841499 -0.000000 -0.000000 1.000000 0.000000 0.000000 0.000000 0.000000 1.000000
0.990931 0.134371 -0.000000 -0.000000 -0.134371 0.990931 0.000000 27.841499 0.000000 -0.000000 1.000000 -0.000000 0.000000 0.000000 0.000000 1.000000
0.993797 0.111206 -0.000000 0.000000 -0.111206 0.993797 0.000000 27.841499 0.000000 0.000000 1.000000 0.000000 0.000000 0.000000 0.000000 1.000000
0.995413 0.095669 -0.000000 0.000000 -0.095669 0.995413 -0.000000 27.841499 0.000000 0.000000 1.000000 0.000000 0.000000 0.000000 0.000000 1.000000
0.996165 0.087497 -0.000000 0.000000 -0.087497 0.996165 -0.000000 27.841499 0.000000 0.000000 1.000000 0.000000 0.000000 0.000000 0.000000 1.000000
0.996482 0.083802 0.000000 0.000000 -0.083802 0.996482 0.000000 27.841499 -0.000000 -0.000000 1.000000 0.000000 0.000000 0.000000 0.000000 1.000000
0.996315 0.085774 0.000000 0.000000 -0.085774 0.996315 -0.000000 27.841499 -0.000000 0.000000 1.000000 0.000000 0.000000 0.000000 0.000000 1.000000
0.995633 0.093352 0.000000 -0.000000 -0.093352 0.995633 -0.000000 27.841499 -0.000000 0.000000 1.000000 0.000000 0.000000 0.000000 0.000000 1.000000
0.995050 0.099373 -0.000000 0.000000 -0.099373 0.995050 -0.000000 27.841499 -0.000000 0.000000 1.000000 0.000000 0.000000 0.000000 0.000000 1.000000
0.995055 0.099326 -0.000000 0.000000 -0.099326 0.995055 0.000000 27.841499 0.000000 -0.000000 1.000000 -0.000000 0.000000 0.000000 0.000000 1.000000
0.995256 0.097290 -0.000000 -0.000000 -0.097290 0.995256 -0.000000 27.841499 0.000000 0.000000 1.000000 -0.000000 0.000000 0.000000 0.000000 1.000000
0.995204 0.097825 -0.000000 0.000000 -0.097825 0.995204 -0.000000 27.841499 -0.000000 0.000000 1.000000 -0.000000 0.000000 0.000000 0.000000 1.000000
0.994787 0.101972 -0.000000 -0.000000 -0.101972 0.994787 -0.000000 27.841499 0.000000 0.000000 1.000000 0.000000 0.000000 0.000000 0.000000 1.000000
0.993981 0.109556 -0.000000 -0.000000 -0.109556 0.993981 0.000000 27.841499 0.000000 -0.000000 1.000000 0.000000 0.000000 0.000000 0.000000 1.000000
0.991981 0.126385 -0.000000 0.000000 -0.126385 0.991981 0.000000 27.841499 0.000000 -0.000000 1.000000 0.000000 0.000000 0.000000 0.000000 1.000000
0.987866 0.155311 0.000000 -0.000000 -0.155311 0.987866 -0.000000 27.841499 -0.000000 0.000000 1.000000 -0.000000 0.000000 0.000000 0.000000 1.000000
0.981636 0.190764 -0.000000 0.000000 -0.190764 0.981636 0.000000 27.841499 0.000000 -0.000000 1.000000 0.000000 0.000000 0.000000 0.000000 1.000000
0.973958 0.226727 0.000000 0.000000 -0.226727 0.973958 0.000000 27.841499 -0.000000 -0.000000 1.000000 0.000000 0.000000 0.000000 0.000000 1.000000</float_array>
        <technique_common>
          <accessor source="#mixamorig_RightForeArm-Matrix-animation-output-transform-array" count="37" stride="16">
            <param type="float4x4"/>
          </accessor>
        </technique_common>
      </source>
      <source id="mixamorig_RightForeArm-Interpolations">
        <Name_array id="mixamorig_RightForeArm-Interpolations-array" count="37">
 LINEAR LINEAR LINEAR LINEAR LINEAR LINEAR LINEAR LINEAR LINEAR LINEAR LINEAR
LINEAR LINEAR LINEAR LINEAR LINEAR LINEAR LINEAR LINEAR LINEAR LINEAR LINEAR LINEAR
LINEAR LINEAR LINEAR LINEAR LINEAR LINEAR LINEAR LINEAR LINEAR LINEAR LINEAR LINEAR
LINEAR LINEAR</Name_array>
        <technique_common>
          <accessor source="#mixamorig_RightForeArm-Interpolations-array" count="37">
            <param type="name"/>
          </accessor>
        </technique_common>
      </source>
      <sampler id="mixamorig_RightForeArm-Matrix-animation-transform">
        <input semantic="INPUT" source="#mixamorig_RightForeArm-Matrix-animation-input"/>
        <input semantic="OUTPUT" source="#mixamorig_RightForeArm-Matrix-animation-output-transform"/>
        <input semantic="INTERPOLATION" source="#mixamorig_RightForeArm-Interpolations"/>
      </sampler>
      <channel source="#mixamorig_RightForeArm-Matrix-animation-transform" target="mixamorig_RightForeArm/matrix"/>
    </animation>
    <animation id="mixamorig_RightHand-anim" name="mixamorig_RightHand">
      <source id="mixamorig_RightHand-Matrix-animation-input">
        <float_array id="mixamorig_RightHand-Matrix-animation-input-array" count="37">

0.000000 0.033333 0.066667 0.100000 0.133333 0.166667 0.200000 0.233333 0.266667 0.300000 0.333333 0.366667 0.400000 0.433333 0.466667 0.500000
0.533333 0.566667 0.600000 0.633333 0.666667 0.700000 0.733333 0.766667 0.800000 0.833333 0.866667 0.900000 0.933333 0.966667 1.000000 1.033333
1.066667 1.100000 1.133333 1.166667 1.200000</float_array>
        <technique_common>
          <accessor source="#mixamorig_RightHand-Matrix-animation-input-array" count="37">
            <param name="TIME" type="float"/>
          </accessor>
        </technique_common>
      </source>
      <source id="mixamorig_RightHand-Matrix-animation-output-transform">
        <float_array id="mixamorig_RightHand-Matrix-animation-output-transform-array" count="592">

0.985748 0.093194 -0.140053 0.000000 -0.090029 0.995523 0.028776 28.328800 0.142108 -0.015757 0.989726 0.000000 0.000000 0.000000 0.000000 1.000000
0.990282 0.115016 -0.078190 -0.000000 -0.113743 0.993297 0.020563 28.328800 0.080031 -0.011469 0.996726 0.000000 0.000000 0.000000 0.000000 1.000000
0.991351 0.127036 -0.032926 0.000000 -0.126070 0.991570 0.029929 28.328800 0.036450 -0.025519 0.999010 0.000000 0.000000 0.000000 0.000000 1.000000
0.991497 0.129900 -0.007774 0.000000 -0.129330 0.990247 0.051815 28.328800 0.014429 -0.050369 0.998626 -0.000000 0.000000 0.000000 0.000000 1.000000
0.990940 0.134295 -0.001296 0.000000 -0.133857 0.988396 0.071798 28.328800 0.010923 -0.070974 0.997418 0.000000 0.000000 0.000000 0.000000 1.000000
0.989907 0.141659 -0.004212 0.000000 -0.140802 0.986433 0.084405 28.328800 0.016112 -0.082960 0.996423 0.000000 0.000000 0.000000 0.000000 1.000000
0.989581 0.143962 -0.002153 0.000000 -0.143094 0.985051 0.095913 28.328800 0.015929 -0.094606 0.995387 0.000000 0.000000 0.000000 0.000000 1.000000
0.990360 0.138325 0.007330 0.000000 -0.138309 0.984572 0.107188 28.328800 0.007610 -0.107169 0.994212 -0.000000 0.000000 0.000000 0.000000 1.000000
0.990690 0.134991 0.017636 0.000000 -0.136130 0.983685 0.117608 28.328800 -0.001473 -0.118914 0.992903 0.000000 0.000000 0.000000 0.000000 1.000000
0.989519 0.142999 0.020069 -0.000000 -0.144381 0.982023 0.121594 28.328800 -0.002320 -0.123217 0.992377 0.000000 0.000000 0.000000 0.000000 1.000000
0.988548 0.150655 0.008688 0.000000 -0.150677 0.982255 0.111678 28.328800 0.008291 -0.111708 0.993706 0.000000 0.000000 0.000000 0.000000 1.000000
0.988056 0.154064 -0.003123 0.000000 -0.153021 0.983353 0.097985 28.328800 0.018167 -0.096336 0.995183 0.000000 0.000000 0.000000 0.000000 1.000000
0.987779 0.155832 -0.003067 0.000000 -0.154966 0.984014 0.087762 28.328800 0.016694 -0.086214 0.996137 -0.000000 0.000000 0.000000 0.000000 1.000000
0.988231 0.152846 -0.006143 0.000000 -0.151992 0.985657 0.073336 28.328800 0.017264 -0.071539 0.997288 0.000000 0.000000 0.000000 0.000000 1.000000
0.989023 0.144100 -0.032675 0.000000 -0.141986 0.988063 0.059767 28.328800 0.040898 -0.054471 0.997677 -0.000000 0.000000 0.000000 0.000000 1.000000
0.988721 0.128446 -0.077022 0.000000 -0.125121 0.991048 0.046562 28.328800 0.082313 -0.036399 0.995942 -0.000000 0.000000 0.000000 0.000000 1.000000
0.987071 0.108746 -0.117749 0.000000 -0.106698 0.994012 0.023573 28.328800 0.119608 -0.010705 0.992764 0.000000 0.000000 0.000000 0.000000 1.000000
0.983963 0.091385 -0.153183 -0.000000 -0.094040 0.995517 -0.010161 28.328800 0.151567 0.024403 0.988146 0.000000 0.000000 0.000000 0.000000 1.000000
0.980432 0.072637 -0.182967 0.000000 -0.081775 0.995727 -0.042894 28.328800 0.179070 0.057017 0.982183 0.000000 0.000000 0.000000 0.000000 1.000000
0.977769 0.051583 -0.203241 0.000000 -0.066210 0.995631 -0.065835 28.328800 0.198957 0.077828 0.976913 0.000000 0.000000 0.000000 0.000000 1.000000
0.972197 0.031802 -0.231995 0.000000 -0.051633 0.995464 -0.079914 28.328800 0.228401 0.089671 0.969429 0.000000 0.000000 0.000000 0.000000 1.000000
0.960969 0.008969 -0.276510 0.000000 -0.035353 0.995261 -0.090581 28.328800 0.274387 0.096821 0.956733 0.000000 0.000000 0.000000 0.000000 1.000000
0.944909 -0.023812 -0.326467 -0.000000 -0.011393 0.994354 -0.105505 28.328800 0.327136 0.103412 0.939302 0.000000 0.000000 0.000000 0.000000 1.000000
0.925853 -0.058855 -0.373272 0.000000 0.009382 0.991072 -0.132995 28.328800 0.377767 0.119632 0.918140 0.000000 0.000000 0.000000 0.000000 1.000000
0.908511 -0.079650 -0.410199 0.000000 0.013568 0.986771 -0.161554 28.328800 0.417640 0.141208 0.897573 0.000000 0.000000 0.000000 0.000000 1.000000
0.895961 -0.089904 -0.434939 -0.000000 0.014277 0.984622 -0.174116 28.328800 0.443904 0.149791 0.883466 0.000000 0.000000 0.000000 0.000000 1.000000
0.889102 -0.091363 -0.448498 0.000000 0.016927 0.985769 -0.167253 28.328800 0.457396 0.141113 0.877995 0.000000 0.000000 0.000000 0.000000 1.000000
0.898799 -0.071531 -0.432485 0.000000 0.013910 0.990754 -0.134958 28.328800 0.438140 0.115285 0.891483 -0.000000 0.000000 0.000000 0.000000 1.000000
0.917673 -0.043776 -0.394917 0.000000 0.007926 0.995731 -0.091957 28.328800 0.397257 0.081257 0.914103 0.000000 0.000000 0.000000 0.000000 1.000000
0.933805 -0.031538 -0.356389 0.000000 0.007708 0.997649 -0.068090 28.328800 0.357698 0.060836 0.931853 0.000000 0.000000 0.000000 0.000000 1.000000
0.950555 -0.032026 -0.308902 0.000000 0.013194 0.997935 -0.062862 28.328800 0.310277 0.055678 0.949014 0.000000 0.000000 0.000000 0.000000 1.000000
0.960660 -0.028344 -0.276277 0.000000 0.011794 0.998045 -0.061384 28.328800 0.277477 0.055711 0.959116 0.000000 0.000000 0.000000 0.000000 1.000000
0.963249 -0.018050 -0.268002 0.000000 0.004252 0.998639 -0.051975 28.328800 0.268575 0.048925 0.962015 0.000000 0.000000 0.000000 0.000000 1.000000
0.963393 -0.003394 -0.268072 0.000000 -0.006563 0.999322 -0.036237 28.328800 0.268013 0.036670 0.962717 0.000000 0.000000 0.000000 0.000000 1.000000
0.966140 0.022907 -0.257001 0.000000 -0.025527 0.999651 -0.006863 28.328800 0.256753 0.013191 0.966387 0.000000 0.000000 0.000000 0.000000 1.000000
0.975639 0.057502 -0.211711 0.000000 -0.052839 0.998221 0.027623 28.328800 0.212923 -0.015764 0.976942 0.000000 0.000000 0.000000 0.000000 1.000000
0.985748 0.093194 -0.140053 0.000000 -0.090030 0.995523 0.028775 28.328800 0.142108 -0.015756 0.989726 -0.000000 0.000000 0.000000 0.000000 1.000000</float_array>
        <technique_common>
          <accessor source="#mixamorig_RightHand-Matrix-animation-output-transform-array" count="37" stride="16">
            <param type="float4x4"/>
          </accessor>
        </technique_common>
      </source>
      <source id="mixamorig_RightHand-Interpolations">
        <Name_array id="mixamorig_RightHand-Interpolations-array" count="37">
 LINEAR LINEAR LINEAR LINEAR LINEAR LINEAR LINEAR LINEAR LINEAR LINEAR LINEAR
LINEAR LINEAR LINEAR LINEAR LINEAR LINEAR LINEAR LINEAR LINEAR LINEAR LINEAR LINEAR
LINEAR LINEAR LINEAR LINEAR LINEAR LINEAR LINEAR LINEAR LINEAR LINEAR LINEAR LINEAR
LINEAR LINEAR</Name_array>
        <technique_common>
          <accessor source="#mixamorig_RightHand-Interpolations-array" count="37">
            <param type="name"/>
          </accessor>
        </technique_common>
      </source>
      <sampler id="mixamorig_RightHand-Matrix-animation-transform">
        <input semantic="INPUT" source="#mixamorig_RightHand-Matrix-animation-input"/>
        <input semantic="OUTPUT" source="#mixamorig_RightHand-Matrix-animation-output-transform"/>
        <input semantic="INTERPOLATION" source="#mixamorig_RightHand-Interpolations"/>
      </sampler>
      <channel source="#mixamorig_RightHand-Matrix-animation-transform" target="mixamorig_RightHand/matrix"/>
    </animation>
    <animation id="mixamorig_RightHandThumb1-anim" name="mixamorig_RightHandThumb1">
      <source id="mixamorig_RightHandThumb1-Matrix-animation-input">
        <float_array id="mixamorig_RightHandThumb1-Matrix-animation-input-array" count="37">

0.000000 0.033333 0.066667 0.100000 0.133333 0.166667 0.200000 0.233333 0.266667 0.300000 0.333333 0.366667 0.400000 0.433333 0.466667 0.500000
0.533333 0.566667 0.600000 0.633333 0.666667 0.700000 0.733333 0.766667 0.800000 0.833333 0.866667 0.900000 0.933333 0.966667 1.000000 1.033333
1.066667 1.100000 1.133333 1.166667 1.200000</float_array>
        <technique_common>
          <accessor source="#mixamorig_RightHandThumb1-Matrix-animation-input-array" count="37">
            <param name="TIME" type="float"/>
          </accessor>
        </technique_common>
      </source>
      <source id="mixamorig_RightHandThumb1-Matrix-animation-output-transform">
        <float_array id="mixamorig_RightHandThumb1-Matrix-animation-output-transform-array" count="592">

0.820682 0.559676 0.115078 2.681900 -0.489833 0.792826 -0.362615 2.464800 -0.294184 0.241223 0.924807 1.574000 0.000000 0.000000 0.000000 1.000000
0.820682 0.559676 0.115078 2.681900 -0.489833 0.792826 -0.362615 2.464800 -0.294184 0.241223 0.924807 1.574000 0.000000 0.000000 0.000000 1.000000
0.820682 0.559676 0.115078 2.681900 -0.489833 0.792826 -0.362615 2.464800 -0.294184 0.241223 0.924807 1.574000 0.000000 0.000000 0.000000 1.000000
0.820682 0.559676 0.115078 2.681900 -0.489833 0.792826 -0.362616 2.464800 -0.294184 0.241223 0.924806 1.574000 0.000000 0.000000 0.000000 1.000000
0.820682 0.559677 0.115078 2.681900 -0.489833 0.792826 -0.362615 2.464800 -0.294184 0.241223 0.924807 1.574000 0.000000 0.000000 0.000000 1.000000
0.820682 0.559676 0.115078 2.681900 -0.489833 0.792827 -0.362615 2.464800 -0.294184 0.241223 0.924807 1.574000 0.000000 0.000000 0.000000 1.000000
0.820682 0.559676 0.115078 2.681900 -0.489833 0.792826 -0.362615 2.464800 -0.294184 0.241223 0.924807 1.574000 0.000000 0.000000 0.000000 1.000000
0.820682 0.559676 0.115078 2.681900 -0.489833 0.792827 -0.362615 2.464800 -0.294184 0.241223 0.924807 1.574000 0.000000 0.000000 0.000000 1.000000
0.820682 0.559676 0.115078 2.681900 -0.489833 0.792826 -0.362616 2.464800 -0.294184 0.241223 0.924806 1.574000 0.000000 0.000000 0.000000 1.000000
0.820682 0.559677 0.115078 2.681900 -0.489833 0.792826 -0.362616 2.464800 -0.294184 0.241223 0.924807 1.574000 0.000000 0.000000 0.000000 1.000000
0.820682 0.559676 0.115078 2.681900 -0.489833 0.792826 -0.362615 2.464800 -0.294184 0.241223 0.924807 1.574000 0.000000 0.000000 0.000000 1.000000
0.820682 0.559676 0.115078 2.681900 -0.489833 0.792826 -0.362615 2.464800 -0.294184 0.241223 0.924807 1.574000 0.000000 0.000000 0.000000 1.000000
0.820682 0.559676 0.115078 2.681900 -0.489833 0.792827 -0.362615 2.464800 -0.294184 0.241223 0.924807 1.574000 0.000000 0.000000 0.000000 1.000000
0.820682 0.559676 0.115078 2.681900 -0.489833 0.792826 -0.362615 2.464800 -0.294184 0.241223 0.924807 1.574000 0.000000 0.000000 0.000000 1.000000
0.820682 0.559676 0.115078 2.681900 -0.489833 0.792826 -0.362615 2.464800 -0.294184 0.241223 0.924807 1.574000 0.000000 0.000000 0.000000 1.000000
0.820682 0.559676 0.115078 2.681900 -0.489833 0.792826 -0.362615 2.464800 -0.294184 0.241223 0.924807 1.574000 0.000000 0.000000 0.000000 1.000000
0.820682 0.559676 0.115078 2.681900 -0.489833 0.792826 -0.362615 2.464800 -0.294184 0.241223 0.924807 1.574000 0.000000 0.000000 0.000000 1.000000
0.820682 0.559677 0.115078 2.681900 -0.489833 0.792826 -0.362615 2.464800 -0.294184 0.241223 0.924807 1.574000 0.000000 0.000000 0.000000 1.000000
0.820682 0.559676 0.115078 2.681900 -0.489833 0.792826 -0.362615 2.464800 -0.294184 0.241223 0.924807 1.574000 0.000000 0.000000 0.000000 1.000000
0.820682 0.559677 0.115078 2.681900 -0.489833 0.792826 -0.362615 2.464800 -0.294184 0.241223 0.924807 1.574000 0.000000 0.000000 0.000000 1.000000
0.820682 0.559676 0.115077 2.681900 -0.489833 0.792826 -0.362615 2.464800 -0.294184 0.241223 0.924807 1.574000 0.000000 0.000000 0.000000 1.000000
0.820682 0.559676 0.115078 2.681900 -0.489833 0.792826 -0.362615 2.464800 -0.294184 0.241223 0.924807 1.574000 0.000000 0.000000 0.000000 1.000000
0.820682 0.559676 0.115077 2.681900 -0.489833 0.792826 -0.362615 2.464800 -0.294184 0.241223 0.924807 1.574000 0.000000 0.000000 0.000000 1.000000
0.820682 0.559676 0.115078 2.681900 -0.489833 0.792826 -0.362615 2.464800 -0.294184 0.241223 0.924807 1.574000 0.000000 0.000000 0.000000 1.000000
0.820682 0.559677 0.115078 2.681900 -0.489833 0.792826 -0.362615 2.464800 -0.294184 0.241223 0.924807 1.574000 0.000000 0.000000 0.000000 1.000000
0.820682 0.559677 0.115078 2.681900 -0.489833 0.792826 -0.362615 2.464800 -0.294184 0.241223 0.924807 1.574000 0.000000 0.000000 0.000000 1.000000
0.820682 0.559676 0.115077 2.681900 -0.489833 0.792826 -0.362616 2.464800 -0.294184 0.241224 0.924807 1.574000 0.000000 0.000000 0.000000 1.000000
0.820682 0.559676 0.115077 2.681900 -0.489833 0.792826 -0.362615 2.464800 -0.294184 0.241223 0.924807 1.574000 0.000000 0.000000 0.000000 1.000000
0.820682 0.559676 0.115078 2.681900 -0.489833 0.792826 -0.362615 2.464800 -0.294184 0.241223 0.924807 1.574000 0.000000 0.000000 0.000000 1.000000
0.820682 0.559677 0.115078 2.681900 -0.489833 0.792826 -0.362615 2.464800 -0.294184 0.241223 0.924807 1.574000 0.000000 0.000000 0.000000 1.000000
0.820682 0.559676 0.115078 2.681900 -0.489833 0.792826 -0.362615 2.464800 -0.294184 0.241223 0.924807 1.574000 0.000000 0.000000 0.000000 1.000000
0.820682 0.559677 0.115078 2.681900 -0.489833 0.792826 -0.362615 2.464800 -0.294184 0.241223 0.924807 1.574000 0.000000 0.000000 0.000000 1.000000
0.820682 0.559677 0.115078 2.681900 -0.489833 0.792826 -0.362615 2.464800 -0.294184 0.241223 0.924807 1.574000 0.000000 0.000000 0.000000 1.000000
0.820682 0.559676 0.115078 2.681900 -0.489833 0.792826 -0.362616 2.464800 -0.294184 0.241223 0.924806 1.574000 0.000000 0.000000 0.000000 1.000000
0.820682 0.559676 0.115078 2.681900 -0.489833 0.792826 -0.362615 2.464800 -0.294184 0.241223 0.924807 1.574000 0.000000 0.000000 0.000000 1.000000
0.820682 0.559677 0.115078 2.681900 -0.489833 0.792826 -0.362616 2.464800 -0.294184 0.241223 0.924806 1.574000 0.000000 0.000000 0.000000 1.000000
0.820682 0.559676 0.115078 2.681900 -0.489833 0.792826 -0.362615 2.464800 -0.294184 0.241223 0.924807 1.574000 0.000000 0.000000 0.000000 1.000000</float_array>
        <technique_common>
          <accessor source="#mixamorig_RightHandThumb1-Matrix-animation-output-transform-array" count="37" stride="16">
            <param type="float4x4"/>
          </accessor>
        </technique_common>
      </source>
      <source id="mixamorig_RightHandThumb1-Interpolations">
        <Name_array id="mixamorig_RightHandThumb1-Interpolations-array" count="37">
 LINEAR LINEAR LINEAR LINEAR LINEAR LINEAR LINEAR LINEAR LINEAR LINEAR LINEAR
LINEAR LINEAR LINEAR LINEAR LINEAR LINEAR LINEAR LINEAR LINEAR LINEAR LINEAR LINEAR
LINEAR LINEAR LINEAR LINEAR LINEAR LINEAR LINEAR LINEAR LINEAR LINEAR LINEAR LINEAR
LINEAR LINEAR</Name_array>
        <technique_common>
          <accessor source="#mixamorig_RightHandThumb1-Interpolations-array" count="37">
            <param type="name"/>
          </accessor>
        </technique_common>
      </source>
      <sampler id="mixamorig_RightHandThumb1-Matrix-animation-transform">
        <input semantic="INPUT" source="#mixamorig_RightHandThumb1-Matrix-animation-input"/>
        <input semantic="OUTPUT" source="#mixamorig_RightHandThumb1-Matrix-animation-output-transform"/>
        <input semantic="INTERPOLATION" source="#mixamorig_RightHandThumb1-Interpolations"/>
      </sampler>
      <channel source="#mixamorig_RightHandThumb1-Matrix-animation-transform" target="mixamorig_RightHandThumb1/matrix"/>
    </animation>
    <animation id="mixamorig_RightHandThumb2-anim" name="mixamorig_RightHandThumb2">
      <source id="mixamorig_RightHandThumb2-Matrix-animation-input">
        <float_array id="mixamorig_RightHandThumb2-Matrix-animation-input-array" count="37">

0.000000 0.033333 0.066667 0.100000 0.133333 0.166667 0.200000 0.233333 0.266667 0.300000 0.333333 0.366667 0.400000 0.433333 0.466667 0.500000
0.533333 0.566667 0.600000 0.633333 0.666667 0.700000 0.733333 0.766667 0.800000 0.833333 0.866667 0.900000 0.933333 0.966667 1.000000 1.033333
1.066667 1.100000 1.133333 1.166667 1.200000</float_array>
        <technique_common>
          <accessor source="#mixamorig_RightHandThumb2-Matrix-animation-input-array" count="37">
            <param name="TIME" type="float"/>
          </accessor>
        </technique_common>
      </source>
      <source id="mixamorig_RightHandThumb2-Matrix-animation-output-transform">
        <float_array id="mixamorig_RightHandThumb2-Matrix-animation-output-transform-array" count="592">

0.839211 -0.536490 -0.088897 0.000000 0.541867 0.838761 0.053480 4.189000 0.045872 -0.093051 0.994604 0.000000 0.000000 0.000000 0.000000 1.000000
0.840380 -0.534563 -0.089464 0.000000 0.540015 0.839926 0.053922 4.189000 0.046318 -0.093627 0.994529 0.000000 0.000000 0.000000 0.000000 1.000000
0.841212 -0.533184 -0.089869 -0.000000 0.538690 0.840757 0.054238 4.189000 0.046640 -0.094037 0.994476 0.000000 0.000000 0.000000 0.000000 1.000000
0.841631 -0.532488 -0.090074 -0.000000 0.538020 0.841175 0.054397 4.189000 0.046803 -0.094244 0.994448 0.000000 0.000000 0.000000 0.000000 1.000000
0.842484 -0.531066 -0.090491 0.000000 0.536655 0.842026 0.054720 4.189000 0.047136 -0.094664 0.994393 0.000000 0.000000 0.000000 0.000000 1.000000
0.841581 -0.532572 -0.090049 0.000000 0.538101 0.841124 0.054377 4.189000 0.046783 -0.094218 0.994452 0.000000 0.000000 0.000000 0.000000 1.000000
0.841257 -0.533110 -0.089891 -0.000000 0.538619 0.840801 0.054254 4.189000 0.046657 -0.094059 0.994473 0.000000 0.000000 0.000000 0.000000 1.000000
0.843305 -0.529693 -0.090895 0.000000 0.535335 0.842845 0.055033 4.189000 0.047460 -0.095069 0.994339 0.000000 0.000000 0.000000 0.000000 1.000000
0.846199 -0.524807 -0.092330 0.000000 0.530644 0.845734 0.056136 4.189000 0.048626 -0.096497 0.994145 0.000000 0.000000 0.000000 0.000000 1.000000
0.850706 -0.517059 -0.094604 0.000000 0.523209 0.850238 0.057866 4.189000 0.050516 -0.098725 0.993832 0.000000 0.000000 0.000000 0.000000 1.000000
0.855415 -0.508773 -0.097032 0.000000 0.515266 0.854949 0.059690 4.189000 0.052589 -0.101056 0.993490 0.000000 0.000000 0.000000 0.000000 1.000000
0.859863 -0.500760 -0.099377 0.000000 0.507592 0.859405 0.061426 4.189000 0.054645 -0.103261 0.993152 0.000000 0.000000 0.000000 0.000000 1.000000
0.865405 -0.490503 -0.102376 0.000000 0.497780 0.864968 0.063612 4.189000 0.057350 -0.106011 0.992710 -0.000000 0.000000 0.000000 0.000000 1.000000
0.871436 -0.478976 -0.105741 0.000000 0.486766 0.871034 0.066021 4.189000 0.060481 -0.109005 0.992200 0.000000 0.000000 0.000000 0.000000 1.000000
0.876185 -0.469610 -0.108473 0.000000 0.477827 0.875823 0.067942 4.189000 0.063097 -0.111361 0.991775 0.000000 0.000000 0.000000 0.000000 1.000000
0.882996 -0.455691 -0.112532 0.000000 0.464559 0.882713 0.070733 4.189000 0.067101 -0.114734 0.991127 -0.000000 0.000000 0.000000 0.000000 1.000000
0.890306 -0.440054 -0.117079 0.000000 0.449675 0.890138 0.073797 4.189000 0.071741 -0.118349 0.990377 0.000000 0.000000 0.000000 0.000000 1.000000
0.890320 -0.440025 -0.117086 0.000000 0.449648 0.890152 0.073805 4.189000 0.071748 -0.118357 0.990376 0.000000 0.000000 0.000000 0.000000 1.000000
0.891350 -0.437757 -0.117747 0.000000 0.447491 0.891202 0.074239 4.189000 0.072437 -0.118864 0.990265 0.000000 0.000000 0.000000 0.000000 1.000000
0.900429 -0.417021 -0.123780 0.000000 0.427793 0.900493 0.078142 4.189000 0.078876 -0.123314 0.989228 -0.000000 0.000000 0.000000 0.000000 1.000000
0.910381 -0.392521 -0.130894 0.000000 0.404564 0.910773 0.082585 4.189000 0.086798 -0.128139 0.987951 -0.000000 0.000000 0.000000 0.000000 1.000000
0.917702 -0.373067 -0.136541 0.000000 0.386151 0.918420 0.085978 4.189000 0.093326 -0.131628 0.986896 0.000000 0.000000 0.000000 0.000000 1.000000
0.920142 -0.366270 -0.138510 0.000000 0.379724 0.920987 0.087140 4.189000 0.095649 -0.132777 0.986520 0.000000 0.000000 0.000000 0.000000 1.000000
0.913947 -0.383213 -0.133595 0.000000 0.395751 0.914488 0.084223 4.189000 0.089896 -0.129846 0.987451 -0.000000 0.000000 0.000000 0.000000 1.000000
0.897594 -0.423640 -0.121879 -0.000000 0.434076 0.897590 0.076875 4.189000 0.076830 -0.121908 0.989563 0.000000 0.000000 0.000000 0.000000 1.000000
0.872249 -0.477390 -0.106212 -0.000000 0.485252 0.871854 0.066337 4.189000 0.060933 -0.109402 0.992128 -0.000000 0.000000 0.000000 0.000000 1.000000
0.855549 -0.508536 -0.097099 0.000000 0.515039 0.855082 0.059743 4.189000 0.052646 -0.101123 0.993480 -0.000000 0.000000 0.000000 0.000000 1.000000
0.849305 -0.519487 -0.093888 -0.000000 0.525538 0.848836 0.057331 4.189000 0.049913 -0.098034 0.993931 0.000000 0.000000 0.000000 0.000000 1.000000
0.846850 -0.523698 -0.092653 0.000000 0.529579 0.846384 0.056389 4.189000 0.048889 -0.096820 0.994100 -0.000000 0.000000 0.000000 0.000000 1.000000
0.845997 -0.525150 -0.092227 0.000000 0.530973 0.845532 0.056062 4.189000 0.048540 -0.096399 0.994159 -0.000000 0.000000 0.000000 0.000000 1.000000
0.844479 -0.527720 -0.091473 -0.000000 0.533440 0.844016 0.055482 4.189000 0.047926 -0.095649 0.994261 0.000000 0.000000 0.000000 0.000000 1.000000
0.844021 -0.528491 -0.091246 0.000000 0.534181 0.843559 0.055308 4.189000 0.047742 -0.095423 0.994291 0.000000 0.000000 0.000000 0.000000 1.000000
0.844616 -0.527489 -0.091540 0.000000 0.533218 0.844153 0.055534 4.189000 0.047980 -0.095716 0.994252 -0.000000 0.000000 0.000000 0.000000 1.000000
0.842776 -0.530579 -0.090634 0.000000 0.536187 0.842316 0.054833 4.189000 0.047249 -0.094808 0.994374 0.000000 0.000000 0.000000 0.000000 1.000000
0.839370 -0.536228 -0.088974 0.000000 0.541616 0.838920 0.053540 4.189000 0.045932 -0.093129 0.994594 0.000000 0.000000 0.000000 0.000000 1.000000
0.838092 -0.538326 -0.088357 0.000000 0.543633 0.837645 0.053056 4.189000 0.045451 -0.092500 0.994675 0.000000 0.000000 0.000000 0.000000 1.000000
0.839211 -0.536490 -0.088897 0.000000 0.541867 0.838761 0.053480 4.189000 0.045872 -0.093051 0.994604 0.000000 0.000000 0.000000 0.000000 1.000000</float_array>
        <technique_common>
          <accessor source="#mixamorig_RightHandThumb2-Matrix-animation-output-transform-array" count="37" stride="16">
            <param type="float4x4"/>
          </accessor>
        </technique_common>
      </source>
      <source id="mixamorig_RightHandThumb2-Interpolations">
        <Name_array id="mixamorig_RightHandThumb2-Interpolations-array" count="37">
 LINEAR LINEAR LINEAR LINEAR LINEAR LINEAR LINEAR LINEAR LINEAR LINEAR LINEAR
LINEAR LINEAR LINEAR LINEAR LINEAR LINEAR LINEAR LINEAR LINEAR LINEAR LINEAR LINEAR
LINEAR LINEAR LINEAR LINEAR LINEAR LINEAR LINEAR LINEAR LINEAR LINEAR LINEAR LINEAR
LINEAR LINEAR</Name_array>
        <technique_common>
          <accessor source="#mixamorig_RightHandThumb2-Interpolations-array" count="37">
            <param type="name"/>
          </accessor>
        </technique_common>
      </source>
      <sampler id="mixamorig_RightHandThumb2-Matrix-animation-transform">
        <input semantic="INPUT" source="#mixamorig_RightHandThumb2-Matrix-animation-input"/>
        <input semantic="OUTPUT" source="#mixamorig_RightHandThumb2-Matrix-animation-output-transform"/>
        <input semantic="INTERPOLATION" source="#mixamorig_RightHandThumb2-Interpolations"/>
      </sampler>
      <channel source="#mixamorig_RightHandThumb2-Matrix-animation-transform" target="mixamorig_RightHandThumb2/matrix"/>
    </animation>
    <animation id="mixamorig_RightHandThumb3-anim" name="mixamorig_RightHandThumb3">
      <source id="mixamorig_RightHandThumb3-Matrix-animation-input">
        <float_array id="mixamorig_RightHandThumb3-Matrix-animation-input-array" count="37">

0.000000 0.033333 0.066667 0.100000 0.133333 0.166667 0.200000 0.233333 0.266667 0.300000 0.333333 0.366667 0.400000 0.433333 0.466667 0.500000
0.533333 0.566667 0.600000 0.633333 0.666667 0.700000 0.733333 0.766667 0.800000 0.833333 0.866667 0.900000 0.933333 0.966667 1.000000 1.033333
1.066667 1.100000 1.133333 1.166667 1.200000</float_array>
        <technique_common>
          <accessor source="#mixamorig_RightHandThumb3-Matrix-animation-input-array" count="37">
            <param name="TIME" type="float"/>
          </accessor>
        </technique_common>
      </source>
      <source id="mixamorig_RightHandThumb3-Matrix-animation-output-transform">
        <float_array id="mixamorig_RightHandThumb3-Matrix-animation-output-transform-array" count="592">

0.940120 0.325725 -0.100388 0.000000 -0.299945 0.930505 0.210224 3.416300 0.161887 -0.167524 0.972486 0.000000 0.000000 0.000000 0.000000 1.000000
0.936877 0.333708 -0.104406 0.000000 -0.306016 0.926990 0.216896 3.416300 0.169163 -0.171255 0.970595 0.000000 0.000000 0.000000 0.000000 1.000000
0.933365 0.342096 -0.108631 0.000000 -0.312320 0.923218 0.223885 3.416300 0.176880 -0.175038 0.968543 0.000000 0.000000 0.000000 0.000000 1.000000
0.931102 0.347347 -0.111352 0.000000 -0.316215 0.920821 0.228246 3.416300 0.181816 -0.177309 0.967215 0.000000 0.000000 0.000000 0.000000 1.000000
0.929809 0.350289 -0.112924 -0.000000 -0.318372 0.919463 0.230709 3.416300 0.184644 -0.178563 0.966448 0.000000 0.000000 0.000000 0.000000 1.000000
0.931046 0.347472 -0.111431 -0.000000 -0.316307 0.920767 0.228338 3.416300 0.181943 -0.177347 0.967184 0.000000 0.000000 0.000000 0.000000 1.000000
0.930745 0.348182 -0.111726 0.000000 -0.316846 0.920437 0.228918 3.416300 0.182542 -0.177664 0.967013 0.000000 0.000000 0.000000 0.000000 1.000000
0.921624 0.368389 -0.122061 0.000000 -0.331538 0.910865 0.245779 3.416300 0.201723 -0.186048 0.961610 0.000000 0.000000 0.000000 0.000000 1.000000
0.909915 0.392398 -0.134461 0.000000 -0.348345 0.898869 0.265877 3.416300 0.225192 -0.195087 0.954583 0.000000 0.000000 0.000000 0.000000 1.000000
0.897549 0.415785 -0.146727 0.000000 -0.364013 0.886550 0.285525 3.416300 0.248798 -0.202862 0.947073 0.000000 0.000000 0.000000 0.000000 1.000000
0.883986 0.439514 -0.159360 -0.000000 -0.379187 0.873428 0.305517 3.416300 0.273468 -0.209646 0.938756 0.000000 0.000000 0.000000 0.000000 1.000000
0.872197 0.458751 -0.169765 0.000000 -0.390938 0.862341 0.321770 3.416300 0.294007 -0.214279 0.931474 0.000000 0.000000 0.000000 0.000000 1.000000
0.870412 0.461560 -0.171306 0.000000 -0.392680 0.860740 0.323927 3.416300 0.296962 -0.214682 0.930444 0.000000 0.000000 0.000000 0.000000 1.000000
0.876548 0.451767 -0.166045 0.000000 -0.386890 0.866551 0.315286 3.416300 0.286322 -0.212122 0.934358 0.000000 0.000000 0.000000 0.000000 1.000000
0.879659 0.446674 -0.163346 0.000000 -0.383844 0.869551 0.310717 3.416300 0.280827 -0.210626 0.936362 -0.000000 0.000000 0.000000 0.000000 1.000000
0.872013 0.459008 -0.170016 0.000000 -0.391474 0.862498 0.320694 3.416300 0.293839 -0.213092 0.931799 0.000000 0.000000 0.000000 0.000000 1.000000
0.865129 0.469725 -0.175812 0.000000 -0.398014 0.856273 0.329214 3.416300 0.305183 -0.214837 0.927744 0.000000 0.000000 0.000000 0.000000 1.000000
0.873356 0.456841 -0.168956 0.000000 -0.390322 0.863906 0.318299 3.416300 0.291374 -0.212041 0.932813 0.000000 0.000000 0.000000 0.000000 1.000000
0.882563 0.441802 -0.160916 0.000000 -0.381084 0.872575 0.305594 3.416300 0.275424 -0.208384 0.938466 -0.000000 0.000000 0.000000 0.000000 1.000000
0.881265 0.443997 -0.161986 0.000000 -0.382698 0.871485 0.306685 3.416300 0.277335 -0.208279 0.937926 -0.000000 0.000000 0.000000 0.000000 1.000000
0.877102 0.450882 -0.165523 -0.000000 -0.387299 0.867752 0.311457 3.416300 0.284064 -0.209072 0.935733 0.000000 0.000000 0.000000 0.000000 1.000000
0.875235 0.453935 -0.167050 0.000000 -0.389458 0.866166 0.313175 3.416300 0.286854 -0.209043 0.934888 -0.000000 0.000000 0.000000 0.000000 1.000000
0.879859 0.446414 -0.162980 0.000000 -0.384883 0.870537 0.306644 3.416300 0.278770 -0.207075 0.937767 -0.000000 0.000000 0.000000 0.000000 1.000000
0.894132 0.421882 -0.150148 0.000000 -0.368894 0.884015 0.287115 3.416300 0.253862 -0.201330 0.946055 0.000000 0.000000 0.000000 0.000000 1.000000
0.919176 0.373414 -0.125213 0.000000 -0.335235 0.908660 0.248907 3.416300 0.206721 -0.186814 0.960399 0.000000 0.000000 0.000000 0.000000 1.000000
0.944710 0.313926 -0.094727 -0.000000 -0.290614 0.935373 0.201545 3.416300 0.151876 -0.162873 0.974888 0.000000 0.000000 0.000000 0.000000 1.000000
0.957571 0.277965 -0.076117 0.000000 -0.261978 0.949612 0.172061 3.416300 0.120108 -0.144820 0.982141 0.000000 0.000000 0.000000 0.000000 1.000000
0.960567 0.268762 -0.071258 0.000000 -0.254467 0.953030 0.164259 3.416300 0.112057 -0.139649 0.983840 0.000000 0.000000 0.000000 0.000000 1.000000
0.957598 0.277922 -0.075929 0.000000 -0.262028 0.949695 0.171523 3.416300 0.119779 -0.144355 0.982250 0.000000 0.000000 0.000000 0.000000 1.000000
0.955409 0.284444 -0.079285 0.000000 -0.267346 0.947248 0.176767 3.416300 0.125383 -0.147689 0.981054 0.000000 0.000000 0.000000 0.000000 1.000000
0.957904 0.277010 -0.075407 0.000000 -0.261308 0.950054 0.170630 3.416300 0.118907 -0.143742 0.982446 0.000000 0.000000 0.000000 0.000000 1.000000
0.962293 0.263297 -0.068314 0.000000 -0.249989 0.955027 0.159463 3.416300 0.107228 -0.136373 0.984837 0.000000 0.000000 0.000000 0.000000 1.000000
0.964601 0.255722 -0.064429 0.000000 -0.243639 0.957663 0.153368 3.416300 0.100920 -0.132241 0.986067 0.000000 0.000000 0.000000 0.000000 1.000000
0.960494 0.269028 -0.071238 0.000000 -0.254761 0.952990 0.164031 3.416300 0.112018 -0.139402 0.983880 0.000000 0.000000 0.000000 0.000000 1.000000
0.954732 0.286461 -0.080168 0.000000 -0.269055 0.946534 0.177996 3.416300 0.126871 -0.148369 0.980760 -0.000000 0.000000 0.000000 0.000000 1.000000
0.948643 0.303562 -0.089031 0.000000 -0.282723 0.939807 0.191911 3.416300 0.141929 -0.156884 0.977366 0.000000 0.000000 0.000000 0.000000 1.000000
0.940116 0.325670 -0.100604 0.000000 -0.299869 0.930549 0.210137 3.416300 0.162052 -0.167385 0.972482 0.000000 0.000000 0.000000 0.000000 1.000000</float_array>
        <technique_common>
          <accessor source="#mixamorig_RightHandThumb3-Matrix-animation-output-transform-array" count="37" stride="16">
            <param type="float4x4"/>
          </accessor>
        </technique_common>
      </source>
      <source id="mixamorig_RightHandThumb3-Interpolations">
        <Name_array id="mixamorig_RightHandThumb3-Interpolations-array" count="37">
 LINEAR LINEAR LINEAR LINEAR LINEAR LINEAR LINEAR LINEAR LINEAR LINEAR LINEAR
LINEAR LINEAR LINEAR LINEAR LINEAR LINEAR LINEAR LINEAR LINEAR LINEAR LINEAR LINEAR
LINEAR LINEAR LINEAR LINEAR LINEAR LINEAR LINEAR LINEAR LINEAR LINEAR LINEAR LINEAR
LINEAR LINEAR</Name_array>
        <technique_common>
          <accessor source="#mixamorig_RightHandThumb3-Interpolations-array" count="37">
            <param type="name"/>
          </accessor>
        </technique_common>
      </source>
      <sampler id="mixamorig_RightHandThumb3-Matrix-animation-transform">
        <input semantic="INPUT" source="#mixamorig_RightHandThumb3-Matrix-animation-input"/>
        <input semantic="OUTPUT" source="#mixamorig_RightHandThumb3-Matrix-animation-output-transform"/>
        <input semantic="INTERPOLATION" source="#mixamorig_RightHandThumb3-Interpolations"/>
      </sampler>
      <channel source="#mixamorig_RightHandThumb3-Matrix-animation-transform" target="mixamorig_RightHandThumb3/matrix"/>
    </animation>
    <animation id="mixamorig_RightHandIndex1-anim" name="mixamorig_RightHandIndex1">
      <source id="mixamorig_RightHandIndex1-Matrix-animation-input">
        <float_array id="mixamorig_RightHandIndex1-Matrix-animation-input-array" count="37">

0.000000 0.033333 0.066667 0.100000 0.133333 0.166667 0.200000 0.233333 0.266667 0.300000 0.333333 0.366667 0.400000 0.433333 0.466667 0.500000
0.533333 0.566667 0.600000 0.633333 0.666667 0.700000 0.733333 0.766667 0.800000 0.833333 0.866667 0.900000 0.933333 0.966667 1.000000 1.033333
1.066667 1.100000 1.133333 1.166667 1.200000</float_array>
        <technique_common>
          <accessor source="#mixamorig_RightHandIndex1-Matrix-animation-input-array" count="37">
            <param name="TIME" type="float"/>
          </accessor>
        </technique_common>
      </source>
      <source id="mixamorig_RightHandIndex1-Matrix-animation-output-transform">
        <float_array id="mixamorig_RightHandIndex1-Matrix-animation-output-transform-array" count="592">

0.999182 -0.034811 0.020604 2.259800 0.040047 0.923123 -0.382414 9.108300 -0.005708 0.382926 0.923761 0.517900 0.000000 0.000000 0.000000 1.000000
0.999176 -0.035184 0.020253 2.259800 0.040229 0.925083 -0.377629 9.108300 -0.005449 0.378132 0.925735 0.517900 0.000000 0.000000 0.000000 1.000000
0.999184 -0.035061 0.020045 2.259800 0.040021 0.926239 -0.374807 9.108300 -0.005425 0.375303 0.926886 0.517900 0.000000 0.000000 0.000000 1.000000
0.999195 -0.034978 0.019668 2.259800 0.039781 0.927772 -0.371022 9.108300 -0.005270 0.371505 0.928416 0.517900 0.000000 0.000000 0.000000 1.000000
0.999158 -0.036268 0.019192 2.259800 0.040784 0.929144 -0.367462 9.108300 -0.004505 0.367935 0.929840 0.517900 0.000000 0.000000 0.000000 1.000000
0.999149 -0.036556 0.019121 2.259800 0.041027 0.929125 -0.367482 9.108300 -0.004332 0.367953 0.929834 0.517900 0.000000 0.000000 0.000000 1.000000
0.999147 -0.036695 0.018964 2.259800 0.041090 0.929905 -0.365497 9.108300 -0.004223 0.365964 0.930619 0.517900 0.000000 0.000000 0.000000 1.000000
0.999205 -0.035099 0.018911 2.259800 0.039566 0.931338 -0.362000 9.108300 -0.004907 0.362460 0.931986 0.517900 0.000000 0.000000 0.000000 1.000000
0.999276 -0.033115 0.018713 2.259800 0.037610 0.933687 -0.356109 9.108300 -0.005679 0.356555 0.934257 0.517900 0.000000 0.000000 0.000000 1.000000
0.999322 -0.031901 0.018370 2.259800 0.036321 0.935723 -0.350860 9.108300 -0.005997 0.351290 0.936248 0.517900 0.000000 0.000000 0.000000 1.000000
0.999405 -0.029423 0.017976 2.259800 0.033822 0.937895 -0.345266 9.108300 -0.006701 0.345669 0.938333 0.517900 0.000000 0.000000 0.000000 1.000000
0.999442 -0.028415 0.017540 2.259800 0.032682 0.940136 -0.339229 9.108300 -0.006851 0.339613 0.940540 0.517900 0.000000 0.000000 0.000000 1.000000
0.999333 -0.031908 0.017762 2.259800 0.036066 0.938712 -0.342812 9.108300 -0.005734 0.343224 0.939236 0.517900 0.000000 0.000000 0.000000 1.000000
0.999217 -0.035189 0.018070 2.259800 0.039298 0.935276 -0.351730 9.108300 -0.004523 0.352165 0.935927 0.517900 0.000000 0.000000 0.000000 1.000000
0.999128 -0.037664 0.018010 2.259800 0.041607 0.933864 -0.355200 9.108300 -0.003441 0.355640 0.934617 0.517900 0.000000 0.000000 0.000000 1.000000
0.999152 -0.037300 0.017430 2.259800 0.041033 0.936857 -0.347297 9.108300 -0.003375 0.347717 0.937593 0.517900 0.000000 0.000000 0.000000 1.000000
0.999106 -0.038828 0.016720 2.259800 0.042202 0.939297 -0.340501 9.108300 -0.002484 0.340902 0.940096 0.517900 0.000000 0.000000 0.000000 1.000000
0.999082 -0.039496 0.016597 2.259800 0.042785 0.939690 -0.339339 9.108300 -0.002193 0.339738 0.940518 0.517900 0.000000 0.000000 0.000000 1.000000
0.999002 -0.041520 0.016443 2.259800 0.044638 0.939283 -0.340229 9.108300 -0.001318 0.340624 0.940199 0.517900 0.000000 0.000000 0.000000 1.000000
0.998818 -0.046043 0.015570 2.259800 0.048597 0.940493 -0.336320 9.108300 0.000841 0.336679 0.941619 0.517900 0.000000 0.000000 0.000000 1.000000
0.998617 -0.050373 0.015035 2.259800 0.052494 0.940232 -0.336465 9.108300 0.002812 0.336789 0.941576 0.517900 0.000000 0.000000 0.000000 1.000000
0.998419 -0.054235 0.014760 2.259800 0.056024 0.939074 -0.339118 9.108300 0.004531 0.339409 0.940628 0.517900 0.000000 0.000000 0.000000 1.000000
0.998318 -0.056049 0.014838 2.259800 0.057736 0.937573 -0.342962 9.108300 0.005311 0.343242 0.939232 0.517900 0.000000 0.000000 0.000000 1.000000
0.998282 -0.056569 0.015287 2.259800 0.058341 0.935084 -0.349593 9.108300 0.005481 0.349884 0.936777 0.517900 0.000000 0.000000 0.000000 1.000000
0.998321 -0.055593 0.016275 2.259800 0.057724 0.931277 -0.359709 9.108300 0.004841 0.360044 0.932923 0.517900 0.000000 0.000000 0.000000 1.000000
0.998546 -0.050892 0.017776 2.259800 0.053854 0.927137 -0.370833 9.108300 0.002392 0.371252 0.928529 0.517900 0.000000 0.000000 0.000000 1.000000
0.998649 -0.048440 0.018820 2.259800 0.051957 0.923452 -0.380180 9.108300 0.001037 0.380644 0.924721 0.517900 0.000000 0.000000 0.000000 1.000000
0.998639 -0.048322 0.019608 2.259800 0.052142 0.919418 -0.389811 9.108300 0.000809 0.390303 0.920686 0.517900 0.000000 0.000000 0.000000 1.000000
0.998711 -0.046824 0.019587 2.259800 0.050756 0.920508 -0.387414 9.108300 0.000111 0.387909 0.921698 0.517900 0.000000 0.000000 0.000000 1.000000
0.998771 -0.045563 0.019516 2.259800 0.049565 0.921195 -0.385931 9.108300 -0.000394 0.386424 0.922321 0.517900 0.000000 0.000000 0.000000 1.000000
0.998760 -0.045647 0.019873 2.259800 0.049784 0.919088 -0.390895 9.108300 -0.000421 0.391399 0.920221 0.517900 0.000000 0.000000 0.000000 1.000000
0.998695 -0.046808 0.020431 2.259800 0.051072 0.915865 -0.398225 9.108300 -0.000072 0.398749 0.917060 0.517900 0.000000 0.000000 0.000000 1.000000
0.998704 -0.046364 0.020997 2.259800 0.050895 0.913297 -0.404102 9.108300 -0.000441 0.404647 0.914473 0.517900 0.000000 0.000000 0.000000 1.000000
0.998897 -0.042044 0.020923 2.259800 0.046896 0.916670 -0.396883 9.108300 -0.002493 0.397426 0.917631 0.517900 0.000000 0.000000 0.000000 1.000000
0.999048 -0.038156 0.021142 2.259800 0.043400 0.918256 -0.393601 9.108300 -0.004396 0.394144 0.919038 0.517900 0.000000 0.000000 0.000000 1.000000
0.999121 -0.036365 0.020844 2.259800 0.041602 0.921015 -0.387298 9.108300 -0.005114 0.387825 0.921719 0.517900 0.000000 0.000000 0.000000 1.000000
0.999181 -0.034811 0.020637 2.259800 0.040059 0.923123 -0.382412 9.108300 -0.005738 0.382925 0.923761 0.517900 0.000000 0.000000 0.000000 1.000000</float_array>
        <technique_common>
          <accessor source="#mixamorig_RightHandIndex1-Matrix-animation-output-transform-array" count="37" stride="16">
            <param type="float4x4"/>
          </accessor>
        </technique_common>
      </source>
      <source id="mixamorig_RightHandIndex1-Interpolations">
        <Name_array id="mixamorig_RightHandIndex1-Interpolations-array" count="37">
 LINEAR LINEAR LINEAR LINEAR LINEAR LINEAR LINEAR LINEAR LINEAR LINEAR LINEAR
LINEAR LINEAR LINEAR LINEAR LINEAR LINEAR LINEAR LINEAR LINEAR LINEAR LINEAR LINEAR
LINEAR LINEAR LINEAR LINEAR LINEAR LINEAR LINEAR LINEAR LINEAR LINEAR LINEAR LINEAR
LINEAR LINEAR</Name_array>
        <technique_common>
          <accessor source="#mixamorig_RightHandIndex1-Interpolations-array" count="37">
            <param type="name"/>
          </accessor>
        </technique_common>
      </source>
      <sampler id="mixamorig_RightHandIndex1-Matrix-animation-transform">
        <input semantic="INPUT" source="#mixamorig_RightHandIndex1-Matrix-animation-input"/>
        <input semantic="OUTPUT" source="#mixamorig_RightHandIndex1-Matrix-animation-output-transform"/>
        <input semantic="INTERPOLATION" source="#mixamorig_RightHandIndex1-Interpolations"/>
      </sampler>
      <channel source="#mixamorig_RightHandIndex1-Matrix-animation-transform" target="mixamorig_RightHandIndex1/matrix"/>
    </animation>
    <animation id="mixamorig_RightHandIndex2-anim" name="mixamorig_RightHandIndex2">
      <source id="mixamorig_RightHandIndex2-Matrix-animation-input">
        <float_array id="mixamorig_RightHandIndex2-Matrix-animation-input-array" count="37">

0.000000 0.033333 0.066667 0.100000 0.133333 0.166667 0.200000 0.233333 0.266667 0.300000 0.333333 0.366667 0.400000 0.433333 0.466667 0.500000
0.533333 0.566667 0.600000 0.633333 0.666667 0.700000 0.733333 0.766667 0.800000 0.833333 0.866667 0.900000 0.933333 0.966667 1.000000 1.033333
1.066667 1.100000 1.133333 1.166667 1.200000</float_array>
        <technique_common>
          <accessor source="#mixamorig_RightHandIndex2-Matrix-animation-input-array" count="37">
            <param name="TIME" type="float"/>
          </accessor>
        </technique_common>
      </source>
      <source id="mixamorig_RightHandIndex2-Matrix-animation-output-transform">
        <float_array id="mixamorig_RightHandIndex2-Matrix-animation-output-transform-array" count="592">

0.998374 -0.053393 0.019957 0.000000 0.053393 0.753413 -0.655377 3.700000 0.019957 0.655377 0.755038 0.000000 0.000000 0.000000 0.000000 1.000000
0.998338 -0.053903 0.020404 0.000000 0.053902 0.747887 -0.661634 3.700000 0.020404 0.661634 0.749549 0.000000 0.000000 0.000000 0.000000 1.000000
0.998341 -0.053852 0.020360 0.000000 0.053852 0.748438 -0.661015 3.700000 0.020359 0.661015 0.750096 0.000000 0.000000 0.000000 0.000000 1.000000
0.998340 -0.053866 0.020372 0.000000 0.053866 0.748286 -0.661185 3.700000 0.020371 0.661185 0.749946 0.000000 0.000000 0.000000 0.000000 1.000000
0.998339 -0.053885 0.020388 0.000000 0.053885 0.748078 -0.661420 3.700000 0.020389 0.661420 0.749739 0.000000 0.000000 0.000000 0.000000 1.000000
0.998337 -0.053909 0.020409 0.000000 0.053909 0.747819 -0.661711 3.700000 0.020409 0.661711 0.749482 0.000000 0.000000 0.000000 0.000000 1.000000
0.998335 -0.053937 0.020434 0.000000 0.053937 0.747509 -0.662059 3.700000 0.020434 0.662059 0.749174 0.000000 0.000000 0.000000 0.000000 1.000000
0.998333 -0.053970 0.020464 -0.000000 0.053970 0.747145 -0.662466 3.700000 0.020464 0.662466 0.748812 0.000000 0.000000 0.000000 0.000000 1.000000
0.998330 -0.054008 0.020498 0.000000 0.054008 0.746727 -0.662935 3.700000 0.020498 0.662935 0.748396 0.000000 0.000000 0.000000 0.000000 1.000000
0.998327 -0.054051 0.020536 0.000000 0.054051 0.746254 -0.663464 3.700000 0.020536 0.663464 0.747927 0.000000 0.000000 0.000000 0.000000 1.000000
0.998319 -0.054160 0.020632 0.000000 0.054160 0.745063 -0.664792 3.700000 0.020632 0.664792 0.746744 0.000000 0.000000 0.000000 0.000000 1.000000
0.998343 -0.053829 0.020339 0.000000 0.053829 0.748692 -0.660729 3.700000 0.020338 0.660729 0.750349 0.000000 0.000000 0.000000 0.000000 1.000000
0.998384 -0.053253 0.019836 0.000000 0.053253 0.754906 -0.653667 3.700000 0.019836 0.653667 0.756522 -0.000000 0.000000 0.000000 0.000000 1.000000
0.998375 -0.053383 0.019948 0.000000 0.053383 0.753518 -0.655256 3.700000 0.019948 0.655256 0.755143 -0.000000 0.000000 0.000000 0.000000 1.000000
0.998370 -0.053451 0.020007 0.000000 0.053450 0.752789 -0.656088 3.700000 0.020007 0.656088 0.754419 0.000000 0.000000 0.000000 0.000000 1.000000
0.998384 -0.053257 0.019838 0.000000 0.053256 0.754873 -0.653705 3.700000 0.019839 0.653705 0.756489 0.000000 0.000000 0.000000 0.000000 1.000000
0.998423 -0.052692 0.019354 0.000000 0.052692 0.760854 -0.646780 3.700000 0.019354 0.646780 0.762431 0.000000 0.000000 0.000000 0.000000 1.000000
0.998420 -0.052736 0.019391 0.000000 0.052736 0.760396 -0.647315 3.700000 0.019392 0.647315 0.761976 0.000000 0.000000 0.000000 0.000000 1.000000
0.998415 -0.052812 0.019457 0.000000 0.052812 0.759590 -0.648254 3.700000 0.019457 0.648254 0.761175 0.000000 0.000000 0.000000 0.000000 1.000000
0.998434 -0.052538 0.019224 0.000000 0.052538 0.762468 -0.644889 3.700000 0.019224 0.644889 0.764034 0.000000 0.000000 0.000000 0.000000 1.000000
0.998468 -0.052036 0.018802 0.000000 0.052036 0.767676 -0.638722 3.700000 0.018802 0.638722 0.769207 0.000000 0.000000 0.000000 0.000000 1.000000
0.998472 -0.051979 0.018755 -0.000000 0.051979 0.768260 -0.638024 3.700000 0.018755 0.638024 0.769788 0.000000 0.000000 0.000000 0.000000 1.000000
0.998525 -0.051193 0.018111 0.000000 0.051193 0.776226 -0.628373 3.700000 0.018110 0.628373 0.777701 0.000000 0.000000 0.000000 0.000000 1.000000
0.998519 -0.051284 0.018184 0.000000 0.051284 0.775308 -0.629498 3.700000 0.018185 0.629498 0.776789 -0.000000 0.000000 0.000000 0.000000 1.000000
0.998483 -0.051823 0.018626 0.000000 0.051823 0.769857 -0.636109 3.700000 0.018626 0.636109 0.771375 -0.000000 0.000000 0.000000 0.000000 1.000000
0.998388 -0.053199 0.019789 0.000000 0.053199 0.755489 -0.652998 3.700000 0.019789 0.652998 0.757101 0.000000 0.000000 0.000000 0.000000 1.000000
0.998385 -0.053242 0.019826 -0.000000 0.053242 0.755026 -0.653530 3.700000 0.019826 0.653530 0.756641 0.000000 0.000000 0.000000 0.000000 1.000000
0.998383 -0.053268 0.019849 0.000000 0.053268 0.754747 -0.653849 3.700000 0.019849 0.653849 0.756364 -0.000000 0.000000 0.000000 0.000000 1.000000
0.998381 -0.053302 0.019878 -0.000000 0.053302 0.754380 -0.654271 3.700000 0.019878 0.654271 0.755999 0.000000 0.000000 0.000000 0.000000 1.000000
0.998368 -0.053486 0.020038 0.000000 0.053486 0.752405 -0.656526 3.700000 0.020038 0.656526 0.754037 0.000000 0.000000 0.000000 0.000000 1.000000
0.998314 -0.054228 0.020693 -0.000000 0.054228 0.744309 -0.665630 3.700000 0.020693 0.665630 0.745995 0.000000 0.000000 0.000000 0.000000 1.000000
0.998325 -0.054074 0.020555 0.000000 0.054074 0.746012 -0.663734 3.700000 0.020556 0.663734 0.747686 0.000000 0.000000 0.000000 0.000000 1.000000
0.998366 -0.053513 0.020062 -0.000000 0.053513 0.752113 -0.656858 3.700000 0.020062 0.656858 0.753747 0.000000 0.000000 0.000000 0.000000 1.000000
0.998317 -0.054186 0.020656 0.000000 0.054186 0.744772 -0.665116 3.700000 0.020656 0.665116 0.746454 0.000000 0.000000 0.000000 0.000000 1.000000
0.998366 -0.053511 0.020060 -0.000000 0.053511 0.752139 -0.656828 3.700000 0.020060 0.656828 0.753774 0.000000 0.000000 0.000000 0.000000 1.000000
0.998307 -0.054328 0.020783 -0.000000 0.054328 0.743199 -0.666861 3.700000 0.020783 0.666861 0.744892 0.000000 0.000000 0.000000 0.000000 1.000000
0.998374 -0.053393 0.019956 0.000000 0.053393 0.753413 -0.655377 3.700000 0.019957 0.655377 0.755039 0.000000 0.000000 0.000000 0.000000 1.000000</float_array>
        <technique_common>
          <accessor source="#mixamorig_RightHandIndex2-Matrix-animation-output-transform-array" count="37" stride="16">
            <param type="float4x4"/>
          </accessor>
        </technique_common>
      </source>
      <source id="mixamorig_RightHandIndex2-Interpolations">
        <Name_array id="mixamorig_RightHandIndex2-Interpolations-array" count="37">
 LINEAR LINEAR LINEAR LINEAR LINEAR LINEAR LINEAR LINEAR LINEAR LINEAR LINEAR
LINEAR LINEAR LINEAR LINEAR LINEAR LINEAR LINEAR LINEAR LINEAR LINEAR LINEAR LINEAR
LINEAR LINEAR LINEAR LINEAR LINEAR LINEAR LINEAR LINEAR LINEAR LINEAR LINEAR LINEAR
LINEAR LINEAR</Name_array>
        <technique_common>
          <accessor source="#mixamorig_RightHandIndex2-Interpolations-array" count="37">
            <param type="name"/>
          </accessor>
        </technique_common>
      </source>
      <sampler id="mixamorig_RightHandIndex2-Matrix-animation-transform">
        <input semantic="INPUT" source="#mixamorig_RightHandIndex2-Matrix-animation-input"/>
        <input semantic="OUTPUT" source="#mixamorig_RightHandIndex2-Matrix-animation-output-transform"/>
        <input semantic="INTERPOLATION" source="#mixamorig_RightHandIndex2-Interpolations"/>
      </sampler>
      <channel source="#mixamorig_RightHandIndex2-Matrix-animation-transform" target="mixamorig_RightHandIndex2/matrix"/>
    </animation>
    <animation id="mixamorig_RightHandIndex3-anim" name="mixamorig_RightHandIndex3">
      <source id="mixamorig_RightHandIndex3-Matrix-animation-input">
        <float_array id="mixamorig_RightHandIndex3-Matrix-animation-input-array" count="37">

0.000000 0.033333 0.066667 0.100000 0.133333 0.166667 0.200000 0.233333 0.266667 0.300000 0.333333 0.366667 0.400000 0.433333 0.466667 0.500000
0.533333 0.566667 0.600000 0.633333 0.666667 0.700000 0.733333 0.766667 0.800000 0.833333 0.866667 0.900000 0.933333 0.966667 1.000000 1.033333
1.066667 1.100000 1.133333 1.166667 1.200000</float_array>
        <technique_common>
          <accessor source="#mixamorig_RightHandIndex3-Matrix-animation-input-array" count="37">
            <param name="TIME" type="float"/>
          </accessor>
        </technique_common>
      </source>
      <source id="mixamorig_RightHandIndex3-Matrix-animation-output-transform">
        <float_array id="mixamorig_RightHandIndex3-Matrix-animation-output-transform-array" count="592">

0.999656 -0.025874 0.004219 0.000000 0.025874 0.947875 -0.317591 2.850000 0.004219 0.317591 0.948218 0.000000 0.000000 0.000000 0.000000 1.000000
0.999657 -0.025832 0.004205 0.000000 0.025833 0.948043 -0.317091 2.850000 0.004205 0.317091 0.948386 0.000000 0.000000 0.000000 0.000000 1.000000
0.999655 -0.025915 0.004232 0.000000 0.025915 0.947704 -0.318098 2.850000 0.004233 0.318098 0.948048 0.000000 0.000000 0.000000 0.000000 1.000000
0.999653 -0.025994 0.004259 0.000000 0.025994 0.947377 -0.319063 2.850000 0.004259 0.319063 0.947724 -0.000000 0.000000 0.000000 0.000000 1.000000
0.999653 -0.026003 0.004262 0.000000 0.026003 0.947338 -0.319177 2.850000 0.004262 0.319177 0.947685 0.000000 0.000000 0.000000 0.000000 1.000000
0.999653 -0.026009 0.004264 0.000000 0.026009 0.947313 -0.319253 2.850000 0.004264 0.319253 0.947660 0.000000 0.000000 0.000000 0.000000 1.000000
0.999653 -0.026013 0.004265 0.000000 0.026013 0.947297 -0.319299 2.850000 0.004265 0.319299 0.947644 0.000000 0.000000 0.000000 0.000000 1.000000
0.999652 -0.026016 0.004266 -0.000000 0.026016 0.947286 -0.319332 2.850000 0.004266 0.319332 0.947633 0.000000 0.000000 0.000000 0.000000 1.000000
0.999652 -0.026017 0.004267 -0.000000 0.026017 0.947280 -0.319348 2.850000 0.004267 0.319348 0.947628 0.000000 0.000000 0.000000 0.000000 1.000000
0.999652 -0.026017 0.004267 0.000000 0.026017 0.947281 -0.319346 2.850000 0.004267 0.319346 0.947629 0.000000 0.000000 0.000000 0.000000 1.000000
0.999652 -0.026015 0.004266 -0.000000 0.026015 0.947289 -0.319322 2.850000 0.004266 0.319322 0.947637 -0.000000 0.000000 0.000000 0.000000 1.000000
0.999653 -0.026009 0.004264 0.000000 0.026009 0.947312 -0.319254 2.850000 0.004264 0.319254 0.947659 0.000000 0.000000 0.000000 0.000000 1.000000
0.999654 -0.025967 0.004250 0.000000 0.025967 0.947486 -0.318740 2.850000 0.004250 0.318740 0.947833 0.000000 0.000000 0.000000 0.000000 1.000000
0.999655 -0.025904 0.004229 0.000000 0.025904 0.947750 -0.317960 2.850000 0.004229 0.317960 0.948095 0.000000 0.000000 0.000000 0.000000 1.000000
0.999658 -0.025830 0.004204 0.000000 0.025830 0.948056 -0.317053 2.850000 0.004204 0.317053 0.948399 -0.000000 0.000000 0.000000 0.000000 1.000000
0.999663 -0.025635 0.004139 0.000000 0.025635 0.948859 -0.314659 2.850000 0.004139 0.314659 0.949196 0.000000 0.000000 0.000000 0.000000 1.000000
0.999663 -0.025619 0.004134 0.000000 0.025619 0.948924 -0.314462 2.850000 0.004134 0.314462 0.949261 -0.000000 0.000000 0.000000 0.000000 1.000000
0.999663 -0.025609 0.004130 0.000000 0.025609 0.948963 -0.314346 2.850000 0.004131 0.314346 0.949300 0.000000 0.000000 0.000000 0.000000 1.000000
0.999665 -0.025561 0.004114 0.000000 0.025561 0.949160 -0.313754 2.850000 0.004115 0.313754 0.949496 -0.000000 0.000000 0.000000 0.000000 1.000000
0.999666 -0.025527 0.004103 -0.000000 0.025527 0.949301 -0.313330 2.850000 0.004103 0.313330 0.949636 0.000000 0.000000 0.000000 0.000000 1.000000
0.999666 -0.025526 0.004103 0.000000 0.025526 0.949304 -0.313322 2.850000 0.004103 0.313322 0.949638 0.000000 0.000000 0.000000 0.000000 1.000000
0.999667 -0.025482 0.004089 0.000000 0.025482 0.949481 -0.312788 2.850000 0.004089 0.312788 0.949814 0.000000 0.000000 0.000000 0.000000 1.000000
0.999668 -0.025443 0.004075 0.000000 0.025443 0.949641 -0.312305 2.850000 0.004076 0.312305 0.949973 -0.000000 0.000000 0.000000 0.000000 1.000000
0.999666 -0.025507 0.004097 0.000000 0.025508 0.949378 -0.313099 2.850000 0.004097 0.313099 0.949712 0.000000 0.000000 0.000000 0.000000 1.000000
0.999663 -0.025632 0.004138 0.000000 0.025632 0.948872 -0.314618 2.850000 0.004138 0.314618 0.949209 0.000000 0.000000 0.000000 0.000000 1.000000
0.999661 -0.025715 0.004166 0.000000 0.025715 0.948530 -0.315642 2.850000 0.004166 0.315642 0.948869 0.000000 0.000000 0.000000 0.000000 1.000000
0.999658 -0.025801 0.004194 -0.000000 0.025801 0.948177 -0.316694 2.850000 0.004194 0.316694 0.948518 0.000000 0.000000 0.000000 0.000000 1.000000
0.999656 -0.025886 0.004223 -0.000000 0.025886 0.947823 -0.317744 2.850000 0.004223 0.317744 0.948167 -0.000000 0.000000 0.000000 0.000000 1.000000
0.999653 -0.026007 0.004264 0.000000 0.026007 0.947322 -0.319224 2.850000 0.004263 0.319224 0.947670 -0.000000 0.000000 0.000000 0.000000 1.000000
0.999654 -0.025963 0.004249 0.000000 0.025963 0.947506 -0.318682 2.850000 0.004248 0.318682 0.947852 -0.000000 0.000000 0.000000 0.000000 1.000000
0.999653 -0.025979 0.004254 0.000000 0.025979 0.947437 -0.318887 2.850000 0.004254 0.318887 0.947783 -0.000000 0.000000 0.000000 0.000000 1.000000
0.999651 -0.026065 0.004283 0.000000 0.026065 0.947080 -0.319939 2.850000 0.004283 0.319939 0.947429 0.000000 0.000000 0.000000 0.000000 1.000000
0.999654 -0.025975 0.004253 0.000000 0.025975 0.947453 -0.318840 2.850000 0.004253 0.318840 0.947799 0.000000 0.000000 0.000000 0.000000 1.000000
0.999654 -0.025965 0.004249 -0.000000 0.025965 0.947495 -0.318715 2.850000 0.004249 0.318715 0.947841 -0.000000 0.000000 0.000000 0.000000 1.000000
0.999655 -0.025927 0.004236 0.000000 0.025927 0.947656 -0.318239 2.850000 0.004236 0.318239 0.948001 0.000000 0.000000 0.000000 0.000000 1.000000
0.999655 -0.025931 0.004238 0.000000 0.025931 0.947639 -0.318289 2.850000 0.004238 0.318289 0.947984 0.000000 0.000000 0.000000 0.000000 1.000000
0.999656 -0.025874 0.004219 -0.000000 0.025874 0.947875 -0.317591 2.850000 0.004219 0.317591 0.948218 -0.000000 0.000000 0.000000 0.000000 1.000000</float_array>
        <technique_common>
          <accessor source="#mixamorig_RightHandIndex3-Matrix-animation-output-transform-array" count="37" stride="16">
            <param type="float4x4"/>
          </accessor>
        </technique_common>
      </source>
      <source id="mixamorig_RightHandIndex3-Interpolations">
        <Name_array id="mixamorig_RightHandIndex3-Interpolations-array" count="37">
 LINEAR LINEAR LINEAR LINEAR LINEAR LINEAR LINEAR LINEAR LINEAR LINEAR LINEAR
LINEAR LINEAR LINEAR LINEAR LINEAR LINEAR LINEAR LINEAR LINEAR LINEAR LINEAR LINEAR
LINEAR LINEAR LINEAR LINEAR LINEAR LINEAR LINEAR LINEAR LINEAR LINEAR LINEAR LINEAR
LINEAR LINEAR</Name_array>
        <technique_common>
          <accessor source="#mixamorig_RightHandIndex3-Interpolations-array" count="37">
            <param type="name"/>
          </accessor>
        </technique_common>
      </source>
      <sampler id="mixamorig_RightHandIndex3-Matrix-animation-transform">
        <input semantic="INPUT" source="#mixamorig_RightHandIndex3-Matrix-animation-input"/>
        <input semantic="OUTPUT" source="#mixamorig_RightHandIndex3-Matrix-animation-output-transform"/>
        <input semantic="INTERPOLATION" source="#mixamorig_RightHandIndex3-Interpolations"/>
      </sampler>
      <channel source="#mixamorig_RightHandIndex3-Matrix-animation-transform" target="mixamorig_RightHandIndex3/matrix"/>
    </animation>
    <animation id="mixamorig_RightHandMiddle1-anim" name="mixamorig_RightHandMiddle1">
      <source id="mixamorig_RightHandMiddle1-Matrix-animation-input">
        <float_array id="mixamorig_RightHandMiddle1-Matrix-animation-input-array" count="37">

0.000000 0.033333 0.066667 0.100000 0.133333 0.166667 0.200000 0.233333 0.266667 0.300000 0.333333 0.366667 0.400000 0.433333 0.466667 0.500000
0.533333 0.566667 0.600000 0.633333 0.666667 0.700000 0.733333 0.766667 0.800000 0.833333 0.866667 0.900000 0.933333 0.966667 1.000000 1.033333
1.066667 1.100000 1.133333 1.166667 1.200000</float_array>
        <technique_common>
          <accessor source="#mixamorig_RightHandMiddle1-Matrix-animation-input-array" count="37">
            <param name="TIME" type="float"/>
          </accessor>
        </technique_common>
      </source>
      <source id="mixamorig_RightHandMiddle1-Matrix-animation-output-transform">
        <float_array id="mixamorig_RightHandMiddle1-Matrix-animation-output-transform-array" count="592">

0.994783 -0.094964 0.037255 0.000000 0.099020 0.811143 -0.576405 9.532500 0.024518 0.577087 0.816315 0.000000 0.000000 0.000000 0.000000 1.000000
0.994843 -0.094508 0.036806 0.000000 0.098526 0.814439 -0.571823 9.532500 0.024065 0.572500 0.819551 0.000000 0.000000 0.000000 0.000000 1.000000
0.994865 -0.094514 0.036206 0.000000 0.098369 0.818760 -0.565647 9.532500 0.023818 0.566304 0.823853 0.000000 0.000000 0.000000 0.000000 1.000000
0.994914 -0.094235 0.035583 0.000000 0.097973 0.823238 -0.559178 9.532500 0.023401 0.559820 0.828284 0.000000 0.000000 0.000000 0.000000 1.000000
0.994948 -0.094056 0.035106 0.000000 0.097700 0.826637 -0.554189 9.532500 0.023105 0.554819 0.831650 -0.000000 0.000000 0.000000 0.000000 1.000000
0.994917 -0.094475 0.034862 -0.000000 0.097984 0.828317 -0.551626 9.532500 0.023238 0.552238 0.833363 -0.000000 0.000000 0.000000 0.000000 1.000000
0.994960 -0.094087 0.034685 0.000000 0.097615 0.829609 -0.549746 9.532500 0.022949 0.550361 0.834612 0.000000 0.000000 0.000000 0.000000 1.000000
0.995208 -0.091486 0.034516 0.000000 0.095401 0.831068 -0.547927 9.532500 0.021443 0.548595 0.835814 -0.000000 0.000000 0.000000 0.000000 1.000000
0.995441 -0.088940 0.034444 0.000000 0.093254 0.831839 -0.547126 9.532500 0.020010 0.547844 0.836341 0.000000 0.000000 0.000000 0.000000 1.000000
0.995617 -0.086953 0.034440 0.000000 0.091593 0.832055 -0.547078 9.532500 0.018914 0.547835 0.836373 0.000000 0.000000 0.000000 0.000000 1.000000
0.995798 -0.085006 0.034060 -0.000000 0.089845 0.834902 -0.543015 9.532500 0.017723 0.543794 0.839032 -0.000000 0.000000 0.000000 0.000000 1.000000
0.995857 -0.084595 0.033340 0.000000 0.089272 0.839955 -0.535263 9.532500 0.017276 0.536022 0.844027 0.000000 0.000000 0.000000 0.000000 1.000000
0.995528 -0.088411 0.033272 0.000000 0.092469 0.840055 -0.534563 9.532500 0.019311 0.535249 0.844473 0.000000 0.000000 0.000000 0.000000 1.000000
0.995044 -0.093502 0.033823 0.000000 0.096904 0.835703 -0.540565 9.532500 0.022278 0.541164 0.840622 0.000000 0.000000 0.000000 0.000000 1.000000
0.994657 -0.097282 0.034564 -0.000000 0.100249 0.830106 -0.548520 9.532500 0.024669 0.549054 0.835423 -0.000000 0.000000 0.000000 0.000000 1.000000
0.994372 -0.100061 0.034809 0.000000 0.102620 0.828067 -0.551158 9.532500 0.026325 0.551628 0.833675 0.000000 0.000000 0.000000 0.000000 1.000000
0.993979 -0.103931 0.034687 -0.000000 0.105817 0.828475 -0.549938 9.532500 0.028419 0.550297 0.834485 0.000000 0.000000 0.000000 0.000000 1.000000
0.993624 -0.107280 0.034670 0.000000 0.108602 0.828180 -0.549839 9.532500 0.030274 0.550099 0.834551 0.000000 0.000000 0.000000 0.000000 1.000000
0.993339 -0.109927 0.034552 -0.000000 0.110789 0.828675 -0.548657 9.532500 0.031680 0.548830 0.835334 0.000000 0.000000 0.000000 0.000000 1.000000
0.992797 -0.114865 0.034050 0.000000 0.114847 0.831543 -0.543458 9.532500 0.034110 0.543454 0.838746 -0.000000 0.000000 0.000000 0.000000 1.000000
0.992059 -0.121254 0.033417 0.000000 0.120148 0.835041 -0.536909 9.532500 0.037197 0.536660 0.842978 -0.000000 0.000000 0.000000 0.000000 1.000000
0.991468 -0.126087 0.033072 0.000000 0.124198 0.836705 -0.533385 9.532500 0.039581 0.532941 0.845226 0.000000 0.000000 0.000000 0.000000 1.000000
0.991183 -0.128301 0.033102 0.000000 0.126061 0.836156 -0.533808 9.532500 0.040810 0.533274 0.844958 -0.000000 0.000000 0.000000 0.000000 1.000000
0.991248 -0.127732 0.033333 0.000000 0.125586 0.834651 -0.536271 9.532500 0.040678 0.535764 0.843388 0.000000 0.000000 0.000000 0.000000 1.000000
0.991624 -0.124547 0.034196 0.000000 0.122945 0.829139 -0.545356 9.532500 0.039569 0.544993 0.837507 0.000000 0.000000 0.000000 0.000000 1.000000
0.992314 -0.118670 0.035069 0.000000 0.118115 0.823850 -0.554364 9.532500 0.036895 0.554246 0.831535 0.000000 0.000000 0.000000 0.000000 1.000000
0.992764 -0.114488 0.036234 -0.000000 0.114788 0.816129 -0.566354 9.532500 0.035269 0.566415 0.823365 0.000000 0.000000 0.000000 0.000000 1.000000
0.992868 -0.113342 0.036960 0.000000 0.113945 0.811047 -0.573776 9.532500 0.035056 0.573895 0.818178 0.000000 0.000000 0.000000 0.000000 1.000000
0.993096 -0.111405 0.036729 -0.000000 0.112330 0.812973 -0.571364 9.532500 0.033793 0.571545 0.819875 0.000000 0.000000 0.000000 0.000000 1.000000
0.993365 -0.108956 0.036808 0.000000 0.110342 0.812720 -0.572111 9.532500 0.032420 0.572376 0.819350 0.000000 0.000000 0.000000 0.000000 1.000000
0.993462 -0.108087 0.036749 0.000000 0.109621 0.813261 -0.571480 9.532500 0.031883 0.571772 0.819793 0.000000 0.000000 0.000000 0.000000 1.000000
0.993376 -0.108801 0.036973 0.000000 0.110243 0.811550 -0.573788 9.532500 0.032423 0.574063 0.818169 0.000000 0.000000 0.000000 0.000000 1.000000
0.993403 -0.108478 0.037192 0.000000 0.110017 0.810007 -0.576008 9.532500 0.032358 0.576299 0.816598 0.000000 0.000000 0.000000 0.000000 1.000000
0.993701 -0.105694 0.037243 0.000000 0.107759 0.809991 -0.576457 9.532500 0.030762 0.576839 0.816279 -0.000000 0.000000 0.000000 0.000000 1.000000
0.994190 -0.100919 0.037439 -0.000000 0.103914 0.809139 -0.578357 9.532500 0.028074 0.578887 0.814924 0.000000 0.000000 0.000000 0.000000 1.000000
0.994456 -0.098306 0.037318 0.000000 0.101759 0.810321 -0.577083 9.532500 0.026491 0.577681 0.815833 0.000000 0.000000 0.000000 0.000000 1.000000
0.994783 -0.094964 0.037255 -0.000000 0.099020 0.811143 -0.576405 9.532500 0.024518 0.577087 0.816315 0.000000 0.000000 0.000000 0.000000 1.000000</float_array>
        <technique_common>
          <accessor source="#mixamorig_RightHandMiddle1-Matrix-animation-output-transform-array" count="37" stride="16">
            <param type="float4x4"/>
          </accessor>
        </technique_common>
      </source>
      <source id="mixamorig_RightHandMiddle1-Interpolations">
        <Name_array id="mixamorig_RightHandMiddle1-Interpolations-array" count="37">
 LINEAR LINEAR LINEAR LINEAR LINEAR LINEAR LINEAR LINEAR LINEAR LINEAR LINEAR
LINEAR LINEAR LINEAR LINEAR LINEAR LINEAR LINEAR LINEAR LINEAR LINEAR LINEAR LINEAR
LINEAR LINEAR LINEAR LINEAR LINEAR LINEAR LINEAR LINEAR LINEAR LINEAR LINEAR LINEAR
LINEAR LINEAR</Name_array>
        <technique_common>
          <accessor source="#mixamorig_RightHandMiddle1-Interpolations-array" count="37">
            <param type="name"/>
          </accessor>
        </technique_common>
      </source>
      <sampler id="mixamorig_RightHandMiddle1-Matrix-animation-transform">
        <input semantic="INPUT" source="#mixamorig_RightHandMiddle1-Matrix-animation-input"/>
        <input semantic="OUTPUT" source="#mixamorig_RightHandMiddle1-Matrix-animation-output-transform"/>
        <input semantic="INTERPOLATION" source="#mixamorig_RightHandMiddle1-Interpolations"/>
      </sampler>
      <channel source="#mixamorig_RightHandMiddle1-Matrix-animation-transform" target="mixamorig_RightHandMiddle1/matrix"/>
    </animation>
    <animation id="mixamorig_RightHandMiddle2-anim" name="mixamorig_RightHandMiddle2">
      <source id="mixamorig_RightHandMiddle2-Matrix-animation-input">
        <float_array id="mixamorig_RightHandMiddle2-Matrix-animation-input-array" count="37">

0.000000 0.033333 0.066667 0.100000 0.133333 0.166667 0.200000 0.233333 0.266667 0.300000 0.333333 0.366667 0.400000 0.433333 0.466667 0.500000
0.533333 0.566667 0.600000 0.633333 0.666667 0.700000 0.733333 0.766667 0.800000 0.833333 0.866667 0.900000 0.933333 0.966667 1.000000 1.033333
1.066667 1.100000 1.133333 1.166667 1.200000</float_array>
        <technique_common>
          <accessor source="#mixamorig_RightHandMiddle2-Matrix-animation-input-array" count="37">
            <param name="TIME" type="float"/>
          </accessor>
        </technique_common>
      </source>
      <source id="mixamorig_RightHandMiddle2-Matrix-animation-output-transform">
        <float_array id="mixamorig_RightHandMiddle2-Matrix-animation-output-transform-array" count="592">

0.998591 -0.050170 0.017296 0.000000 0.050170 0.786284 -0.615825 3.700000 0.017296 0.615825 0.787693 0.000000 0.000000 0.000000 0.000000 1.000000
0.998592 -0.050159 0.017288 -0.000000 0.050159 0.786391 -0.615690 3.700000 0.017287 0.615690 0.787799 0.000000 0.000000 0.000000 0.000000 1.000000
0.998588 -0.050221 0.017336 -0.000000 0.050221 0.785794 -0.616446 3.700000 0.017336 0.616446 0.787206 0.000000 0.000000 0.000000 0.000000 1.000000
0.998585 -0.050259 0.017365 -0.000000 0.050259 0.785429 -0.616908 3.700000 0.017366 0.616908 0.786843 0.000000 0.000000 0.000000 0.000000 1.000000
0.998587 -0.050226 0.017340 -0.000000 0.050226 0.785747 -0.616505 3.700000 0.017340 0.616505 0.787160 0.000000 0.000000 0.000000 0.000000 1.000000
0.998578 -0.050371 0.017454 0.000000 0.050371 0.784337 -0.618286 3.700000 0.017454 0.618286 0.785759 0.000000 0.000000 0.000000 0.000000 1.000000
0.998579 -0.050351 0.017438 0.000000 0.050351 0.784537 -0.618035 3.700000 0.017438 0.618035 0.785957 -0.000000 0.000000 0.000000 0.000000 1.000000
0.998579 -0.050356 0.017442 0.000000 0.050355 0.784488 -0.618097 3.700000 0.017442 0.618097 0.785909 0.000000 0.000000 0.000000 0.000000 1.000000
0.998579 -0.050351 0.017438 0.000000 0.050351 0.784534 -0.618038 3.700000 0.017438 0.618038 0.785955 0.000000 0.000000 0.000000 0.000000 1.000000
0.998584 -0.050279 0.017382 0.000000 0.050279 0.785232 -0.617157 3.700000 0.017381 0.617157 0.786648 -0.000000 0.000000 0.000000 0.000000 1.000000
0.998589 -0.050203 0.017322 0.000000 0.050203 0.785967 -0.616227 3.700000 0.017322 0.616227 0.787378 0.000000 0.000000 0.000000 0.000000 1.000000
0.998600 -0.050021 0.017179 0.000000 0.050021 0.787729 -0.613987 3.700000 0.017180 0.613987 0.789129 0.000000 0.000000 0.000000 0.000000 1.000000
0.998614 -0.049803 0.017010 0.000000 0.049803 0.789817 -0.611318 3.700000 0.017010 0.611318 0.791202 0.000000 0.000000 0.000000 0.000000 1.000000
0.998620 -0.049707 0.016935 0.000000 0.049707 0.790739 -0.610132 3.700000 0.016936 0.610132 0.792119 0.000000 0.000000 0.000000 0.000000 1.000000
0.998632 -0.049524 0.016795 0.000000 0.049524 0.792479 -0.607886 3.700000 0.016795 0.607886 0.793847 0.000000 0.000000 0.000000 0.000000 1.000000
0.998657 -0.049124 0.016491 0.000000 0.049124 0.796241 -0.602982 3.700000 0.016490 0.602982 0.797585 -0.000000 0.000000 0.000000 0.000000 1.000000
0.998666 -0.048971 0.016375 -0.000000 0.048971 0.797668 -0.601105 3.700000 0.016375 0.601105 0.799002 0.000000 0.000000 0.000000 0.000000 1.000000
0.998672 -0.048879 0.016306 0.000000 0.048880 0.798519 -0.599982 3.700000 0.016306 0.599982 0.799847 0.000000 0.000000 0.000000 0.000000 1.000000
0.998674 -0.048837 0.016274 -0.000000 0.048837 0.798916 -0.599457 3.700000 0.016274 0.599457 0.800242 -0.000000 0.000000 0.000000 0.000000 1.000000
0.998677 -0.048784 0.016234 0.000000 0.048784 0.799410 -0.598803 3.700000 0.016234 0.598803 0.800732 0.000000 0.000000 0.000000 0.000000 1.000000
0.998686 -0.048649 0.016133 0.000000 0.048649 0.800657 -0.597145 3.700000 0.016133 0.597145 0.801971 0.000000 0.000000 0.000000 0.000000 1.000000
0.998693 -0.048523 0.016040 0.000000 0.048523 0.801811 -0.595604 3.700000 0.016040 0.595604 0.803118 0.000000 0.000000 0.000000 0.000000 1.000000
0.998698 -0.048441 0.015979 -0.000000 0.048441 0.802566 -0.594593 3.700000 0.015979 0.594593 0.803868 0.000000 0.000000 0.000000 0.000000 1.000000
0.998697 -0.048457 0.015991 0.000000 0.048457 0.802418 -0.594792 3.700000 0.015991 0.594792 0.803720 -0.000000 0.000000 0.000000 0.000000 1.000000
0.998689 -0.048597 0.016094 -0.000000 0.048597 0.801134 -0.596508 3.700000 0.016095 0.596508 0.802445 0.000000 0.000000 0.000000 0.000000 1.000000
0.998672 -0.048876 0.016303 0.000000 0.048876 0.798552 -0.599939 3.700000 0.016304 0.599939 0.799880 0.000000 0.000000 0.000000 0.000000 1.000000
0.998649 -0.049239 0.016577 -0.000000 0.049238 0.795169 -0.604386 3.700000 0.016577 0.604386 0.796519 0.000000 0.000000 0.000000 0.000000 1.000000
0.998642 -0.049361 0.016671 0.000000 0.049361 0.794016 -0.605889 3.700000 0.016671 0.605889 0.795374 -0.000000 0.000000 0.000000 0.000000 1.000000
0.998638 -0.049423 0.016718 0.000000 0.049423 0.793430 -0.606652 3.700000 0.016718 0.606652 0.794792 0.000000 0.000000 0.000000 0.000000 1.000000
0.998633 -0.049510 0.016784 -0.000000 0.049510 0.792609 -0.607716 3.700000 0.016784 0.607716 0.793977 0.000000 0.000000 0.000000 0.000000 1.000000
0.998628 -0.049585 0.016842 0.000000 0.049585 0.791903 -0.608631 3.700000 0.016842 0.608631 0.793275 -0.000000 0.000000 0.000000 0.000000 1.000000
0.998611 -0.049857 0.017052 0.000000 0.049857 0.789298 -0.611983 3.700000 0.017052 0.611983 0.790687 0.000000 0.000000 0.000000 0.000000 1.000000
0.998601 -0.050014 0.017174 0.000000 0.050014 0.787794 -0.613905 3.700000 0.017174 0.613905 0.789193 0.000000 0.000000 0.000000 0.000000 1.000000
0.998600 -0.050032 0.017188 0.000000 0.050032 0.787626 -0.614119 3.700000 0.017188 0.614119 0.789026 0.000000 0.000000 0.000000 0.000000 1.000000
0.998596 -0.050091 0.017234 0.000000 0.050091 0.787053 -0.614848 3.700000 0.017234 0.614848 0.788457 -0.000000 0.000000 0.000000 0.000000 1.000000
0.998596 -0.050087 0.017231 0.000000 0.050087 0.787092 -0.614799 3.700000 0.017231 0.614799 0.788496 0.000000 0.000000 0.000000 0.000000 1.000000
0.998591 -0.050170 0.017296 0.000000 0.050170 0.786284 -0.615825 3.700000 0.017296 0.615825 0.787693 0.000000 0.000000 0.000000 0.000000 1.000000</float_array>
        <technique_common>
          <accessor source="#mixamorig_RightHandMiddle2-Matrix-animation-output-transform-array" count="37" stride="16">
            <param type="float4x4"/>
          </accessor>
        </technique_common>
      </source>
      <source id="mixamorig_RightHandMiddle2-Interpolations">
        <Name_array id="mixamorig_RightHandMiddle2-Interpolations-array" count="37">
 LINEAR LINEAR LINEAR LINEAR LINEAR LINEAR LINEAR LINEAR LINEAR LINEAR LINEAR
LINEAR LINEAR LINEAR LINEAR LINEAR LINEAR LINEAR LINEAR LINEAR LINEAR LINEAR LINEAR
LINEAR LINEAR LINEAR LINEAR LINEAR LINEAR LINEAR LINEAR LINEAR LINEAR LINEAR LINEAR
LINEAR LINEAR</Name_array>
        <technique_common>
          <accessor source="#mixamorig_RightHandMiddle2-Interpolations-array" count="37">
            <param type="name"/>
          </accessor>
        </technique_common>
      </source>
      <sampler id="mixamorig_RightHandMiddle2-Matrix-animation-transform">
        <input semantic="INPUT" source="#mixamorig_RightHandMiddle2-Matrix-animation-input"/>
        <input semantic="OUTPUT" source="#mixamorig_RightHandMiddle2-Matrix-animation-output-transform"/>
        <input semantic="INTERPOLATION" source="#mixamorig_RightHandMiddle2-Interpolations"/>
      </sampler>
      <channel source="#mixamorig_RightHandMiddle2-Matrix-animation-transform" target="mixamorig_RightHandMiddle2/matrix"/>
    </animation>
    <animation id="mixamorig_RightHandMiddle3-anim" name="mixamorig_RightHandMiddle3">
      <source id="mixamorig_RightHandMiddle3-Matrix-animation-input">
        <float_array id="mixamorig_RightHandMiddle3-Matrix-animation-input-array" count="37">

0.000000 0.033333 0.066667 0.100000 0.133333 0.166667 0.200000 0.233333 0.266667 0.300000 0.333333 0.366667 0.400000 0.433333 0.466667 0.500000
0.533333 0.566667 0.600000 0.633333 0.666667 0.700000 0.733333 0.766667 0.800000 0.833333 0.866667 0.900000 0.933333 0.966667 1.000000 1.033333
1.066667 1.100000 1.133333 1.166667 1.200000</float_array>
        <technique_common>
          <accessor source="#mixamorig_RightHandMiddle3-Matrix-animation-input-array" count="37">
            <param name="TIME" type="float"/>
          </accessor>
        </technique_common>
      </source>
      <source id="mixamorig_RightHandMiddle3-Matrix-animation-output-transform">
        <float_array id="mixamorig_RightHandMiddle3-Matrix-animation-output-transform-array" count="592">

0.999786 -0.020520 0.002627 0.000000 0.020520 0.967543 -0.251870 2.950000 0.002627 0.251870 0.967757 0.000000 0.000000 0.000000 0.000000 1.000000
0.999787 -0.020488 0.002618 -0.000000 0.020487 0.967646 -0.251477 2.950000 0.002619 0.251477 0.967860 -0.000000 0.000000 0.000000 0.000000 1.000000
0.999787 -0.020492 0.002620 -0.000000 0.020492 0.967632 -0.251533 2.950000 0.002619 0.251533 0.967845 -0.000000 0.000000 0.000000 0.000000 1.000000
0.999786 -0.020538 0.002632 0.000000 0.020538 0.967484 -0.252096 2.950000 0.002632 0.252096 0.967699 -0.000000 0.000000 0.000000 0.000000 1.000000
0.999786 -0.020529 0.002629 -0.000000 0.020529 0.967513 -0.251988 2.950000 0.002629 0.251988 0.967727 -0.000000 0.000000 0.000000 0.000000 1.000000
0.999786 -0.020541 0.002632 0.000000 0.020541 0.967474 -0.252134 2.950000 0.002633 0.252134 0.967689 0.000000 0.000000 0.000000 0.000000 1.000000
0.999785 -0.020554 0.002636 -0.000000 0.020554 0.967432 -0.252295 2.950000 0.002636 0.252295 0.967647 0.000000 0.000000 0.000000 0.000000 1.000000
0.999785 -0.020547 0.002634 0.000000 0.020547 0.967455 -0.252208 2.950000 0.002634 0.252208 0.967669 0.000000 0.000000 0.000000 0.000000 1.000000
0.999785 -0.020564 0.002638 0.000000 0.020564 0.967401 -0.252415 2.950000 0.002638 0.252415 0.967616 0.000000 0.000000 0.000000 0.000000 1.000000
0.999785 -0.020574 0.002641 0.000000 0.020574 0.967368 -0.252537 2.950000 0.002641 0.252537 0.967584 0.000000 0.000000 0.000000 0.000000 1.000000
0.999785 -0.020578 0.002642 0.000000 0.020578 0.967354 -0.252591 2.950000 0.002642 0.252591 0.967569 0.000000 0.000000 0.000000 0.000000 1.000000
0.999784 -0.020593 0.002646 0.000000 0.020593 0.967306 -0.252775 2.950000 0.002646 0.252775 0.967521 -0.000000 0.000000 0.000000 0.000000 1.000000
0.999785 -0.020576 0.002642 0.000000 0.020576 0.967360 -0.252569 2.950000 0.002641 0.252569 0.967575 0.000000 0.000000 0.000000 0.000000 1.000000
0.999786 -0.020543 0.002633 0.000000 0.020543 0.967468 -0.252158 2.950000 0.002633 0.252158 0.967682 0.000000 0.000000 0.000000 0.000000 1.000000
0.999786 -0.020523 0.002628 0.000000 0.020523 0.967531 -0.251916 2.950000 0.002628 0.251916 0.967745 0.000000 0.000000 0.000000 0.000000 1.000000
0.999785 -0.020544 0.002633 0.000000 0.020544 0.967465 -0.252169 2.950000 0.002633 0.252169 0.967680 0.000000 0.000000 0.000000 0.000000 1.000000
0.999786 -0.020537 0.002631 0.000000 0.020537 0.967487 -0.252085 2.950000 0.002631 0.252085 0.967701 0.000000 0.000000 0.000000 0.000000 1.000000
0.999786 -0.020528 0.002629 0.000000 0.020528 0.967518 -0.251968 2.950000 0.002629 0.251968 0.967732 0.000000 0.000000 0.000000 0.000000 1.000000
0.999786 -0.020533 0.002630 0.000000 0.020533 0.967500 -0.252035 2.950000 0.002630 0.252035 0.967714 -0.000000 0.000000 0.000000 0.000000 1.000000
0.999785 -0.020555 0.002636 0.000000 0.020555 0.967430 -0.252303 2.950000 0.002636 0.252303 0.967645 -0.000000 0.000000 0.000000 0.000000 1.000000
0.999785 -0.020561 0.002638 0.000000 0.020561 0.967409 -0.252382 2.950000 0.002638 0.252382 0.967624 0.000000 0.000000 0.000000 0.000000 1.000000
0.999785 -0.020564 0.002638 -0.000000 0.020564 0.967402 -0.252411 2.950000 0.002638 0.252411 0.967617 0.000000 0.000000 0.000000 0.000000 1.000000
0.999785 -0.020574 0.002641 0.000000 0.020574 0.967369 -0.252536 2.950000 0.002641 0.252536 0.967584 0.000000 0.000000 0.000000 0.000000 1.000000
0.999784 -0.020613 0.002651 -0.000000 0.020613 0.967242 -0.253019 2.950000 0.002651 0.253019 0.967458 0.000000 0.000000 0.000000 0.000000 1.000000
0.999784 -0.020613 0.002651 0.000000 0.020613 0.967241 -0.253023 2.950000 0.002651 0.253023 0.967457 0.000000 0.000000 0.000000 0.000000 1.000000
0.999784 -0.020597 0.002647 -0.000000 0.020597 0.967294 -0.252818 2.950000 0.002647 0.252818 0.967510 0.000000 0.000000 0.000000 0.000000 1.000000
0.999785 -0.020547 0.002634 0.000000 0.020547 0.967453 -0.252214 2.950000 0.002634 0.252214 0.967668 0.000000 0.000000 0.000000 0.000000 1.000000
0.999785 -0.020589 0.002645 -0.000000 0.020589 0.967319 -0.252723 2.950000 0.002645 0.252723 0.967535 0.000000 0.000000 0.000000 0.000000 1.000000
0.999786 -0.020539 0.002632 -0.000000 0.020539 0.967480 -0.252111 2.950000 0.002632 0.252111 0.967695 0.000000 0.000000 0.000000 0.000000 1.000000
0.999785 -0.020579 0.002642 0.000000 0.020579 0.967351 -0.252602 2.950000 0.002642 0.252602 0.967567 0.000000 0.000000 0.000000 0.000000 1.000000
0.999787 -0.020493 0.002620 0.000000 0.020493 0.967629 -0.251545 2.950000 0.002620 0.251545 0.967842 0.000000 0.000000 0.000000 0.000000 1.000000
0.999788 -0.020433 0.002604 0.000000 0.020433 0.967821 -0.250809 2.950000 0.002604 0.250809 0.968033 -0.000000 0.000000 0.000000 0.000000 1.000000
0.999787 -0.020461 0.002612 0.000000 0.020461 0.967733 -0.251148 2.950000 0.002611 0.251148 0.967945 -0.000000 0.000000 0.000000 0.000000 1.000000
0.999787 -0.020461 0.002612 0.000000 0.020461 0.967731 -0.251152 2.950000 0.002612 0.251152 0.967944 0.000000 0.000000 0.000000 0.000000 1.000000
0.999787 -0.020452 0.002609 0.000000 0.020452 0.967760 -0.251041 2.950000 0.002609 0.251041 0.967973 -0.000000 0.000000 0.000000 0.000000 1.000000
0.999787 -0.020453 0.002609 0.000000 0.020453 0.967757 -0.251053 2.950000 0.002609 0.251053 0.967970 -0.000000 0.000000 0.000000 0.000000 1.000000
0.999786 -0.020520 0.002627 0.000000 0.020520 0.967543 -0.251871 2.950000 0.002627 0.251871 0.967757 -0.000000 0.000000 0.000000 0.000000 1.000000</float_array>
        <technique_common>
          <accessor source="#mixamorig_RightHandMiddle3-Matrix-animation-output-transform-array" count="37" stride="16">
            <param type="float4x4"/>
          </accessor>
        </technique_common>
      </source>
      <source id="mixamorig_RightHandMiddle3-Interpolations">
        <Name_array id="mixamorig_RightHandMiddle3-Interpolations-array" count="37">
 LINEAR LINEAR LINEAR LINEAR LINEAR LINEAR LINEAR LINEAR LINEAR LINEAR LINEAR
LINEAR LINEAR LINEAR LINEAR LINEAR LINEAR LINEAR LINEAR LINEAR LINEAR LINEAR LINEAR
LINEAR LINEAR LINEAR LINEAR LINEAR LINEAR LINEAR LINEAR LINEAR LINEAR LINEAR LINEAR
LINEAR LINEAR</Name_array>
        <technique_common>
          <accessor source="#mixamorig_RightHandMiddle3-Interpolations-array" count="37">
            <param type="name"/>
          </accessor>
        </technique_common>
      </source>
      <sampler id="mixamorig_RightHandMiddle3-Matrix-animation-transform">
        <input semantic="INPUT" source="#mixamorig_RightHandMiddle3-Matrix-animation-input"/>
        <input semantic="OUTPUT" source="#mixamorig_RightHandMiddle3-Matrix-animation-output-transform"/>
        <input semantic="INTERPOLATION" source="#mixamorig_RightHandMiddle3-Interpolations"/>
      </sampler>
      <channel source="#mixamorig_RightHandMiddle3-Matrix-animation-transform" target="mixamorig_RightHandMiddle3/matrix"/>
    </animation>
    <animation id="mixamorig_RightHandRing1-anim" name="mixamorig_RightHandRing1">
      <source id="mixamorig_RightHandRing1-Matrix-animation-input">
        <float_array id="mixamorig_RightHandRing1-Matrix-animation-input-array" count="37">

0.000000 0.033333 0.066667 0.100000 0.133333 0.166667 0.200000 0.233333 0.266667 0.300000 0.333333 0.366667 0.400000 0.433333 0.466667 0.500000
0.533333 0.566667 0.600000 0.633333 0.666667 0.700000 0.733333 0.766667 0.800000 0.833333 0.866667 0.900000 0.933333 0.966667 1.000000 1.033333
1.066667 1.100000 1.133333 1.166667 1.200000</float_array>
        <technique_common>
          <accessor source="#mixamorig_RightHandRing1-Matrix-animation-input-array" count="37">
            <param name="TIME" type="float"/>
          </accessor>
        </technique_common>
      </source>
      <source id="mixamorig_RightHandRing1-Matrix-animation-output-transform">
        <float_array id="mixamorig_RightHandRing1-Matrix-animation-output-transform-array" count="592">

0.987477 -0.150982 0.045761 -1.865100 0.143439 0.738441 -0.658886 9.103600 0.065689 0.657198 0.750850 0.043100 0.000000 0.000000 0.000000 1.000000
0.987656 -0.150003 0.045115 -1.865100 0.142783 0.743694 -0.653095 9.103600 0.064414 0.651474 0.755931 0.043100 0.000000 0.000000 0.000000 1.000000
0.987836 -0.149031 0.044386 -1.865100 0.142133 0.749563 -0.646493 9.103600 0.063077 0.644938 0.761627 0.043100 0.000000 0.000000 0.000000 1.000000
0.987975 -0.148271 0.043821 -1.865100 0.141616 0.754091 -0.641320 9.103600 0.062044 0.639815 0.766021 0.043100 0.000000 0.000000 0.000000 1.000000
0.988181 -0.147058 0.043273 -1.865100 0.140745 0.758547 -0.636237 9.103600 0.060739 0.634808 0.770279 0.043100 0.000000 0.000000 0.000000 1.000000
0.988360 -0.145953 0.042931 -1.865100 0.139931 0.761374 -0.633031 9.103600 0.059706 0.631670 0.772935 0.043100 0.000000 0.000000 0.000000 1.000000
0.988537 -0.144802 0.042737 -1.865100 0.139063 0.763069 -0.631179 9.103600 0.058785 0.629888 0.774458 0.043100 0.000000 0.000000 0.000000 1.000000
0.988986 -0.141737 0.042623 -1.865100 0.136713 0.764487 -0.629976 9.103600 0.056706 0.628864 0.775444 0.043100 0.000000 0.000000 0.000000 1.000000
0.989420 -0.138693 0.042561 -1.865100 0.134371 0.765493 -0.629258 9.103600 0.054694 0.628320 0.776030 0.043100 0.000000 0.000000 0.000000 1.000000
0.989702 -0.136646 0.042645 -1.865100 0.132793 0.765194 -0.629955 9.103600 0.053449 0.629131 0.775460 0.043100 0.000000 0.000000 0.000000 1.000000
0.989913 -0.135189 0.042379 -1.865100 0.131671 0.767464 -0.627425 9.103600 0.052296 0.626677 0.777523 0.043100 0.000000 0.000000 0.000000 1.000000
0.989838 -0.135912 0.041814 -1.865100 0.132235 0.771655 -0.622144 9.103600 0.052291 0.621351 0.781786 0.043100 0.000000 0.000000 0.000000 1.000000
0.989056 -0.141505 0.041770 -1.865100 0.136579 0.771032 -0.621977 9.103600 0.055807 0.620875 0.781920 0.043100 0.000000 0.000000 0.000000 1.000000
0.987983 -0.148663 0.042285 -1.865100 0.142075 0.765803 -0.627184 9.103600 0.060857 0.625655 0.777722 0.043100 0.000000 0.000000 0.000000 1.000000
0.987044 -0.154425 0.043554 -1.865100 0.146323 0.754980 -0.639215 9.103600 0.065828 0.637306 0.767794 0.043100 0.000000 0.000000 0.000000 1.000000
0.986391 -0.158270 0.044528 -1.865100 0.149071 0.746678 -0.648267 9.103600 0.069353 0.646083 0.760110 0.043100 0.000000 0.000000 0.000000 1.000000
0.985701 -0.162343 0.045145 -1.865100 0.152002 0.741041 -0.654028 9.103600 0.072723 0.651539 0.755122 0.043100 0.000000 0.000000 0.000000 1.000000
0.985178 -0.165389 0.045510 -1.865100 0.154189 0.737548 -0.657456 9.103600 0.075170 0.654728 0.752117 0.043100 0.000000 0.000000 0.000000 1.000000
0.984701 -0.168156 0.045699 -1.865100 0.156194 0.735480 -0.659297 9.103600 0.077254 0.656348 0.750493 0.043100 0.000000 0.000000 0.000000 1.000000
0.983742 -0.173693 0.045624 -1.865100 0.160314 0.734871 -0.658987 9.103600 0.080934 0.655588 0.750769 0.043100 0.000000 0.000000 0.000000 1.000000
0.982645 -0.179825 0.045520 -1.865100 0.164883 0.734308 -0.658487 9.103600 0.084987 0.654564 0.751214 0.043100 0.000000 0.000000 0.000000 1.000000
0.981881 -0.183918 0.045644 -1.865100 0.167859 0.732382 -0.659879 9.103600 0.087935 0.655584 0.749985 0.043100 0.000000 0.000000 0.000000 1.000000
0.981693 -0.184898 0.045741 -1.865100 0.168544 0.731386 -0.660808 9.103600 0.088728 0.656419 0.749160 0.043100 0.000000 0.000000 0.000000 1.000000
0.981628 -0.185294 0.045523 -1.865100 0.168921 0.733005 -0.658916 9.103600 0.088725 0.654500 0.750838 0.043100 0.000000 0.000000 0.000000 1.000000
0.982408 -0.181226 0.045068 -1.865100 0.166080 0.737525 -0.654580 9.103600 0.085388 0.650549 0.754649 0.043100 0.000000 0.000000 0.000000 1.000000
0.983456 -0.175494 0.044893 -1.865100 0.161877 0.740209 -0.652600 9.103600 0.081298 0.649070 0.756372 0.043100 0.000000 0.000000 0.000000 1.000000
0.984198 -0.171155 0.045402 -1.865100 0.158498 0.737171 -0.656854 9.103600 0.078954 0.653670 0.752650 0.043100 0.000000 0.000000 0.000000 1.000000
0.984448 -0.169620 0.045721 -1.865100 0.157272 0.734993 -0.659584 9.103600 0.078274 0.656517 0.750239 0.043100 0.000000 0.000000 0.000000 1.000000
0.984764 -0.167818 0.045579 -1.865100 0.155974 0.736495 -0.658215 9.103600 0.076891 0.655296 0.751449 0.043100 0.000000 0.000000 0.000000 1.000000
0.985238 -0.165080 0.045333 -1.865100 0.154001 0.739006 -0.655861 9.103600 0.074768 0.653160 0.753519 0.043100 0.000000 0.000000 0.000000 1.000000
0.985156 -0.165598 0.045211 -1.865100 0.154415 0.739855 -0.654805 9.103600 0.074985 0.652067 0.754444 0.043100 0.000000 0.000000 0.000000 1.000000
0.985082 -0.166036 0.045227 -1.865100 0.154737 0.739638 -0.654975 9.103600 0.075298 0.652202 0.754296 0.043100 0.000000 0.000000 0.000000 1.000000
0.985162 -0.165493 0.045473 -1.865100 0.154275 0.737819 -0.657132 9.103600 0.075200 0.654397 0.752403 0.043100 0.000000 0.000000 0.000000 1.000000
0.985780 -0.161719 0.045649 -1.865100 0.151434 0.737214 -0.658471 9.103600 0.072834 0.656020 0.751221 0.043100 0.000000 0.000000 0.000000 1.000000
0.986435 -0.157604 0.045899 -1.865100 0.148334 0.736072 -0.660451 9.103600 0.070305 0.658300 0.749465 0.043100 0.000000 0.000000 0.000000 1.000000
0.986965 -0.154295 0.045741 -1.865100 0.145904 0.737960 -0.658883 9.103600 0.067907 0.656969 0.750853 0.043100 0.000000 0.000000 0.000000 1.000000
0.987477 -0.150982 0.045761 -1.865100 0.143439 0.738441 -0.658886 9.103600 0.065689 0.657198 0.750850 0.043100 0.000000 0.000000 0.000000 1.000000</float_array>
        <technique_common>
          <accessor source="#mixamorig_RightHandRing1-Matrix-animation-output-transform-array" count="37" stride="16">
            <param type="float4x4"/>
          </accessor>
        </technique_common>
      </source>
      <source id="mixamorig_RightHandRing1-Interpolations">
        <Name_array id="mixamorig_RightHandRing1-Interpolations-array" count="37">
 LINEAR LINEAR LINEAR LINEAR LINEAR LINEAR LINEAR LINEAR LINEAR LINEAR LINEAR
LINEAR LINEAR LINEAR LINEAR LINEAR LINEAR LINEAR LINEAR LINEAR LINEAR LINEAR LINEAR
LINEAR LINEAR LINEAR LINEAR LINEAR LINEAR LINEAR LINEAR LINEAR LINEAR LINEAR LINEAR
LINEAR LINEAR</Name_array>
        <technique_common>
          <accessor source="#mixamorig_RightHandRing1-Interpolations-array" count="37">
            <param type="name"/>
          </accessor>
        </technique_common>
      </source>
      <sampler id="mixamorig_RightHandRing1-Matrix-animation-transform">
        <input semantic="INPUT" source="#mixamorig_RightHandRing1-Matrix-animation-input"/>
        <input semantic="OUTPUT" source="#mixamorig_RightHandRing1-Matrix-animation-output-transform"/>
        <input semantic="INTERPOLATION" source="#mixamorig_RightHandRing1-Interpolations"/>
      </sampler>
      <channel source="#mixamorig_RightHandRing1-Matrix-animation-transform" target="mixamorig_RightHandRing1/matrix"/>
    </animation>
    <animation id="mixamorig_RightHandRing2-anim" name="mixamorig_RightHandRing2">
      <source id="mixamorig_RightHandRing2-Matrix-animation-input">
        <float_array id="mixamorig_RightHandRing2-Matrix-animation-input-array" count="37">

0.000000 0.033333 0.066667 0.100000 0.133333 0.166667 0.200000 0.233333 0.266667 0.300000 0.333333 0.366667 0.400000 0.433333 0.466667 0.500000
0.533333 0.566667 0.600000 0.633333 0.666667 0.700000 0.733333 0.766667 0.800000 0.833333 0.866667 0.900000 0.933333 0.966667 1.000000 1.033333
1.066667 1.100000 1.133333 1.166667 1.200000</float_array>
        <technique_common>
          <accessor source="#mixamorig_RightHandRing2-Matrix-animation-input-array" count="37">
            <param name="TIME" type="float"/>
          </accessor>
        </technique_common>
      </source>
      <source id="mixamorig_RightHandRing2-Matrix-animation-output-transform">
        <float_array id="mixamorig_RightHandRing2-Matrix-animation-output-transform-array" count="592">

0.998879 -0.045285 0.013755 0.000000 0.045285 0.830043 -0.555858 3.379300 0.013755 0.555858 0.831163 -0.000000 0.000000 0.000000 0.000000 1.000000
0.998881 -0.045258 0.013737 0.000000 0.045258 0.830266 -0.555526 3.379300 0.013737 0.555526 0.831385 0.000000 0.000000 0.000000 0.000000 1.000000
0.998885 -0.045176 0.013682 0.000000 0.045176 0.830941 -0.554523 3.379300 0.013682 0.554523 0.832056 0.000000 0.000000 0.000000 0.000000 1.000000
0.998887 -0.045151 0.013665 0.000000 0.045151 0.831149 -0.554213 3.379300 0.013665 0.554213 0.832263 0.000000 0.000000 0.000000 0.000000 1.000000
0.998887 -0.045146 0.013662 0.000000 0.045147 0.831186 -0.554159 3.379300 0.013662 0.554159 0.832299 0.000000 0.000000 0.000000 0.000000 1.000000
0.998884 -0.045195 0.013695 0.000000 0.045196 0.830781 -0.554762 3.379300 0.013695 0.554762 0.831897 0.000000 0.000000 0.000000 0.000000 1.000000
0.998886 -0.045158 0.013670 0.000000 0.045158 0.831092 -0.554298 3.379300 0.013670 0.554298 0.832206 0.000000 0.000000 0.000000 0.000000 1.000000
0.998888 -0.045130 0.013652 0.000000 0.045130 0.831321 -0.553958 3.379300 0.013651 0.553958 0.832433 0.000000 0.000000 0.000000 0.000000 1.000000
0.998889 -0.045100 0.013631 0.000000 0.045100 0.831569 -0.553588 3.379300 0.013631 0.553588 0.832679 0.000000 0.000000 0.000000 0.000000 1.000000
0.998894 -0.045019 0.013577 0.000000 0.045019 0.832236 -0.552590 3.379300 0.013577 0.552590 0.833343 -0.000000 0.000000 0.000000 0.000000 1.000000
0.998901 -0.044881 0.013486 0.000000 0.044881 0.833367 -0.550895 3.379300 0.013486 0.550895 0.834465 0.000000 0.000000 0.000000 0.000000 1.000000
0.998911 -0.044702 0.013368 -0.000000 0.044702 0.834820 -0.548706 3.379300 0.013368 0.548706 0.835909 0.000000 0.000000 0.000000 0.000000 1.000000
0.998920 -0.044540 0.013262 0.000000 0.044540 0.836130 -0.546720 3.379300 0.013262 0.546720 0.837211 0.000000 0.000000 0.000000 0.000000 1.000000
0.998927 -0.044407 0.013175 0.000000 0.044407 0.837204 -0.545085 3.379300 0.013175 0.545085 0.838277 -0.000000 0.000000 0.000000 0.000000 1.000000
0.998932 -0.044299 0.013105 0.000000 0.044299 0.838073 -0.543757 3.379300 0.013105 0.543757 0.839141 0.000000 0.000000 0.000000 0.000000 1.000000
0.998943 -0.044105 0.012980 -0.000000 0.044105 0.839621 -0.541379 3.379300 0.012980 0.541379 0.840679 0.000000 0.000000 0.000000 0.000000 1.000000
0.998941 -0.044128 0.012995 0.000000 0.044128 0.839438 -0.541661 3.379300 0.012994 0.541661 0.840497 0.000000 0.000000 0.000000 0.000000 1.000000
0.998943 -0.044093 0.012972 0.000000 0.044093 0.839717 -0.541231 3.379300 0.012972 0.541231 0.840774 0.000000 0.000000 0.000000 0.000000 1.000000
0.998948 -0.044004 0.012914 0.000000 0.044004 0.840426 -0.540137 3.379300 0.012915 0.540137 0.841478 0.000000 0.000000 0.000000 0.000000 1.000000
0.998965 -0.043670 0.012701 -0.000000 0.043670 0.843065 -0.536036 3.379300 0.012701 0.536036 0.844100 0.000000 0.000000 0.000000 0.000000 1.000000
0.998981 -0.043365 0.012508 0.000000 0.043365 0.845449 -0.532293 3.379300 0.012508 0.532293 0.846468 -0.000000 0.000000 0.000000 0.000000 1.000000
0.998986 -0.043257 0.012441 -0.000000 0.043258 0.846285 -0.530972 3.379300 0.012440 0.530972 0.847298 0.000000 0.000000 0.000000 0.000000 1.000000
0.998989 -0.043204 0.012407 -0.000000 0.043204 0.846699 -0.530316 3.379300 0.012407 0.530316 0.847709 0.000000 0.000000 0.000000 0.000000 1.000000
0.998987 -0.043244 0.012432 -0.000000 0.043244 0.846384 -0.530814 3.379300 0.012432 0.530814 0.847397 -0.000000 0.000000 0.000000 0.000000 1.000000
0.998983 -0.043334 0.012489 0.000000 0.043334 0.845692 -0.531909 3.379300 0.012488 0.531909 0.846709 0.000000 0.000000 0.000000 0.000000 1.000000
0.998980 -0.043387 0.012522 0.000000 0.043387 0.845276 -0.532565 3.379300 0.012522 0.532565 0.846296 -0.000000 0.000000 0.000000 0.000000 1.000000
0.998955 -0.043867 0.012827 0.000000 0.043868 0.841507 -0.538462 3.379300 0.012827 0.538462 0.842552 -0.000000 0.000000 0.000000 0.000000 1.000000
0.998943 -0.044100 0.012976 -0.000000 0.044100 0.839663 -0.541314 3.379300 0.012976 0.541314 0.840720 0.000000 0.000000 0.000000 0.000000 1.000000
0.998946 -0.044046 0.012941 0.000000 0.044046 0.840092 -0.540652 3.379300 0.012942 0.540652 0.841147 0.000000 0.000000 0.000000 0.000000 1.000000
0.998946 -0.044042 0.012939 -0.000000 0.044042 0.840126 -0.540601 3.379300 0.012939 0.540601 0.841180 -0.000000 0.000000 0.000000 0.000000 1.000000
0.998942 -0.044125 0.012993 -0.000000 0.044125 0.839462 -0.541623 3.379300 0.012993 0.541623 0.840521 -0.000000 0.000000 0.000000 0.000000 1.000000
0.998922 -0.044485 0.013226 0.000000 0.044485 0.836574 -0.546045 3.379300 0.013226 0.546045 0.837652 0.000000 0.000000 0.000000 0.000000 1.000000
0.998914 -0.044650 0.013334 0.000000 0.044650 0.835246 -0.548060 3.379300 0.013334 0.548060 0.836333 0.000000 0.000000 0.000000 0.000000 1.000000
0.998912 -0.044676 0.013351 -0.000000 0.044676 0.835036 -0.548378 3.379300 0.013351 0.548378 0.836124 0.000000 0.000000 0.000000 0.000000 1.000000
0.998904 -0.044834 0.013455 0.000000 0.044834 0.833746 -0.550325 3.379300 0.013455 0.550325 0.834842 -0.000000 0.000000 0.000000 0.000000 1.000000
0.998891 -0.045072 0.013613 -0.000000 0.045072 0.831796 -0.553248 3.379300 0.013613 0.553248 0.832905 0.000000 0.000000 0.000000 0.000000 1.000000
0.998879 -0.045285 0.013755 -0.000000 0.045285 0.830043 -0.555858 3.379300 0.013755 0.555858 0.831163 0.000000 0.000000 0.000000 0.000000 1.000000</float_array>
        <technique_common>
          <accessor source="#mixamorig_RightHandRing2-Matrix-animation-output-transform-array" count="37" stride="16">
            <param type="float4x4"/>
          </accessor>
        </technique_common>
      </source>
      <source id="mixamorig_RightHandRing2-Interpolations">
        <Name_array id="mixamorig_RightHandRing2-Interpolations-array" count="37">
 LINEAR LINEAR LINEAR LINEAR LINEAR LINEAR LINEAR LINEAR LINEAR LINEAR LINEAR
LINEAR LINEAR LINEAR LINEAR LINEAR LINEAR LINEAR LINEAR LINEAR LINEAR LINEAR LINEAR
LINEAR LINEAR LINEAR LINEAR LINEAR LINEAR LINEAR LINEAR LINEAR LINEAR LINEAR LINEAR
LINEAR LINEAR</Name_array>
        <technique_common>
          <accessor source="#mixamorig_RightHandRing2-Interpolations-array" count="37">
            <param type="name"/>
          </accessor>
        </technique_common>
      </source>
      <sampler id="mixamorig_RightHandRing2-Matrix-animation-transform">
        <input semantic="INPUT" source="#mixamorig_RightHandRing2-Matrix-animation-input"/>
        <input semantic="OUTPUT" source="#mixamorig_RightHandRing2-Matrix-animation-output-transform"/>
        <input semantic="INTERPOLATION" source="#mixamorig_RightHandRing2-Interpolations"/>
      </sampler>
      <channel source="#mixamorig_RightHandRing2-Matrix-animation-transform" target="mixamorig_RightHandRing2/matrix"/>
    </animation>
    <animation id="mixamorig_RightHandRing3-anim" name="mixamorig_RightHandRing3">
      <source id="mixamorig_RightHandRing3-Matrix-animation-input">
        <float_array id="mixamorig_RightHandRing3-Matrix-animation-input-array" count="37">

0.000000 0.033333 0.066667 0.100000 0.133333 0.166667 0.200000 0.233333 0.266667 0.300000 0.333333 0.366667 0.400000 0.433333 0.466667 0.500000
0.533333 0.566667 0.600000 0.633333 0.666667 0.700000 0.733333 0.766667 0.800000 0.833333 0.866667 0.900000 0.933333 0.966667 1.000000 1.033333
1.066667 1.100000 1.133333 1.166667 1.200000</float_array>
        <technique_common>
          <accessor source="#mixamorig_RightHandRing3-Matrix-animation-input-array" count="37">
            <param name="TIME" type="float"/>
          </accessor>
        </technique_common>
      </source>
      <source id="mixamorig_RightHandRing3-Matrix-animation-output-transform">
        <float_array id="mixamorig_RightHandRing3-Matrix-animation-output-transform-array" count="592">

0.999706 -0.023978 0.003609 0.000000 0.023978 0.955406 -0.294320 2.889700 0.003609 0.294320 0.955700 0.000000 0.000000 0.000000 0.000000 1.000000
0.999705 -0.024010 0.003619 0.000000 0.024010 0.955284 -0.294712 2.889700 0.003619 0.294712 0.955579 0.000000 0.000000 0.000000 0.000000 1.000000
0.999704 -0.024041 0.003628 0.000000 0.024041 0.955167 -0.295090 2.889700 0.003628 0.295090 0.955463 0.000000 0.000000 0.000000 0.000000 1.000000
0.999704 -0.024043 0.003629 0.000000 0.024043 0.955157 -0.295122 2.889700 0.003629 0.295122 0.955453 0.000000 0.000000 0.000000 0.000000 1.000000
0.999704 -0.024068 0.003637 0.000000 0.024068 0.955063 -0.295423 2.889700 0.003637 0.295423 0.955360 0.000000 0.000000 0.000000 0.000000 1.000000
0.999704 -0.024075 0.003639 0.000000 0.024075 0.955034 -0.295516 2.889700 0.003639 0.295516 0.955331 0.000000 0.000000 0.000000 0.000000 1.000000
0.999702 -0.024117 0.003652 -0.000000 0.024117 0.954875 -0.296026 2.889700 0.003652 0.296026 0.955173 0.000000 0.000000 0.000000 0.000000 1.000000
0.999703 -0.024077 0.003640 0.000000 0.024077 0.955026 -0.295544 2.889700 0.003640 0.295544 0.955322 0.000000 0.000000 0.000000 0.000000 1.000000
0.999705 -0.024015 0.003621 0.000000 0.024015 0.955265 -0.294775 2.889700 0.003620 0.294775 0.955560 0.000000 0.000000 0.000000 0.000000 1.000000
0.999705 -0.024016 0.003621 0.000000 0.024016 0.955259 -0.294793 2.889700 0.003621 0.294793 0.955554 0.000000 0.000000 0.000000 0.000000 1.000000
0.999705 -0.024027 0.003624 0.000000 0.024027 0.955219 -0.294922 2.889700 0.003624 0.294922 0.955514 0.000000 0.000000 0.000000 0.000000 1.000000
0.999704 -0.024052 0.003632 0.000000 0.024052 0.955125 -0.295226 2.889700 0.003632 0.295226 0.955420 0.000000 0.000000 0.000000 0.000000 1.000000
0.999703 -0.024101 0.003647 0.000000 0.024101 0.954935 -0.295834 2.889700 0.003647 0.295834 0.955232 0.000000 0.000000 0.000000 0.000000 1.000000
0.999703 -0.024076 0.003640 0.000000 0.024076 0.955030 -0.295531 2.889700 0.003639 0.295531 0.955326 -0.000000 0.000000 0.000000 0.000000 1.000000
0.999705 -0.023998 0.003615 0.000000 0.023998 0.955329 -0.294567 2.889700 0.003615 0.294567 0.955624 0.000000 0.000000 0.000000 0.000000 1.000000
0.999708 -0.023891 0.003582 0.000000 0.023891 0.955737 -0.293250 2.889700 0.003582 0.293250 0.956029 0.000000 0.000000 0.000000 0.000000 1.000000
0.999709 -0.023849 0.003569 -0.000000 0.023849 0.955896 -0.292736 2.889700 0.003570 0.292736 0.956187 -0.000000 0.000000 0.000000 0.000000 1.000000
0.999711 -0.023785 0.003550 -0.000000 0.023785 0.956138 -0.291948 2.889700 0.003550 0.291948 0.956427 0.000000 0.000000 0.000000 0.000000 1.000000
0.999711 -0.023781 0.003549 0.000000 0.023781 0.956152 -0.291903 2.889700 0.003549 0.291903 0.956441 0.000000 0.000000 0.000000 0.000000 1.000000
0.999710 -0.023809 0.003557 0.000000 0.023809 0.956047 -0.292245 2.889700 0.003557 0.292245 0.956337 0.000000 0.000000 0.000000 0.000000 1.000000
0.999710 -0.023834 0.003565 0.000000 0.023834 0.955951 -0.292556 2.889700 0.003565 0.292556 0.956242 0.000000 0.000000 0.000000 0.000000 1.000000
0.999711 -0.023779 0.003548 0.000000 0.023779 0.956161 -0.291875 2.889700 0.003548 0.291875 0.956450 0.000000 0.000000 0.000000 0.000000 1.000000
0.999710 -0.023818 0.003560 0.000000 0.023818 0.956012 -0.292360 2.889700 0.003560 0.292360 0.956302 -0.000000 0.000000 0.000000 0.000000 1.000000
0.999709 -0.023870 0.003576 -0.000000 0.023870 0.955818 -0.292989 2.889700 0.003576 0.292989 0.956109 0.000000 0.000000 0.000000 0.000000 1.000000
0.999707 -0.023925 0.003593 -0.000000 0.023925 0.955607 -0.293672 2.889700 0.003593 0.293672 0.955899 0.000000 0.000000 0.000000 0.000000 1.000000
0.999705 -0.024007 0.003618 0.000000 0.024007 0.955296 -0.294674 2.889700 0.003618 0.294674 0.955591 0.000000 0.000000 0.000000 0.000000 1.000000
0.999704 -0.024056 0.003633 0.000000 0.024056 0.955107 -0.295282 2.889700 0.003633 0.295282 0.955403 0.000000 0.000000 0.000000 0.000000 1.000000
0.999705 -0.024031 0.003625 0.000000 0.024031 0.955202 -0.294977 2.889700 0.003626 0.294977 0.955497 0.000000 0.000000 0.000000 0.000000 1.000000
0.999703 -0.024086 0.003642 0.000000 0.024086 0.954995 -0.295643 2.889700 0.003642 0.295643 0.955291 0.000000 0.000000 0.000000 0.000000 1.000000
0.999703 -0.024091 0.003644 -0.000000 0.024091 0.954972 -0.295716 2.889700 0.003644 0.295716 0.955269 0.000000 0.000000 0.000000 0.000000 1.000000
0.999702 -0.024121 0.003653 0.000000 0.024121 0.954860 -0.296076 2.889700 0.003653 0.296076 0.955157 0.000000 0.000000 0.000000 0.000000 1.000000
0.999702 -0.024141 0.003659 0.000000 0.024141 0.954783 -0.296321 2.889700 0.003659 0.296321 0.955082 -0.000000 0.000000 0.000000 0.000000 1.000000
0.999703 -0.024080 0.003641 0.000000 0.024080 0.955017 -0.295571 2.889700 0.003640 0.295571 0.955314 0.000000 0.000000 0.000000 0.000000 1.000000
0.999704 -0.024045 0.003630 0.000000 0.024045 0.955151 -0.295143 2.889700 0.003630 0.295143 0.955446 0.000000 0.000000 0.000000 0.000000 1.000000
0.999707 -0.023932 0.003595 0.000000 0.023932 0.955579 -0.293762 2.889700 0.003595 0.293762 0.955872 0.000000 0.000000 0.000000 0.000000 1.000000
0.999707 -0.023935 0.003596 0.000000 0.023935 0.955571 -0.293788 2.889700 0.003596 0.293788 0.955864 0.000000 0.000000 0.000000 0.000000 1.000000
0.999706 -0.023978 0.003609 0.000000 0.023978 0.955406 -0.294320 2.889700 0.003609 0.294320 0.955700 -0.000000 0.000000 0.000000 0.000000 1.000000</float_array>
        <technique_common>
          <accessor source="#mixamorig_RightHandRing3-Matrix-animation-output-transform-array" count="37" stride="16">
            <param type="float4x4"/>
          </accessor>
        </technique_common>
      </source>
      <source id="mixamorig_RightHandRing3-Interpolations">
        <Name_array id="mixamorig_RightHandRing3-Interpolations-array" count="37">
 LINEAR LINEAR LINEAR LINEAR LINEAR LINEAR LINEAR LINEAR LINEAR LINEAR LINEAR
LINEAR LINEAR LINEAR LINEAR LINEAR LINEAR LINEAR LINEAR LINEAR LINEAR LINEAR LINEAR
LINEAR LINEAR LINEAR LINEAR LINEAR LINEAR LINEAR LINEAR LINEAR LINEAR LINEAR LINEAR
LINEAR LINEAR</Name_array>
        <technique_common>
          <accessor source="#mixamorig_RightHandRing3-Interpolations-array" count="37">
            <param type="name"/>
          </accessor>
        </technique_common>
      </source>
      <sampler id="mixamorig_RightHandRing3-Matrix-animation-transform">
        <input semantic="INPUT" source="#mixamorig_RightHandRing3-Matrix-animation-input"/>
        <input semantic="OUTPUT" source="#mixamorig_RightHandRing3-Matrix-animation-output-transform"/>
        <input semantic="INTERPOLATION" source="#mixamorig_RightHandRing3-Interpolations"/>
      </sampler>
      <channel source="#mixamorig_RightHandRing3-Matrix-animation-transform" target="mixamorig_RightHandRing3/matrix"/>
    </animation>
    <animation id="mixamorig_RightHandPinky1-anim" name="mixamorig_RightHandPinky1">
      <source id="mixamorig_RightHandPinky1-Matrix-animation-input">
        <float_array id="mixamorig_RightHandPinky1-Matrix-animation-input-array" count="37">

0.000000 0.033333 0.066667 0.100000 0.133333 0.166667 0.200000 0.233333 0.266667 0.300000 0.333333 0.366667 0.400000 0.433333 0.466667 0.500000
0.533333 0.566667 0.600000 0.633333 0.666667 0.700000 0.733333 0.766667 0.800000 0.833333 0.866667 0.900000 0.933333 0.966667 1.000000 1.033333
1.066667 1.100000 1.133333 1.166667 1.200000</float_array>
        <technique_common>
          <accessor source="#mixamorig_RightHandPinky1-Matrix-animation-input-array" count="37">
            <param name="TIME" type="float"/>
          </accessor>
        </technique_common>
      </source>
      <source id="mixamorig_RightHandPinky1-Matrix-animation-output-transform">
        <float_array id="mixamorig_RightHandPinky1-Matrix-animation-output-transform-array" count="592">

0.995432 -0.080860 0.050763 -3.806300 0.093210 0.707964 -0.700070 8.076700 0.020669 0.701604 0.712267 0.486700 0.000000 0.000000 0.000000 1.000000
0.995576 -0.079434 0.050178 -3.806300 0.091919 0.712876 -0.695239 8.076700 0.019455 0.696776 0.717025 0.486700 0.000000 0.000000 0.000000 1.000000
0.995668 -0.078730 0.049460 -3.806300 0.091074 0.718777 -0.689250 8.076700 0.018714 0.690769 0.722833 0.486700 0.000000 0.000000 0.000000 1.000000
0.995873 -0.076535 0.048783 -3.806300 0.089159 0.724451 -0.683536 8.076700 0.016974 0.685065 0.728285 0.486700 0.000000 0.000000 0.000000 1.000000
0.996086 -0.074003 0.048337 -3.806300 0.087091 0.728247 -0.679758 8.076700 0.015103 0.681307 0.731842 0.486700 0.000000 0.000000 0.000000 1.000000
0.996242 -0.072041 0.048092 -3.806300 0.085529 0.730368 -0.677678 8.076700 0.013696 0.679244 0.733785 0.486700 0.000000 0.000000 0.000000 1.000000
0.996423 -0.069540 0.048012 -3.806300 0.083652 0.731200 -0.677015 8.076700 0.011973 0.678610 0.734401 0.486700 0.000000 0.000000 0.000000 1.000000
0.996659 -0.066042 0.048061 -3.806300 0.081111 0.731060 -0.677475 8.076700 0.009606 0.679109 0.733974 0.486700 0.000000 0.000000 0.000000 1.000000
0.996784 -0.064021 0.048197 -3.806300 0.079708 0.730109 -0.678666 8.076700 0.008260 0.680325 0.732864 0.486700 0.000000 0.000000 0.000000 1.000000
0.996882 -0.062297 0.048419 -3.806300 0.078578 0.728432 -0.680597 8.076700 0.007129 0.682280 0.731056 0.486700 0.000000 0.000000 0.000000 1.000000
0.996999 -0.060279 0.048581 -3.806300 0.077202 0.727258 -0.682009 8.076700 0.005780 0.683713 0.729729 0.486700 0.000000 0.000000 0.000000 1.000000
0.996976 -0.060604 0.048640 -3.806300 0.077476 0.726762 -0.682506 8.076700 0.006013 0.684211 0.729260 0.486700 0.000000 0.000000 0.000000 1.000000
0.996489 -0.068113 0.048678 -3.806300 0.082971 0.725946 -0.682728 8.076700 0.011165 0.684370 0.729049 0.486700 0.000000 0.000000 0.000000 1.000000
0.995684 -0.078680 0.049223 -3.806300 0.090944 0.721396 -0.686525 8.076700 0.018507 0.688039 0.725438 0.486700 0.000000 0.000000 0.000000 1.000000
0.994833 -0.087703 0.051146 -3.806300 0.098559 0.713346 -0.693847 8.076700 0.024368 0.695303 0.718304 0.486700 0.000000 0.000000 0.000000 1.000000
0.993883 -0.097126 0.052566 -3.806300 0.106272 0.711609 -0.694492 8.076700 0.030046 0.695830 0.717578 0.486700 0.000000 0.000000 0.000000 1.000000
0.992870 -0.106489 0.053563 -3.806300 0.113817 0.713396 -0.691456 8.076700 0.035421 0.692623 0.720430 0.486700 0.000000 0.000000 0.000000 1.000000
0.992222 -0.112012 0.054294 -3.806300 0.118324 0.713282 -0.690817 8.076700 0.038653 0.691869 0.720988 0.486700 0.000000 0.000000 0.000000 1.000000
0.991622 -0.116922 0.054904 -3.806300 0.122331 0.713579 -0.689812 8.076700 0.041476 0.690749 0.721904 0.486700 0.000000 0.000000 0.000000 1.000000
0.990372 -0.126719 0.055728 -3.806300 0.130298 0.717353 -0.684417 8.076700 0.046752 0.685089 0.726958 0.486700 0.000000 0.000000 0.000000 1.000000
0.989054 -0.136324 0.056455 -3.806300 0.138188 0.721688 -0.678285 8.076700 0.051724 0.678662 0.732627 0.486700 0.000000 0.000000 0.000000 1.000000
0.987873 -0.144350 0.057188 -3.806300 0.144857 0.724265 -0.674134 8.076700 0.055892 0.674243 0.736392 0.486700 0.000000 0.000000 0.000000 1.000000
0.987237 -0.148531 0.057461 -3.806300 0.148373 0.726700 -0.670740 8.076700 0.057869 0.670705 0.739463 0.486700 0.000000 0.000000 0.000000 1.000000
0.987595 -0.146327 0.056964 -3.806300 0.146574 0.728938 -0.668705 8.076700 0.056326 0.668759 0.741343 0.486700 0.000000 0.000000 0.000000 1.000000
0.989096 -0.136355 0.055637 -3.806300 0.138274 0.729848 -0.669479 8.076700 0.050680 0.669873 0.740744 0.486700 0.000000 0.000000 0.000000 1.000000
0.990988 -0.122472 0.054254 -3.806300 0.126767 0.726601 -0.675264 8.076700 0.043280 0.676056 0.735578 0.486700 0.000000 0.000000 0.000000 1.000000
0.992060 -0.113678 0.053805 -3.806300 0.119616 0.720668 -0.682884 8.076700 0.038854 0.683897 0.728543 0.486700 0.000000 0.000000 0.000000 1.000000
0.992498 -0.109882 0.053600 -3.806300 0.116559 0.718168 -0.686039 8.076700 0.036890 0.687140 0.725588 0.486700 0.000000 0.000000 0.000000 1.000000
0.993006 -0.105408 0.053181 -3.806300 0.112931 0.716639 -0.688241 8.076700 0.034434 0.689433 0.723531 0.486700 0.000000 0.000000 0.000000 1.000000
0.993449 -0.101453 0.052592 -3.806300 0.109670 0.717109 -0.688279 8.076700 0.032114 0.689538 0.723537 0.486700 0.000000 0.000000 0.000000 1.000000
0.993469 -0.101365 0.052392 -3.806300 0.109544 0.718751 -0.686584 8.076700 0.031939 0.687839 0.725160 0.486700 0.000000 0.000000 0.000000 1.000000
0.993446 -0.101560 0.052445 -3.806300 0.109713 0.718564 -0.686752 8.076700 0.032061 0.688005 0.724997 0.486700 0.000000 0.000000 0.000000 1.000000
0.993629 -0.099700 0.052545 -3.806300 0.108291 0.715512 -0.690157 8.076700 0.031212 0.691450 0.721750 0.486700 0.000000 0.000000 0.000000 1.000000
0.993959 -0.096386 0.052496 -3.806300 0.105706 0.711977 -0.694201 8.076700 0.029536 0.695556 0.717864 0.486700 0.000000 0.000000 0.000000 1.000000
0.994575 -0.090126 0.051948 -3.806300 0.100709 0.709107 -0.697871 8.076700 0.026059 0.699317 0.714337 0.486700 0.000000 0.000000 0.000000 1.000000
0.995116 -0.084350 0.051271 -3.806300 0.096056 0.707878 -0.699773 8.076700 0.022732 0.701280 0.712523 0.486700 0.000000 0.000000 0.000000 1.000000
0.995432 -0.080860 0.050763 -3.806300 0.093210 0.707964 -0.700070 8.076700 0.020669 0.701604 0.712267 0.486700 0.000000 0.000000 0.000000 1.000000</float_array>
        <technique_common>
          <accessor source="#mixamorig_RightHandPinky1-Matrix-animation-output-transform-array" count="37" stride="16">
            <param type="float4x4"/>
          </accessor>
        </technique_common>
      </source>
      <source id="mixamorig_RightHandPinky1-Interpolations">
        <Name_array id="mixamorig_RightHandPinky1-Interpolations-array" count="37">
 LINEAR LINEAR LINEAR LINEAR LINEAR LINEAR LINEAR LINEAR LINEAR LINEAR LINEAR
LINEAR LINEAR LINEAR LINEAR LINEAR LINEAR LINEAR LINEAR LINEAR LINEAR LINEAR LINEAR
LINEAR LINEAR LINEAR LINEAR LINEAR LINEAR LINEAR LINEAR LINEAR LINEAR LINEAR LINEAR
LINEAR LINEAR</Name_array>
        <technique_common>
          <accessor source="#mixamorig_RightHandPinky1-Interpolations-array" count="37">
            <param type="name"/>
          </accessor>
        </technique_common>
      </source>
      <sampler id="mixamorig_RightHandPinky1-Matrix-animation-transform">
        <input semantic="INPUT" source="#mixamorig_RightHandPinky1-Matrix-animation-input"/>
        <input semantic="OUTPUT" source="#mixamorig_RightHandPinky1-Matrix-animation-output-transform"/>
        <input semantic="INTERPOLATION" source="#mixamorig_RightHandPinky1-Interpolations"/>
      </sampler>
      <channel source="#mixamorig_RightHandPinky1-Matrix-animation-transform" target="mixamorig_RightHandPinky1/matrix"/>
    </animation>
    <animation id="mixamorig_RightHandPinky2-anim" name="mixamorig_RightHandPinky2">
      <source id="mixamorig_RightHandPinky2-Matrix-animation-input">
        <float_array id="mixamorig_RightHandPinky2-Matrix-animation-input-array" count="37">

0.000000 0.033333 0.066667 0.100000 0.133333 0.166667 0.200000 0.233333 0.266667 0.300000 0.333333 0.366667 0.400000 0.433333 0.466667 0.500000
0.533333 0.566667 0.600000 0.633333 0.666667 0.700000 0.733333 0.766667 0.800000 0.833333 0.866667 0.900000 0.933333 0.966667 1.000000 1.033333
1.066667 1.100000 1.133333 1.166667 1.200000</float_array>
        <technique_common>
          <accessor source="#mixamorig_RightHandPinky2-Matrix-animation-input-array" count="37">
            <param name="TIME" type="float"/>
          </accessor>
        </technique_common>
      </source>
      <source id="mixamorig_RightHandPinky2-Matrix-animation-output-transform">
        <float_array id="mixamorig_RightHandPinky2-Matrix-animation-output-transform-array" count="592">

0.998568 -0.050520 0.017572 0.000000 0.050520 0.782880 -0.620118 3.600000 0.017572 0.620118 0.784312 0.000000 0.000000 0.000000 0.000000 1.000000
0.998575 -0.050426 0.017497 0.000000 0.050426 0.783802 -0.618960 3.600000 0.017497 0.618960 0.785228 0.000000 0.000000 0.000000 0.000000 1.000000
0.998580 -0.050344 0.017433 0.000000 0.050344 0.784600 -0.617955 3.600000 0.017433 0.617955 0.786020 -0.000000 0.000000 0.000000 0.000000 1.000000
0.998585 -0.050262 0.017368 -0.000000 0.050262 0.785395 -0.616950 3.600000 0.017368 0.616950 0.786810 0.000000 0.000000 0.000000 0.000000 1.000000
0.998586 -0.050249 0.017358 0.000000 0.050249 0.785522 -0.616790 3.600000 0.017358 0.616790 0.786936 0.000000 0.000000 0.000000 0.000000 1.000000
0.998587 -0.050232 0.017345 0.000000 0.050232 0.785685 -0.616584 3.600000 0.017345 0.616584 0.787098 0.000000 0.000000 0.000000 0.000000 1.000000
0.998588 -0.050213 0.017330 0.000000 0.050213 0.785873 -0.616346 3.600000 0.017330 0.616346 0.787285 -0.000000 0.000000 0.000000 0.000000 1.000000
0.998587 -0.050224 0.017338 0.000000 0.050224 0.785769 -0.616478 3.600000 0.017338 0.616478 0.787181 0.000000 0.000000 0.000000 0.000000 1.000000
0.998589 -0.050201 0.017320 0.000000 0.050201 0.785991 -0.616197 3.600000 0.017320 0.616197 0.787402 0.000000 0.000000 0.000000 0.000000 1.000000
0.998591 -0.050170 0.017296 -0.000000 0.050170 0.786289 -0.615819 3.600000 0.017296 0.615819 0.787698 0.000000 0.000000 0.000000 0.000000 1.000000
0.998596 -0.050088 0.017232 0.000000 0.050088 0.787083 -0.614810 3.600000 0.017232 0.614810 0.788487 -0.000000 0.000000 0.000000 0.000000 1.000000
0.998604 -0.049963 0.017134 0.000000 0.049962 0.788291 -0.613270 3.600000 0.017134 0.613270 0.789687 0.000000 0.000000 0.000000 0.000000 1.000000
0.998603 -0.049987 0.017153 0.000000 0.049987 0.788059 -0.613566 3.600000 0.017153 0.613566 0.789457 0.000000 0.000000 0.000000 0.000000 1.000000
0.998594 -0.050122 0.017259 0.000000 0.050122 0.786750 -0.615233 3.600000 0.017259 0.615233 0.788156 0.000000 0.000000 0.000000 0.000000 1.000000
0.998585 -0.050270 0.017374 0.000000 0.050270 0.785324 -0.617041 3.600000 0.017374 0.617041 0.786739 0.000000 0.000000 0.000000 0.000000 1.000000
0.998575 -0.050415 0.017489 0.000000 0.050415 0.783905 -0.618831 3.600000 0.017489 0.618831 0.785330 0.000000 0.000000 0.000000 0.000000 1.000000
0.998563 -0.050610 0.017643 -0.000000 0.050610 0.781996 -0.621225 3.600000 0.017643 0.621225 0.783434 0.000000 0.000000 0.000000 0.000000 1.000000
0.998556 -0.050705 0.017719 0.000000 0.050706 0.781061 -0.622393 3.600000 0.017719 0.622393 0.782504 -0.000000 0.000000 0.000000 0.000000 1.000000
0.998562 -0.050627 0.017657 0.000000 0.050627 0.781831 -0.621431 3.600000 0.017657 0.621431 0.783270 -0.000000 0.000000 0.000000 0.000000 1.000000
0.998562 -0.050615 0.017647 0.000000 0.050615 0.781954 -0.621278 3.600000 0.017647 0.621278 0.783391 -0.000000 0.000000 0.000000 0.000000 1.000000
0.998559 -0.050665 0.017687 0.000000 0.050665 0.781455 -0.621901 3.600000 0.017687 0.621901 0.782896 -0.000000 0.000000 0.000000 0.000000 1.000000
0.998556 -0.050706 0.017720 0.000000 0.050706 0.781053 -0.622403 3.600000 0.017720 0.622403 0.782497 -0.000000 0.000000 0.000000 0.000000 1.000000
0.998557 -0.050701 0.017716 0.000000 0.050701 0.781103 -0.622340 3.600000 0.017716 0.622340 0.782547 0.000000 0.000000 0.000000 0.000000 1.000000
0.998562 -0.050621 0.017652 0.000000 0.050621 0.781895 -0.621352 3.600000 0.017651 0.621352 0.783333 -0.000000 0.000000 0.000000 0.000000 1.000000
0.998574 -0.050429 0.017500 0.000000 0.050430 0.783765 -0.619007 3.600000 0.017500 0.619007 0.785191 0.000000 0.000000 0.000000 0.000000 1.000000
0.998584 -0.050274 0.017378 0.000000 0.050274 0.785279 -0.617098 3.600000 0.017378 0.617098 0.786695 0.000000 0.000000 0.000000 0.000000 1.000000
0.998575 -0.050421 0.017494 0.000000 0.050421 0.783846 -0.618904 3.600000 0.017494 0.618904 0.785272 0.000000 0.000000 0.000000 0.000000 1.000000
0.998574 -0.050441 0.017510 -0.000000 0.050441 0.783652 -0.619149 3.600000 0.017509 0.619149 0.785078 0.000000 0.000000 0.000000 0.000000 1.000000
0.998576 -0.050408 0.017483 0.000000 0.050408 0.783973 -0.618745 3.600000 0.017483 0.618745 0.785398 0.000000 0.000000 0.000000 0.000000 1.000000
0.998578 -0.050375 0.017457 0.000000 0.050375 0.784299 -0.618334 3.600000 0.017457 0.618334 0.785721 -0.000000 0.000000 0.000000 0.000000 1.000000
0.998575 -0.050413 0.017487 0.000000 0.050413 0.783924 -0.618807 3.600000 0.017487 0.618807 0.785348 0.000000 0.000000 0.000000 0.000000 1.000000
0.998577 -0.050391 0.017470 0.000000 0.050391 0.784136 -0.618540 3.600000 0.017470 0.618540 0.785559 -0.000000 0.000000 0.000000 0.000000 1.000000
0.998572 -0.050469 0.017532 0.000000 0.050469 0.783378 -0.619493 3.600000 0.017531 0.619493 0.784807 0.000000 0.000000 0.000000 0.000000 1.000000
0.998571 -0.050482 0.017542 -0.000000 0.050482 0.783254 -0.619649 3.600000 0.017542 0.619649 0.784683 -0.000000 0.000000 0.000000 0.000000 1.000000
0.998569 -0.050518 0.017571 -0.000000 0.050518 0.782897 -0.620097 3.600000 0.017570 0.620097 0.784328 0.000000 0.000000 0.000000 0.000000 1.000000
0.998568 -0.050519 0.017571 0.000000 0.050519 0.782890 -0.620106 3.600000 0.017571 0.620106 0.784321 -0.000000 0.000000 0.000000 0.000000 1.000000
0.998569 -0.050519 0.017571 0.000000 0.050519 0.782890 -0.620106 3.600000 0.017571 0.620106 0.784321 0.000000 0.000000 0.000000 0.000000 1.000000</float_array>
        <technique_common>
          <accessor source="#mixamorig_RightHandPinky2-Matrix-animation-output-transform-array" count="37" stride="16">
            <param type="float4x4"/>
          </accessor>
        </technique_common>
      </source>
      <source id="mixamorig_RightHandPinky2-Interpolations">
        <Name_array id="mixamorig_RightHandPinky2-Interpolations-array" count="37">
 LINEAR LINEAR LINEAR LINEAR LINEAR LINEAR LINEAR LINEAR LINEAR LINEAR LINEAR
LINEAR LINEAR LINEAR LINEAR LINEAR LINEAR LINEAR LINEAR LINEAR LINEAR LINEAR LINEAR
LINEAR LINEAR LINEAR LINEAR LINEAR LINEAR LINEAR LINEAR LINEAR LINEAR LINEAR LINEAR
LINEAR LINEAR</Name_array>
        <technique_common>
          <accessor source="#mixamorig_RightHandPinky2-Interpolations-array" count="37">
            <param type="name"/>
          </accessor>
        </technique_common>
      </source>
      <sampler id="mixamorig_RightHandPinky2-Matrix-animation-transform">
        <input semantic="INPUT" source="#mixamorig_RightHandPinky2-Matrix-animation-input"/>
        <input semantic="OUTPUT" source="#mixamorig_RightHandPinky2-Matrix-animation-output-transform"/>
        <input semantic="INTERPOLATION" source="#mixamorig_RightHandPinky2-Interpolations"/>
      </sampler>
      <channel source="#mixamorig_RightHandPinky2-Matrix-animation-transform" target="mixamorig_RightHandPinky2/matrix"/>
    </animation>
    <animation id="mixamorig_RightHandPinky3-anim" name="mixamorig_RightHandPinky3">
      <source id="mixamorig_RightHandPinky3-Matrix-animation-input">
        <float_array id="mixamorig_RightHandPinky3-Matrix-animation-input-array" count="37">

0.000000 0.033333 0.066667 0.100000 0.133333 0.166667 0.200000 0.233333 0.266667 0.300000 0.333333 0.366667 0.400000 0.433333 0.466667 0.500000
0.533333 0.566667 0.600000 0.633333 0.666667 0.700000 0.733333 0.766667 0.800000 0.833333 0.866667 0.900000 0.933333 0.966667 1.000000 1.033333
1.066667 1.100000 1.133333 1.166667 1.200000</float_array>
        <technique_common>
          <accessor source="#mixamorig_RightHandPinky3-Matrix-animation-input-array" count="37">
            <param name="TIME" type="float"/>
          </accessor>
        </technique_common>
      </source>
      <source id="mixamorig_RightHandPinky3-Matrix-animation-output-transform">
        <float_array id="mixamorig_RightHandPinky3-Matrix-animation-output-transform-array" count="592">

0.999325 -0.035778 0.008280 -0.000000 0.035778 0.897697 -0.439159 2.100000 0.008279 0.439159 0.898371 0.000000 0.000000 0.000000 0.000000 1.000000
0.999327 -0.035730 0.008256 0.000000 0.035730 0.897983 -0.438576 2.100000 0.008256 0.438576 0.898656 0.000000 0.000000 0.000000 0.000000 1.000000
0.999327 -0.035727 0.008255 0.000000 0.035727 0.898003 -0.438536 2.100000 0.008255 0.438536 0.898676 0.000000 0.000000 0.000000 0.000000 1.000000
0.999327 -0.035727 0.008255 0.000000 0.035727 0.898002 -0.438538 2.100000 0.008255 0.438538 0.898675 0.000000 0.000000 0.000000 0.000000 1.000000
0.999327 -0.035730 0.008256 0.000000 0.035730 0.897983 -0.438576 2.100000 0.008256 0.438576 0.898656 -0.000000 0.000000 0.000000 0.000000 1.000000
0.999327 -0.035736 0.008259 0.000000 0.035736 0.897948 -0.438649 2.100000 0.008259 0.438649 0.898621 0.000000 0.000000 0.000000 0.000000 1.000000
0.999325 -0.035784 0.008283 -0.000000 0.035784 0.897659 -0.439235 2.100000 0.008283 0.439235 0.898334 -0.000000 0.000000 0.000000 0.000000 1.000000
0.999323 -0.035836 0.008308 -0.000000 0.035836 0.897345 -0.439873 2.100000 0.008308 0.439873 0.898022 0.000000 0.000000 0.000000 0.000000 1.000000
0.999325 -0.035786 0.008284 0.000000 0.035786 0.897645 -0.439264 2.100000 0.008284 0.439264 0.898320 -0.000000 0.000000 0.000000 0.000000 1.000000
0.999326 -0.035757 0.008269 0.000000 0.035757 0.897822 -0.438904 2.100000 0.008269 0.438904 0.898496 0.000000 0.000000 0.000000 0.000000 1.000000
0.999326 -0.035769 0.008276 0.000000 0.035769 0.897746 -0.439058 2.100000 0.008275 0.439058 0.898421 0.000000 0.000000 0.000000 0.000000 1.000000
0.999325 -0.035777 0.008279 0.000000 0.035777 0.897698 -0.439155 2.100000 0.008279 0.439155 0.898373 -0.000000 0.000000 0.000000 0.000000 1.000000
0.999326 -0.035755 0.008268 -0.000000 0.035755 0.897836 -0.438877 2.100000 0.008269 0.438877 0.898509 0.000000 0.000000 0.000000 0.000000 1.000000
0.999328 -0.035705 0.008244 0.000000 0.035705 0.898139 -0.438260 2.100000 0.008244 0.438260 0.898810 0.000000 0.000000 0.000000 0.000000 1.000000
0.999331 -0.035630 0.008208 0.000000 0.035630 0.898585 -0.437350 2.100000 0.008208 0.437350 0.899254 0.000000 0.000000 0.000000 0.000000 1.000000
0.999336 -0.035516 0.008152 0.000000 0.035516 0.899275 -0.435939 2.100000 0.008152 0.435939 0.899939 0.000000 0.000000 0.000000 0.000000 1.000000
0.999337 -0.035494 0.008141 -0.000000 0.035494 0.899406 -0.435672 2.100000 0.008141 0.435672 0.900069 -0.000000 0.000000 0.000000 0.000000 1.000000
0.999342 -0.035361 0.008077 -0.000000 0.035361 0.900193 -0.434052 2.100000 0.008078 0.434052 0.900851 0.000000 0.000000 0.000000 0.000000 1.000000
0.999344 -0.035309 0.008052 0.000000 0.035309 0.900505 -0.433410 2.100000 0.008052 0.433410 0.901161 0.000000 0.000000 0.000000 0.000000 1.000000
0.999347 -0.035236 0.008017 -0.000000 0.035236 0.900941 -0.432509 2.100000 0.008017 0.432509 0.901594 0.000000 0.000000 0.000000 0.000000 1.000000
0.999349 -0.035186 0.007993 -0.000000 0.035186 0.901237 -0.431896 2.100000 0.007993 0.431896 0.901888 0.000000 0.000000 0.000000 0.000000 1.000000
0.999351 -0.035141 0.007971 0.000000 0.035141 0.901505 -0.431340 2.100000 0.007971 0.431340 0.902154 0.000000 0.000000 0.000000 0.000000 1.000000
0.999351 -0.035138 0.007970 -0.000000 0.035138 0.901521 -0.431306 2.100000 0.007970 0.431306 0.902171 0.000000 0.000000 0.000000 0.000000 1.000000
0.999350 -0.035162 0.007982 0.000000 0.035162 0.901379 -0.431602 2.100000 0.007981 0.431602 0.902029 0.000000 0.000000 0.000000 0.000000 1.000000
0.999346 -0.035250 0.008024 -0.000000 0.035250 0.900859 -0.432678 2.100000 0.008023 0.432678 0.901513 0.000000 0.000000 0.000000 0.000000 1.000000
0.999343 -0.035322 0.008059 -0.000000 0.035322 0.900428 -0.433568 2.100000 0.008058 0.433568 0.901085 0.000000 0.000000 0.000000 0.000000 1.000000
0.999339 -0.035441 0.008116 -0.000000 0.035442 0.899717 -0.435032 2.100000 0.008116 0.435032 0.900378 0.000000 0.000000 0.000000 0.000000 1.000000
0.999338 -0.035469 0.008129 0.000000 0.035469 0.899552 -0.435371 2.100000 0.008130 0.435371 0.900215 -0.000000 0.000000 0.000000 0.000000 1.000000
0.999335 -0.035531 0.008160 0.000000 0.035531 0.899180 -0.436135 2.100000 0.008159 0.436135 0.899844 0.000000 0.000000 0.000000 0.000000 1.000000
0.999334 -0.035552 0.008170 0.000000 0.035552 0.899055 -0.436390 2.100000 0.008169 0.436390 0.899721 -0.000000 0.000000 0.000000 0.000000 1.000000
0.999332 -0.035613 0.008200 0.000000 0.035613 0.898686 -0.437145 2.100000 0.008199 0.437145 0.899354 -0.000000 0.000000 0.000000 0.000000 1.000000
0.999331 -0.035634 0.008209 0.000000 0.035634 0.898567 -0.437388 2.100000 0.008209 0.437388 0.899235 -0.000000 0.000000 0.000000 0.000000 1.000000
0.999329 -0.035694 0.008239 0.000000 0.035694 0.898203 -0.438130 2.100000 0.008238 0.438130 0.898874 0.000000 0.000000 0.000000 0.000000 1.000000
0.999329 -0.035693 0.008238 -0.000000 0.035693 0.898208 -0.438118 2.100000 0.008238 0.438118 0.898880 0.000000 0.000000 0.000000 0.000000 1.000000
0.999328 -0.035703 0.008243 0.000000 0.035703 0.898148 -0.438241 2.100000 0.008243 0.438241 0.898820 0.000000 0.000000 0.000000 0.000000 1.000000
0.999326 -0.035765 0.008274 -0.000000 0.035765 0.897769 -0.439013 2.100000 0.008274 0.439013 0.898443 0.000000 0.000000 0.000000 0.000000 1.000000
0.999325 -0.035778 0.008280 0.000000 0.035778 0.897697 -0.439159 2.100000 0.008279 0.439159 0.898371 0.000000 0.000000 0.000000 0.000000 1.000000</float_array>
        <technique_common>
          <accessor source="#mixamorig_RightHandPinky3-Matrix-animation-output-transform-array" count="37" stride="16">
            <param type="float4x4"/>
          </accessor>
        </technique_common>
      </source>
      <source id="mixamorig_RightHandPinky3-Interpolations">
        <Name_array id="mixamorig_RightHandPinky3-Interpolations-array" count="37">
 LINEAR LINEAR LINEAR LINEAR LINEAR LINEAR LINEAR LINEAR LINEAR LINEAR LINEAR
LINEAR LINEAR LINEAR LINEAR LINEAR LINEAR LINEAR LINEAR LINEAR LINEAR LINEAR LINEAR
LINEAR LINEAR LINEAR LINEAR LINEAR LINEAR LINEAR LINEAR LINEAR LINEAR LINEAR LINEAR
LINEAR LINEAR</Name_array>
        <technique_common>
          <accessor source="#mixamorig_RightHandPinky3-Interpolations-array" count="37">
            <param type="name"/>
          </accessor>
        </technique_common>
      </source>
      <sampler id="mixamorig_RightHandPinky3-Matrix-animation-transform">
        <input semantic="INPUT" source="#mixamorig_RightHandPinky3-Matrix-animation-input"/>
        <input semantic="OUTPUT" source="#mixamorig_RightHandPinky3-Matrix-animation-output-transform"/>
        <input semantic="INTERPOLATION" source="#mixamorig_RightHandPinky3-Interpolations"/>
      </sampler>
      <channel source="#mixamorig_RightHandPinky3-Matrix-animation-transform" target="mixamorig_RightHandPinky3/matrix"/>
    </animation>
    <animation id="mixamorig_LeftShoulder-anim" name="mixamorig_LeftShoulder">
      <source id="mixamorig_LeftShoulder-Matrix-animation-input">
        <float_array id="mixamorig_LeftShoulder-Matrix-animation-input-array" count="37">

0.000000 0.033333 0.066667 0.100000 0.133333 0.166667 0.200000 0.233333 0.266667 0.300000 0.333333 0.366667 0.400000 0.433333 0.466667 0.500000
0.533333 0.566667 0.600000 0.633333 0.666667 0.700000 0.733333 0.766667 0.800000 0.833333 0.866667 0.900000 0.933333 0.966667 1.000000 1.033333
1.066667 1.100000 1.133333 1.166667 1.200000</float_array>
        <technique_common>
          <accessor source="#mixamorig_LeftShoulder-Matrix-animation-input-array" count="37">
            <param name="TIME" type="float"/>
          </accessor>
        </technique_common>
      </source>
      <source id="mixamorig_LeftShoulder-Matrix-animation-output-transform">
        <float_array id="mixamorig_LeftShoulder-Matrix-animation-output-transform-array" count="592">

-0.137365 0.917312 -0.373723 4.570400 0.206914 -0.342402 -0.916486 11.195600 -0.968668 -0.203222 -0.142771 -0.806600 0.000000 0.000000 0.000000 1.000000
-0.152144 0.917027 -0.368666 4.570400 0.206662 -0.335246 -0.919185 11.195600 -0.966511 -0.216037 -0.138509 -0.806600 0.000000 0.000000 0.000000 1.000000
-0.162639 0.915911 -0.366955 4.570400 0.206847 -0.331993 -0.920323 11.195600 -0.964761 -0.225584 -0.135458 -0.806600 0.000000 0.000000 0.000000 1.000000
-0.169744 0.913610 -0.369465 4.570400 0.207793 -0.333296 -0.919639 11.195600 -0.963332 -0.232875 -0.133266 -0.806600 0.000000 0.000000 0.000000 1.000000
-0.177688 0.911570 -0.370766 4.570400 0.208519 -0.333331 -0.919462 11.195600 -0.961742 -0.240689 -0.130851 -0.806600 0.000000 0.000000 0.000000 1.000000
-0.188272 0.911696 -0.365191 4.570400 0.207758 -0.326454 -0.922098 11.195600 -0.959891 -0.249477 -0.127950 -0.806600 0.000000 0.000000 0.000000 1.000000
-0.197578 0.912528 -0.358129 4.570400 0.206514 -0.318386 -0.925193 11.195600 -0.958288 -0.256756 -0.125544 -0.806600 0.000000 0.000000 0.000000 1.000000
-0.206638 0.911119 -0.356600 4.570400 0.206550 -0.315630 -0.926129 11.195600 -0.956367 -0.265029 -0.122971 -0.806600 0.000000 0.000000 0.000000 1.000000
-0.213183 0.909309 -0.357364 4.570400 0.207033 -0.315422 -0.926092 11.195600 -0.954825 -0.271413 -0.121014 -0.806600 0.000000 0.000000 0.000000 1.000000
-0.210452 0.909037 -0.359669 4.570400 0.207488 -0.317993 -0.925110 11.195600 -0.955332 -0.269318 -0.121692 -0.806600 0.000000 0.000000 0.000000 1.000000
-0.208843 0.908250 -0.362584 4.570400 0.208140 -0.320984 -0.923930 11.195600 -0.955543 -0.268425 -0.122008 -0.806600 0.000000 0.000000 0.000000 1.000000
-0.211127 0.907857 -0.362244 4.570400 0.208168 -0.320334 -0.924149 11.195600 -0.955035 -0.270520 -0.121355 -0.806600 0.000000 0.000000 0.000000 1.000000
-0.201983 0.908102 -0.366814 4.570400 0.208855 -0.325981 -0.922017 11.195600 -0.956861 -0.262843 -0.123819 -0.806600 0.000000 0.000000 0.000000 1.000000
-0.187266 0.907152 -0.376837 4.570400 0.210491 -0.337656 -0.917432 11.195600 -0.959492 -0.251125 -0.127716 -0.806600 0.000000 0.000000 0.000000 1.000000
-0.178185 0.908614 -0.377718 4.570400 0.210182 -0.339857 -0.916690 11.195600 -0.961287 -0.242730 -0.130417 -0.806600 0.000000 0.000000 0.000000 1.000000
-0.170917 0.911302 -0.374589 4.570400 0.209046 -0.337987 -0.917641 11.195600 -0.962854 -0.235147 -0.132737 -0.806600 0.000000 0.000000 0.000000 1.000000
-0.162812 0.912350 -0.375646 4.570400 0.208823 -0.340238 -0.916859 11.195600 -0.964306 -0.227719 -0.135125 -0.806600 0.000000 0.000000 0.000000 1.000000
-0.157360 0.914211 -0.373437 4.570400 0.208017 -0.338979 -0.917509 11.195600 -0.965384 -0.222061 -0.136830 -0.806600 0.000000 0.000000 0.000000 1.000000
-0.152747 0.916562 -0.369570 4.570400 0.206907 -0.336011 -0.918850 11.195600 -0.966363 -0.216818 -0.138319 -0.806600 0.000000 0.000000 0.000000 1.000000
-0.142579 0.918293 -0.369336 4.570400 0.206286 -0.337385 -0.918487 11.195600 -0.968048 -0.207146 -0.141327 -0.806600 0.000000 0.000000 0.000000 1.000000
-0.130511 0.920030 -0.369474 4.570400 0.205623 -0.339441 -0.917878 11.195600 -0.969890 -0.195765 -0.144879 -0.806600 0.000000 0.000000 0.000000 1.000000
-0.122411 0.921253 -0.369199 4.570400 0.205094 -0.340487 -0.917608 11.195600 -0.971057 -0.188046 -0.147265 -0.806600 0.000000 0.000000 0.000000 1.000000
-0.118739 0.921052 -0.370897 4.570400 0.205218 -0.342710 -0.916753 11.195600 -0.971487 -0.184969 -0.148323 -0.806600 0.000000 0.000000 0.000000 1.000000
-0.116426 0.921180 -0.371312 4.570400 0.205160 -0.343486 -0.916475 11.195600 -0.971779 -0.182879 -0.148999 -0.806600 0.000000 0.000000 0.000000 1.000000
-0.112720 0.923294 -0.367181 4.570400 0.204119 -0.340138 -0.917955 11.195600 -0.972435 -0.178420 -0.150122 -0.806600 0.000000 0.000000 0.000000 1.000000
-0.108175 0.925624 -0.362654 4.570400 0.202969 -0.336547 -0.919532 11.195600 -0.973191 -0.173078 -0.151467 -0.806600 0.000000 0.000000 0.000000 1.000000
-0.107379 0.924643 -0.365383 4.570400 0.203452 -0.339295 -0.918415 11.195600 -0.973179 -0.172956 -0.151687 -0.806600 0.000000 0.000000 0.000000 1.000000
-0.107213 0.923255 -0.368926 4.570400 0.204129 -0.342719 -0.916993 11.195600 -0.973055 -0.173622 -0.151719 -0.806600 0.000000 0.000000 0.000000 1.000000
-0.105452 0.924641 -0.365949 4.570400 0.203446 -0.340157 -0.918097 11.195600 -0.973391 -0.171266 -0.152244 -0.806600 0.000000 0.000000 0.000000 1.000000
-0.107083 0.924980 -0.364617 4.570400 0.203284 -0.338610 -0.918705 11.195600 -0.973247 -0.172498 -0.151774 -0.806600 0.000000 0.000000 0.000000 1.000000
-0.110216 0.923713 -0.366888 4.570400 0.203909 -0.340270 -0.917953 11.195600 -0.972766 -0.175985 -0.150850 -0.806600 0.000000 0.000000 0.000000 1.000000
-0.112863 0.921851 -0.370746 4.570400 0.204824 -0.343530 -0.916534 11.195600 -0.972270 -0.179380 -0.150046 -0.806600 0.000000 0.000000 0.000000 1.000000
-0.116559 0.919993 -0.374202 4.570400 0.205737 -0.346232 -0.915312 11.195600 -0.971641 -0.183675 -0.148920 -0.806600 0.000000 0.000000 0.000000 1.000000
-0.123468 0.919069 -0.374256 4.570400 0.206177 -0.345154 -0.915620 11.195600 -0.970694 -0.190213 -0.146875 -0.806600 0.000000 0.000000 0.000000 1.000000
-0.129160 0.918064 -0.374803 4.570400 0.206640 -0.344753 -0.915667 11.195600 -0.969855 -0.195717 -0.145180 -0.806600 0.000000 0.000000 0.000000 1.000000
-0.131291 0.916816 -0.377109 4.570400 0.207248 -0.346612 -0.914827 11.195600 -0.969438 -0.198264 -0.144501 -0.806600 0.000000 0.000000 0.000000 1.000000
-0.137365 0.917313 -0.373722 4.570400 0.206915 -0.342401 -0.916487 11.195600 -0.968668 -0.203222 -0.142771 -0.806600 0.000000 0.000000 0.000000 1.000000</float_array>
        <technique_common>
          <accessor source="#mixamorig_LeftShoulder-Matrix-animation-output-transform-array" count="37" stride="16">
            <param type="float4x4"/>
          </accessor>
        </technique_common>
      </source>
      <source id="mixamorig_LeftShoulder-Interpolations">
        <Name_array id="mixamorig_LeftShoulder-Interpolations-array" count="37">
 LINEAR LINEAR LINEAR LINEAR LINEAR LINEAR LINEAR LINEAR LINEAR LINEAR LINEAR
LINEAR LINEAR LINEAR LINEAR LINEAR LINEAR LINEAR LINEAR LINEAR LINEAR LINEAR LINEAR
LINEAR LINEAR LINEAR LINEAR LINEAR LINEAR LINEAR LINEAR LINEAR LINEAR LINEAR LINEAR
LINEAR LINEAR</Name_array>
        <technique_common>
          <accessor source="#mixamorig_LeftShoulder-Interpolations-array" count="37">
            <param type="name"/>
          </accessor>
        </technique_common>
      </source>
      <sampler id="mixamorig_LeftShoulder-Matrix-animation-transform">
        <input semantic="INPUT" source="#mixamorig_LeftShoulder-Matrix-animation-input"/>
        <input semantic="OUTPUT" source="#mixamorig_LeftShoulder-Matrix-animation-output-transform"/>
        <input semantic="INTERPOLATION" source="#mixamorig_LeftShoulder-Interpolations"/>
      </sampler>
      <channel source="#mixamorig_LeftShoulder-Matrix-animation-transform" target="mixamorig_LeftShoulder/matrix"/>
    </animation>
    <animation id="mixamorig_LeftArm-anim" name="mixamorig_LeftArm">
      <source id="mixamorig_LeftArm-Matrix-animation-input">
        <float_array id="mixamorig_LeftArm-Matrix-animation-input-array" count="37">

0.000000 0.033333 0.066667 0.100000 0.133333 0.166667 0.200000 0.233333 0.266667 0.300000 0.333333 0.366667 0.400000 0.433333 0.466667 0.500000
0.533333 0.566667 0.600000 0.633333 0.666667 0.700000 0.733333 0.766667 0.800000 0.833333 0.866667 0.900000 0.933333 0.966667 1.000000 1.033333
1.066667 1.100000 1.133333 1.166667 1.200000</float_array>
        <technique_common>
          <accessor source="#mixamorig_LeftArm-Matrix-animation-input-array" count="37">
            <param name="TIME" type="float"/>
          </accessor>
        </technique_common>
      </source>
      <source id="mixamorig_LeftArm-Matrix-animation-output-transform">
        <float_array id="mixamorig_LeftArm-Matrix-animation-output-transform-array" count="592">

0.935179 -0.171642 0.309806 -0.000000 0.353774 0.494394 -0.793989 10.837700 -0.016884 0.852123 0.523069 0.000000 0.000000 0.000000 0.000000 1.000000
0.940560 -0.114325 0.319808 -0.000000 0.333113 0.494095 -0.803060 10.837700 -0.066205 0.861858 0.502809 -0.000000 0.000000 0.000000 0.000000 1.000000
0.945183 -0.052555 0.322284 0.000000 0.304160 0.500794 -0.810366 10.837700 -0.118809 0.863970 0.489327 -0.000000 0.000000 0.000000 0.000000 1.000000
0.948560 0.003300 0.316582 0.000000 0.271083 0.508091 -0.817532 10.837700 -0.163550 0.861297 0.481060 0.000000 0.000000 0.000000 0.000000 1.000000
0.954705 0.052954 0.292805 0.000000 0.226119 0.510524 -0.829600 10.837700 -0.193415 0.858231 0.475426 -0.000000 0.000000 0.000000 0.000000 1.000000
0.964173 0.097073 0.246875 -0.000000 0.165911 0.505491 -0.846730 10.837700 -0.206988 0.857354 0.471276 0.000000 0.000000 0.000000 0.000000 1.000000
0.970193 0.135764 0.200735 0.000000 0.107905 0.499667 -0.859470 10.837700 -0.216986 0.855512 0.470124 0.000000 0.000000 0.000000 0.000000 1.000000
0.972298 0.164826 0.165735 -0.000000 0.063216 0.497198 -0.865331 10.837700 -0.225032 0.851837 0.473005 0.000000 0.000000 0.000000 0.000000 1.000000
0.970320 0.184243 0.156635 -0.000000 0.046208 0.494524 -0.867935 10.837700 -0.237370 0.849412 0.471333 0.000000 0.000000 0.000000 0.000000 1.000000
0.963934 0.203897 0.171044 -0.000000 0.048955 0.495879 -0.867011 10.837700 -0.261598 0.844115 0.468013 -0.000000 0.000000 0.000000 0.000000 1.000000
0.958774 0.215928 0.184736 0.000000 0.053245 0.502073 -0.863184 10.837700 -0.279137 0.837435 0.469878 0.000000 0.000000 0.000000 0.000000 1.000000
0.960684 0.196051 0.196597 -0.000000 0.072996 0.504827 -0.860128 10.837700 -0.267877 0.840662 0.470669 -0.000000 0.000000 0.000000 0.000000 1.000000
0.966268 0.147245 0.211295 0.000000 0.110024 0.505785 -0.855615 10.837700 -0.232855 0.850000 0.472523 0.000000 0.000000 0.000000 0.000000 1.000000
0.971909 0.078643 0.221831 0.000000 0.151937 0.510172 -0.846546 10.837700 -0.179747 0.856469 0.483892 0.000000 0.000000 0.000000 0.000000 1.000000
0.972200 -0.003537 0.234125 -0.000000 0.203358 0.508410 -0.836758 10.837700 -0.116072 0.861108 0.494996 0.000000 0.000000 0.000000 0.000000 1.000000
0.961725 -0.081116 0.261734 0.000000 0.266127 0.504038 -0.821658 10.837700 -0.065274 0.859864 0.506333 0.000000 0.000000 0.000000 0.000000 1.000000
0.943992 -0.154806 0.291402 0.000000 0.329121 0.505023 -0.797892 10.837700 -0.023646 0.849109 0.527687 0.000000 0.000000 0.000000 0.000000 1.000000
0.918907 -0.230584 0.320063 0.000000 0.394173 0.505041 -0.767829 10.837700 0.015404 0.831724 0.554976 -0.000000 0.000000 0.000000 0.000000 1.000000
0.888311 -0.305994 0.342449 0.000000 0.456203 0.502314 -0.734547 10.837700 0.052750 0.808732 0.585806 0.000000 0.000000 0.000000 0.000000 1.000000
0.858807 -0.375704 0.348277 0.000000 0.504514 0.502184 -0.702337 10.837700 0.088972 0.778882 0.620827 0.000000 0.000000 0.000000 0.000000 1.000000
0.831650 -0.437638 0.341806 0.000000 0.541549 0.503064 -0.673536 10.837700 0.122814 0.745251 0.655375 0.000000 0.000000 0.000000 0.000000 1.000000
0.802711 -0.496887 0.329785 0.000000 0.575274 0.499382 -0.647825 10.837700 0.157207 0.709733 0.686706 0.000000 0.000000 0.000000 0.000000 1.000000
0.774123 -0.550912 0.311817 0.000000 0.602567 0.490293 -0.629703 10.837700 0.194029 0.675358 0.711508 0.000000 0.000000 0.000000 0.000000 1.000000
0.753164 -0.590066 0.290803 0.000000 0.615855 0.477080 -0.626991 10.837700 0.231230 0.651319 0.722715 -0.000000 0.000000 0.000000 0.000000 1.000000
0.745106 -0.609099 0.271691 0.000000 0.613259 0.465572 -0.638088 10.837700 0.262167 0.642060 0.720436 -0.000000 0.000000 0.000000 0.000000 1.000000
0.751382 -0.607861 0.256769 0.000000 0.599117 0.465355 -0.651539 10.837700 0.276556 0.643389 0.713840 0.000000 0.000000 0.000000 0.000000 1.000000
0.762932 -0.592220 0.259249 0.000000 0.590090 0.474136 -0.653444 10.837700 0.264063 0.651513 0.711197 0.000000 0.000000 0.000000 0.000000 1.000000
0.775454 -0.567105 0.277603 -0.000000 0.584902 0.479588 -0.654129 10.837700 0.237825 0.669617 0.703599 0.000000 0.000000 0.000000 0.000000 1.000000
0.791354 -0.537390 0.291498 -0.000000 0.569605 0.474916 -0.670824 10.837700 0.222057 0.696898 0.681927 -0.000000 0.000000 0.000000 0.000000 1.000000
0.808476 -0.507968 0.297212 -0.000000 0.548434 0.467058 -0.693597 10.837700 0.213510 0.723758 0.656192 0.000000 0.000000 0.000000 0.000000 1.000000
0.825628 -0.477147 0.301112 0.000000 0.527541 0.463570 -0.711901 10.837700 0.200095 0.746615 0.634451 -0.000000 0.000000 0.000000 0.000000 1.000000
0.842182 -0.445034 0.304425 0.000000 0.507212 0.462330 -0.727315 10.837700 0.182936 0.766939 0.615093 0.000000 0.000000 0.000000 0.000000 1.000000
0.861659 -0.406861 0.303329 0.000000 0.480680 0.462619 -0.744936 10.837700 0.162759 0.787685 0.594190 0.000000 0.000000 0.000000 0.000000 1.000000
0.883505 -0.356437 0.303926 0.000000 0.450295 0.467524 -0.760694 10.837700 0.129046 0.808934 0.573562 -0.000000 0.000000 0.000000 0.000000 1.000000
0.904627 -0.295263 0.307360 0.000000 0.418266 0.476486 -0.773314 10.837700 0.081878 0.828119 0.554541 0.000000 0.000000 0.000000 0.000000 1.000000
0.922093 -0.232196 0.309564 -0.000000 0.385690 0.486501 -0.783939 10.837700 0.031424 0.842260 0.538155 0.000000 0.000000 0.000000 0.000000 1.000000
0.935179 -0.171642 0.309806 0.000000 0.353774 0.494394 -0.793989 10.837700 -0.016884 0.852123 0.523069 0.000000 0.000000 0.000000 0.000000 1.000000</float_array>
        <technique_common>
          <accessor source="#mixamorig_LeftArm-Matrix-animation-output-transform-array" count="37" stride="16">
            <param type="float4x4"/>
          </accessor>
        </technique_common>
      </source>
      <source id="mixamorig_LeftArm-Interpolations">
        <Name_array id="mixamorig_LeftArm-Interpolations-array" count="37">
 LINEAR LINEAR LINEAR LINEAR LINEAR LINEAR LINEAR LINEAR LINEAR LINEAR LINEAR
LINEAR LINEAR LINEAR LINEAR LINEAR LINEAR LINEAR LINEAR LINEAR LINEAR LINEAR LINEAR
LINEAR LINEAR LINEAR LINEAR LINEAR LINEAR LINEAR LINEAR LINEAR LINEAR LINEAR LINEAR
LINEAR LINEAR</Name_array>
        <technique_common>
          <accessor source="#mixamorig_LeftArm-Interpolations-array" count="37">
            <param type="name"/>
          </accessor>
        </technique_common>
      </source>
      <sampler id="mixamorig_LeftArm-Matrix-animation-transform">
        <input semantic="INPUT" source="#mixamorig_LeftArm-Matrix-animation-input"/>
        <input semantic="OUTPUT" source="#mixamorig_LeftArm-Matrix-animation-output-transform"/>
        <input semantic="INTERPOLATION" source="#mixamorig_LeftArm-Interpolations"/>
      </sampler>
      <channel source="#mixamorig_LeftArm-Matrix-animation-transform" target="mixamorig_LeftArm/matrix"/>
    </animation>
    <animation id="mixamorig_LeftForeArm-anim" name="mixamorig_LeftForeArm">
      <source id="mixamorig_LeftForeArm-Matrix-animation-input">
        <float_array id="mixamorig_LeftForeArm-Matrix-animation-input-array" count="37">

0.000000 0.033333 0.066667 0.100000 0.133333 0.166667 0.200000 0.233333 0.266667 0.300000 0.333333 0.366667 0.400000 0.433333 0.466667 0.500000
0.533333 0.566667 0.600000 0.633333 0.666667 0.700000 0.733333 0.766667 0.800000 0.833333 0.866667 0.900000 0.933333 0.966667 1.000000 1.033333
1.066667 1.100000 1.133333 1.166667 1.200000</float_array>
        <technique_common>
          <accessor source="#mixamorig_LeftForeArm-Matrix-animation-input-array" count="37">
            <param name="TIME" type="float"/>
          </accessor>
        </technique_common>
      </source>
      <source id="mixamorig_LeftForeArm-Matrix-animation-output-transform">
        <float_array id="mixamorig_LeftForeArm-Matrix-animation-output-transform-array" count="592">

0.993688 -0.112176 -0.000000 0.000000 0.112176 0.993688 0.000000 27.841499 0.000000 -0.000000 1.000000 0.000000 0.000000 0.000000 0.000000 1.000000
0.992377 -0.123242 -0.000000 0.000000 0.123242 0.992377 0.000000 27.841499 0.000000 -0.000000 1.000000 0.000000 0.000000 0.000000 0.000000 1.000000
0.990725 -0.135880 0.000000 0.000000 0.135880 0.990725 0.000000 27.841499 -0.000000 -0.000000 1.000000 0.000000 0.000000 0.000000 0.000000 1.000000
0.989863 -0.142024 -0.000000 0.000000 0.142024 0.989863 -0.000000 27.841499 0.000000 0.000000 1.000000 -0.000000 0.000000 0.000000 0.000000 1.000000
0.990864 -0.134868 -0.000000 0.000000 0.134868 0.990864 0.000000 27.841499 0.000000 -0.000000 1.000000 -0.000000 0.000000 0.000000 0.000000 1.000000
0.994005 -0.109335 0.000000 0.000000 0.109335 0.994005 0.000000 27.841499 -0.000000 -0.000000 1.000000 0.000000 0.000000 0.000000 0.000000 1.000000
0.996815 -0.079746 -0.000000 -0.000000 0.079746 0.996815 0.000000 27.841499 0.000000 -0.000000 1.000000 0.000000 0.000000 0.000000 0.000000 1.000000
0.998190 -0.060142 -0.000000 0.000000 0.060142 0.998190 -0.000000 27.841499 0.000000 0.000000 1.000000 0.000000 0.000000 0.000000 0.000000 1.000000
0.998263 -0.058917 -0.000000 0.000000 0.058917 0.998263 0.000000 27.841499 -0.000000 -0.000000 1.000000 0.000000 0.000000 0.000000 0.000000 1.000000
0.997458 -0.071258 0.000000 0.000000 0.071258 0.997458 0.000000 27.841499 -0.000000 -0.000000 1.000000 0.000000 0.000000 0.000000 0.000000 1.000000
0.996562 -0.082856 -0.000000 0.000000 0.082856 0.996562 0.000000 27.841499 0.000000 -0.000000 1.000000 0.000000 0.000000 0.000000 0.000000 1.000000
0.996140 -0.087774 0.000000 0.000000 0.087774 0.996140 0.000000 27.841499 -0.000000 -0.000000 1.000000 0.000000 0.000000 0.000000 0.000000 1.000000
0.996602 -0.082370 -0.000000 0.000000 0.082370 0.996602 0.000000 27.841499 0.000000 -0.000000 1.000000 0.000000 0.000000 0.000000 0.000000 1.000000
0.996873 -0.079025 -0.000000 -0.000000 0.079025 0.996873 -0.000000 27.841499 0.000000 0.000000 1.000000 -0.000000 0.000000 0.000000 0.000000 1.000000
0.995823 -0.091300 -0.000000 -0.000000 0.091300 0.995823 -0.000000 27.841499 0.000000 0.000000 1.000000 -0.000000 0.000000 0.000000 0.000000 1.000000
0.993433 -0.114414 0.000000 0.000000 0.114414 0.993433 -0.000000 27.841499 -0.000000 0.000000 1.000000 0.000000 0.000000 0.000000 0.000000 1.000000
0.988516 -0.151114 -0.000000 -0.000000 0.151114 0.988516 0.000000 27.841499 -0.000000 -0.000000 1.000000 0.000000 0.000000 0.000000 0.000000 1.000000
0.979862 -0.199675 -0.000000 0.000000 0.199675 0.979862 0.000000 27.841499 0.000000 -0.000000 1.000000 0.000000 0.000000 0.000000 0.000000 1.000000
0.966531 -0.256550 -0.000000 0.000000 0.256550 0.966531 0.000000 27.841499 -0.000000 -0.000000 1.000000 -0.000000 0.000000 0.000000 0.000000 1.000000
0.949068 -0.315070 0.000000 -0.000000 0.315070 0.949068 0.000000 27.841499 -0.000000 -0.000000 1.000000 0.000000 0.000000 0.000000 0.000000 1.000000
0.928668 -0.370913 0.000000 0.000000 0.370913 0.928668 0.000000 27.841499 -0.000000 -0.000000 1.000000 0.000000 0.000000 0.000000 0.000000 1.000000
0.911553 -0.411182 0.000000 0.000000 0.411182 0.911553 0.000000 27.841499 -0.000000 -0.000000 1.000000 -0.000000 0.000000 0.000000 0.000000 1.000000
0.903417 -0.428764 0.000000 0.000000 0.428764 0.903417 -0.000000 27.841499 -0.000000 0.000000 1.000000 0.000000 0.000000 0.000000 0.000000 1.000000
0.903510 -0.428567 0.000000 0.000000 0.428567 0.903510 0.000000 27.841499 -0.000000 -0.000000 1.000000 0.000000 0.000000 0.000000 0.000000 1.000000
0.906577 -0.422041 0.000000 0.000000 0.422041 0.906577 0.000000 27.841499 -0.000000 -0.000000 1.000000 0.000000 0.000000 0.000000 0.000000 1.000000
0.910002 -0.414604 -0.000000 0.000000 0.414604 0.910002 0.000000 27.841499 0.000000 -0.000000 1.000000 0.000000 0.000000 0.000000 0.000000 1.000000
0.917350 -0.398082 0.000000 0.000000 0.398082 0.917350 -0.000000 27.841499 -0.000000 0.000000 1.000000 -0.000000 0.000000 0.000000 0.000000 1.000000
0.933317 -0.359053 0.000000 0.000000 0.359053 0.933317 -0.000000 27.841499 0.000000 0.000000 1.000000 -0.000000 0.000000 0.000000 0.000000 1.000000
0.953652 -0.300913 0.000000 0.000000 0.300913 0.953652 0.000000 27.841499 -0.000000 -0.000000 1.000000 0.000000 0.000000 0.000000 0.000000 1.000000
0.970303 -0.241894 -0.000000 0.000000 0.241894 0.970303 -0.000000 27.841499 0.000000 -0.000000 1.000000 0.000000 0.000000 0.000000 0.000000 1.000000
0.982108 -0.188318 0.000000 0.000000 0.188318 0.982108 0.000000 27.841499 -0.000000 -0.000000 1.000000 0.000000 0.000000 0.000000 0.000000 1.000000
0.989903 -0.141749 0.000000 0.000000 0.141749 0.989903 -0.000000 27.841499 -0.000000 0.000000 1.000000 0.000000 0.000000 0.000000 0.000000 1.000000
0.993966 -0.109688 -0.000000 0.000000 0.109688 0.993966 0.000000 27.841499 0.000000 -0.000000 1.000000 0.000000 0.000000 0.000000 0.000000 1.000000
0.995202 -0.097843 -0.000000 0.000000 0.097843 0.995202 0.000000 27.841499 0.000000 -0.000000 1.000000 0.000000 0.000000 0.000000 0.000000 1.000000
0.995035 -0.099526 0.000000 -0.000000 0.099526 0.995035 0.000000 27.841499 -0.000000 -0.000000 1.000000 0.000000 0.000000 0.000000 0.000000 1.000000
0.994460 -0.105112 0.000000 0.000000 0.105112 0.994460 -0.000000 27.841499 -0.000000 0.000000 1.000000 0.000000 0.000000 0.000000 0.000000 1.000000
0.993688 -0.112176 0.000000 0.000000 0.112176 0.993688 0.000000 27.841499 -0.000000 -0.000000 1.000000 0.000000 0.000000 0.000000 0.000000 1.000000</float_array>
        <technique_common>
          <accessor source="#mixamorig_LeftForeArm-Matrix-animation-output-transform-array" count="37" stride="16">
            <param type="float4x4"/>
          </accessor>
        </technique_common>
      </source>
      <source id="mixamorig_LeftForeArm-Interpolations">
        <Name_array id="mixamorig_LeftForeArm-Interpolations-array" count="37">
 LINEAR LINEAR LINEAR LINEAR LINEAR LINEAR LINEAR LINEAR LINEAR LINEAR LINEAR
LINEAR LINEAR LINEAR LINEAR LINEAR LINEAR LINEAR LINEAR LINEAR LINEAR LINEAR LINEAR
LINEAR LINEAR LINEAR LINEAR LINEAR LINEAR LINEAR LINEAR LINEAR LINEAR LINEAR LINEAR
LINEAR LINEAR</Name_array>
        <technique_common>
          <accessor source="#mixamorig_LeftForeArm-Interpolations-array" count="37">
            <param type="name"/>
          </accessor>
        </technique_common>
      </source>
      <sampler id="mixamorig_LeftForeArm-Matrix-animation-transform">
        <input semantic="INPUT" source="#mixamorig_LeftForeArm-Matrix-animation-input"/>
        <input semantic="OUTPUT" source="#mixamorig_LeftForeArm-Matrix-animation-output-transform"/>
        <input semantic="INTERPOLATION" source="#mixamorig_LeftForeArm-Interpolations"/>
      </sampler>
      <channel source="#mixamorig_LeftForeArm-Matrix-animation-transform" target="mixamorig_LeftForeArm/matrix"/>
    </animation>
    <animation id="mixamorig_LeftHand-anim" name="mixamorig_LeftHand">
      <source id="mixamorig_LeftHand-Matrix-animation-input">
        <float_array id="mixamorig_LeftHand-Matrix-animation-input-array" count="37">

0.000000 0.033333 0.066667 0.100000 0.133333 0.166667 0.200000 0.233333 0.266667 0.300000 0.333333 0.366667 0.400000 0.433333 0.466667 0.500000
0.533333 0.566667 0.600000 0.633333 0.666667 0.700000 0.733333 0.766667 0.800000 0.833333 0.866667 0.900000 0.933333 0.966667 1.000000 1.033333
1.066667 1.100000 1.133333 1.166667 1.200000</float_array>
        <technique_common>
          <accessor source="#mixamorig_LeftHand-Matrix-animation-input-array" count="37">
            <param name="TIME" type="float"/>
          </accessor>
        </technique_common>
      </source>
      <source id="mixamorig_LeftHand-Matrix-animation-output-transform">
        <float_array id="mixamorig_LeftHand-Matrix-animation-output-transform-array" count="592">

0.999564 0.017137 -0.024035 0.000000 -0.017391 0.999795 -0.010410 28.328800 0.023852 0.010823 0.999657 0.000000 0.000000 0.000000 0.000000 1.000000
0.999627 0.025563 -0.009583 0.000000 -0.025790 0.999370 -0.024373 28.328800 0.008954 0.024611 0.999657 -0.000000 0.000000 0.000000 0.000000 1.000000
0.999649 0.023695 -0.011868 0.000000 -0.024005 0.999356 -0.026661 28.328800 0.011229 0.026936 0.999574 0.000000 0.000000 0.000000 0.000000 1.000000
0.999733 0.016449 -0.016249 0.000000 -0.016554 0.999843 -0.006322 28.328800 0.016142 0.006589 0.999848 0.000000 0.000000 0.000000 0.000000 1.000000
0.999880 0.015496 0.000024 0.000000 -0.015491 0.999539 0.026102 28.328800 0.000381 -0.026099 0.999659 -0.000000 0.000000 0.000000 0.000000 1.000000
0.999472 0.026340 0.019047 -0.000000 -0.026789 0.999361 0.023668 28.328800 -0.018412 -0.024165 0.999538 0.000000 0.000000 0.000000 0.000000 1.000000
0.997445 0.043506 0.056661 0.000000 -0.044689 0.998805 0.019791 28.328800 -0.055733 -0.022273 0.998197 0.000000 0.000000 0.000000 0.000000 1.000000
0.990667 0.073410 0.114850 0.000000 -0.075762 0.996994 0.016238 28.328800 -0.113313 -0.024788 0.993250 0.000000 0.000000 0.000000 0.000000 1.000000
0.976067 0.096799 0.194737 0.000000 -0.099846 0.994986 0.005871 28.328800 -0.193192 -0.025174 0.980838 0.000000 0.000000 0.000000 0.000000 1.000000
0.966106 0.107051 0.234904 0.000000 -0.104587 0.994251 -0.022962 28.328800 -0.236012 -0.002384 0.971747 -0.000000 0.000000 0.000000 0.000000 1.000000
0.970676 0.117120 0.209929 0.000000 -0.106955 0.992501 -0.059178 28.328800 -0.215286 0.034990 0.975924 -0.000000 0.000000 0.000000 0.000000 1.000000
0.977605 0.109063 0.179983 0.000000 -0.099624 0.993172 -0.060701 28.328800 -0.185374 0.041411 0.981795 0.000000 0.000000 0.000000 0.000000 1.000000
0.989501 0.101295 0.103092 0.000000 -0.093797 0.992750 -0.075162 28.328800 -0.109958 0.064703 0.991828 0.000000 0.000000 0.000000 0.000000 1.000000
0.993437 0.106678 0.041253 0.000000 -0.102494 0.990388 -0.092880 28.328800 -0.050764 0.088042 0.994822 0.000000 0.000000 0.000000 0.000000 1.000000
0.990825 0.087398 0.103091 -0.000000 -0.085416 0.996068 -0.023494 28.328800 -0.104739 0.014473 0.994394 0.000000 0.000000 0.000000 0.000000 1.000000
0.997168 0.029597 0.069134 0.000000 -0.030737 0.999408 0.015488 28.328800 -0.068634 -0.017569 0.997487 -0.000000 0.000000 0.000000 0.000000 1.000000
0.999123 -0.025378 -0.033295 0.000000 0.025981 0.999504 0.017801 28.328800 0.032827 -0.018650 0.999287 0.000000 0.000000 0.000000 0.000000 1.000000
0.990062 -0.081071 -0.114910 -0.000000 0.083762 0.996309 0.018771 28.328800 0.112964 -0.028210 0.993199 0.000000 0.000000 0.000000 0.000000 1.000000
0.973031 -0.123038 -0.195120 0.000000 0.129948 0.991255 0.022967 28.328800 0.190588 -0.047703 0.980510 0.000000 0.000000 0.000000 0.000000 1.000000
0.955022 -0.145388 -0.258448 -0.000000 0.160630 0.986254 0.038755 28.328800 0.249261 -0.078526 0.965247 0.000000 0.000000 0.000000 0.000000 1.000000
0.940484 -0.156626 -0.301593 0.000000 0.180604 0.982119 0.053152 28.328800 0.287875 -0.104457 0.951954 -0.000000 0.000000 0.000000 0.000000 1.000000
0.931208 -0.168988 -0.322948 0.000000 0.200255 0.977523 0.065922 28.328800 0.304550 -0.126060 0.944118 0.000000 0.000000 0.000000 0.000000 1.000000
0.930326 -0.183468 -0.317542 0.000000 0.217313 0.973266 0.074349 28.328800 0.295413 -0.138175 0.945325 0.000000 0.000000 0.000000 0.000000 1.000000
0.933125 -0.188015 -0.306477 0.000000 0.226261 0.969508 0.094126 28.328800 0.279435 -0.157175 0.947213 -0.000000 0.000000 0.000000 0.000000 1.000000
0.935128 -0.181724 -0.304157 0.000000 0.225705 0.967263 0.116018 28.328800 0.273116 -0.177142 0.945531 -0.000000 0.000000 0.000000 0.000000 1.000000
0.937657 -0.177793 -0.298644 0.000000 0.221619 0.967761 0.119679 28.328800 0.267738 -0.178403 0.946831 0.000000 0.000000 0.000000 0.000000 1.000000
0.936057 -0.175637 -0.304874 0.000000 0.219286 0.968844 0.115127 28.328800 0.275155 -0.174621 0.945409 -0.000000 0.000000 0.000000 0.000000 1.000000
0.933217 -0.172417 -0.315243 0.000000 0.214036 0.971455 0.102291 28.328800 0.288608 -0.162933 0.943482 0.000000 0.000000 0.000000 0.000000 1.000000
0.942532 -0.156126 -0.295396 0.000000 0.189612 0.977893 0.088158 28.328800 0.275102 -0.139102 0.951299 -0.000000 0.000000 0.000000 0.000000 1.000000
0.960900 -0.117605 -0.250681 0.000000 0.140186 0.987344 0.074153 28.328800 0.238788 -0.106396 0.965226 -0.000000 0.000000 0.000000 0.000000 1.000000
0.976721 -0.080246 -0.198938 -0.000000 0.093627 0.993871 0.058780 28.328800 0.193002 -0.076037 0.978248 0.000000 0.000000 0.000000 0.000000 1.000000
0.988596 -0.055353 -0.140048 0.000000 0.062782 0.996814 0.049198 28.328800 0.136878 -0.057429 0.988922 0.000000 0.000000 0.000000 0.000000 1.000000
0.996549 -0.030993 -0.077005 0.000000 0.034536 0.998385 0.045117 28.328800 0.075483 -0.047621 0.996009 0.000000 0.000000 0.000000 0.000000 1.000000
0.999290 -0.000619 -0.037679 0.000000 0.002048 0.999280 0.037896 28.328800 0.037629 -0.037946 0.998571 0.000000 0.000000 0.000000 0.000000 1.000000
0.999548 0.019448 -0.022945 -0.000000 -0.018919 0.999555 0.023084 28.328800 0.023383 -0.022639 0.999470 -0.000000 0.000000 0.000000 0.000000 1.000000
0.999533 0.023418 -0.019619 0.000000 -0.023344 0.999719 0.004025 28.328800 0.019707 -0.003566 0.999799 0.000000 0.000000 0.000000 0.000000 1.000000
0.999564 0.017136 -0.024036 0.000000 -0.017391 0.999795 -0.010410 28.328800 0.023852 0.010823 0.999657 0.000000 0.000000 0.000000 0.000000 1.000000</float_array>
        <technique_common>
          <accessor source="#mixamorig_LeftHand-Matrix-animation-output-transform-array" count="37" stride="16">
            <param type="float4x4"/>
          </accessor>
        </technique_common>
      </source>
      <source id="mixamorig_LeftHand-Interpolations">
        <Name_array id="mixamorig_LeftHand-Interpolations-array" count="37">
 LINEAR LINEAR LINEAR LINEAR LINEAR LINEAR LINEAR LINEAR LINEAR LINEAR LINEAR
LINEAR LINEAR LINEAR LINEAR LINEAR LINEAR LINEAR LINEAR LINEAR LINEAR LINEAR LINEAR
LINEAR LINEAR LINEAR LINEAR LINEAR LINEAR LINEAR LINEAR LINEAR LINEAR LINEAR LINEAR
LINEAR LINEAR</Name_array>
        <technique_common>
          <accessor source="#mixamorig_LeftHand-Interpolations-array" count="37">
            <param type="name"/>
          </accessor>
        </technique_common>
      </source>
      <sampler id="mixamorig_LeftHand-Matrix-animation-transform">
        <input semantic="INPUT" source="#mixamorig_LeftHand-Matrix-animation-input"/>
        <input semantic="OUTPUT" source="#mixamorig_LeftHand-Matrix-animation-output-transform"/>
        <input semantic="INTERPOLATION" source="#mixamorig_LeftHand-Interpolations"/>
      </sampler>
      <channel source="#mixamorig_LeftHand-Matrix-animation-transform" target="mixamorig_LeftHand/matrix"/>
    </animation>
    <animation id="mixamorig_LeftHandThumb1-anim" name="mixamorig_LeftHandThumb1">
      <source id="mixamorig_LeftHandThumb1-Matrix-animation-input">
        <float_array id="mixamorig_LeftHandThumb1-Matrix-animation-input-array" count="37">

0.000000 0.033333 0.066667 0.100000 0.133333 0.166667 0.200000 0.233333 0.266667 0.300000 0.333333 0.366667 0.400000 0.433333 0.466667 0.500000
0.533333 0.566667 0.600000 0.633333 0.666667 0.700000 0.733333 0.766667 0.800000 0.833333 0.866667 0.900000 0.933333 0.966667 1.000000 1.033333
1.066667 1.100000 1.133333 1.166667 1.200000</float_array>
        <technique_common>
          <accessor source="#mixamorig_LeftHandThumb1-Matrix-animation-input-array" count="37">
            <param name="TIME" type="float"/>
          </accessor>
        </technique_common>
      </source>
      <source id="mixamorig_LeftHandThumb1-Matrix-animation-output-transform">
        <float_array id="mixamorig_LeftHandThumb1-Matrix-animation-output-transform-array" count="592">

0.875704 -0.481063 -0.041481 -2.681700 0.451613 0.846424 -0.282156 2.466100 0.170846 0.228352 0.958471 1.576200 0.000000 0.000000 0.000000 1.000000
0.875704 -0.481063 -0.041481 -2.681700 0.451613 0.846424 -0.282156 2.466100 0.170846 0.228352 0.958471 1.576200 0.000000 0.000000 0.000000 1.000000
0.875704 -0.481063 -0.041481 -2.681700 0.451613 0.846424 -0.282157 2.466100 0.170846 0.228352 0.958471 1.576200 0.000000 0.000000 0.000000 1.000000
0.875704 -0.481063 -0.041481 -2.681700 0.451613 0.846424 -0.282156 2.466100 0.170846 0.228352 0.958471 1.576200 0.000000 0.000000 0.000000 1.000000
0.875704 -0.481063 -0.041481 -2.681700 0.451613 0.846424 -0.282157 2.466100 0.170846 0.228352 0.958471 1.576200 0.000000 0.000000 0.000000 1.000000
0.875704 -0.481063 -0.041481 -2.681700 0.451613 0.846424 -0.282157 2.466100 0.170846 0.228352 0.958471 1.576200 0.000000 0.000000 0.000000 1.000000
0.875704 -0.481063 -0.041481 -2.681700 0.451613 0.846424 -0.282156 2.466100 0.170846 0.228352 0.958471 1.576200 0.000000 0.000000 0.000000 1.000000
0.875704 -0.481063 -0.041481 -2.681700 0.451613 0.846424 -0.282156 2.466100 0.170846 0.228352 0.958471 1.576200 0.000000 0.000000 0.000000 1.000000
0.875704 -0.481063 -0.041481 -2.681700 0.451613 0.846424 -0.282156 2.466100 0.170846 0.228352 0.958471 1.576200 0.000000 0.000000 0.000000 1.000000
0.875704 -0.481063 -0.041481 -2.681700 0.451613 0.846424 -0.282156 2.466100 0.170846 0.228352 0.958471 1.576200 0.000000 0.000000 0.000000 1.000000
0.875704 -0.481063 -0.041481 -2.681700 0.451613 0.846424 -0.282156 2.466100 0.170846 0.228352 0.958471 1.576200 0.000000 0.000000 0.000000 1.000000
0.875704 -0.481063 -0.041481 -2.681700 0.451613 0.846424 -0.282157 2.466100 0.170846 0.228352 0.958471 1.576200 0.000000 0.000000 0.000000 1.000000
0.875704 -0.481063 -0.041481 -2.681700 0.451613 0.846424 -0.282157 2.466100 0.170846 0.228352 0.958471 1.576200 0.000000 0.000000 0.000000 1.000000
0.875704 -0.481063 -0.041481 -2.681700 0.451613 0.846424 -0.282156 2.466100 0.170846 0.228352 0.958471 1.576200 0.000000 0.000000 0.000000 1.000000
0.875704 -0.481063 -0.041481 -2.681700 0.451613 0.846424 -0.282157 2.466100 0.170846 0.228352 0.958471 1.576200 0.000000 0.000000 0.000000 1.000000
0.875704 -0.481063 -0.041481 -2.681700 0.451613 0.846424 -0.282156 2.466100 0.170846 0.228352 0.958471 1.576200 0.000000 0.000000 0.000000 1.000000
0.875704 -0.481063 -0.041481 -2.681700 0.451613 0.846424 -0.282156 2.466100 0.170846 0.228352 0.958471 1.576200 0.000000 0.000000 0.000000 1.000000
0.875704 -0.481063 -0.041481 -2.681700 0.451613 0.846424 -0.282156 2.466100 0.170846 0.228352 0.958471 1.576200 0.000000 0.000000 0.000000 1.000000
0.875704 -0.481063 -0.041481 -2.681700 0.451613 0.846424 -0.282156 2.466100 0.170846 0.228352 0.958471 1.576200 0.000000 0.000000 0.000000 1.000000
0.875704 -0.481063 -0.041481 -2.681700 0.451613 0.846424 -0.282156 2.466100 0.170846 0.228352 0.958471 1.576200 0.000000 0.000000 0.000000 1.000000
0.875704 -0.481063 -0.041481 -2.681700 0.451613 0.846424 -0.282156 2.466100 0.170846 0.228352 0.958471 1.576200 0.000000 0.000000 0.000000 1.000000
0.875704 -0.481063 -0.041481 -2.681700 0.451612 0.846424 -0.282156 2.466100 0.170846 0.228352 0.958471 1.576200 0.000000 0.000000 0.000000 1.000000
0.875704 -0.481063 -0.041481 -2.681700 0.451613 0.846424 -0.282156 2.466100 0.170846 0.228352 0.958471 1.576200 0.000000 0.000000 0.000000 1.000000
0.875704 -0.481063 -0.041481 -2.681700 0.451613 0.846424 -0.282157 2.466100 0.170846 0.228352 0.958471 1.576200 0.000000 0.000000 0.000000 1.000000
0.875704 -0.481063 -0.041481 -2.681700 0.451613 0.846424 -0.282157 2.466100 0.170846 0.228352 0.958471 1.576200 0.000000 0.000000 0.000000 1.000000
0.875704 -0.481063 -0.041481 -2.681700 0.451613 0.846424 -0.282156 2.466100 0.170846 0.228352 0.958471 1.576200 0.000000 0.000000 0.000000 1.000000
0.875704 -0.481063 -0.041481 -2.681700 0.451613 0.846424 -0.282156 2.466100 0.170846 0.228352 0.958471 1.576200 0.000000 0.000000 0.000000 1.000000
0.875704 -0.481063 -0.041481 -2.681700 0.451613 0.846424 -0.282157 2.466100 0.170846 0.228352 0.958471 1.576200 0.000000 0.000000 0.000000 1.000000
0.875704 -0.481063 -0.041481 -2.681700 0.451613 0.846424 -0.282156 2.466100 0.170845 0.228352 0.958471 1.576200 0.000000 0.000000 0.000000 1.000000
0.875704 -0.481063 -0.041481 -2.681700 0.451613 0.846424 -0.282156 2.466100 0.170846 0.228352 0.958471 1.576200 0.000000 0.000000 0.000000 1.000000
0.875704 -0.481063 -0.041481 -2.681700 0.451613 0.846424 -0.282156 2.466100 0.170845 0.228352 0.958471 1.576200 0.000000 0.000000 0.000000 1.000000
0.875704 -0.481063 -0.041481 -2.681700 0.451612 0.846424 -0.282156 2.466100 0.170846 0.228352 0.958471 1.576200 0.000000 0.000000 0.000000 1.000000
0.875704 -0.481063 -0.041481 -2.681700 0.451613 0.846424 -0.282156 2.466100 0.170846 0.228352 0.958471 1.576200 0.000000 0.000000 0.000000 1.000000
0.875704 -0.481063 -0.041481 -2.681700 0.451613 0.846424 -0.282157 2.466100 0.170846 0.228352 0.958471 1.576200 0.000000 0.000000 0.000000 1.000000
0.875704 -0.481063 -0.041481 -2.681700 0.451613 0.846424 -0.282156 2.466100 0.170846 0.228352 0.958471 1.576200 0.000000 0.000000 0.000000 1.000000
0.875704 -0.481063 -0.041481 -2.681700 0.451613 0.846424 -0.282157 2.466100 0.170846 0.228352 0.958471 1.576200 0.000000 0.000000 0.000000 1.000000
0.875704 -0.481063 -0.041481 -2.681700 0.451613 0.846424 -0.282156 2.466100 0.170846 0.228352 0.958471 1.576200 0.000000 0.000000 0.000000 1.000000</float_array>
        <technique_common>
          <accessor source="#mixamorig_LeftHandThumb1-Matrix-animation-output-transform-array" count="37" stride="16">
            <param type="float4x4"/>
          </accessor>
        </technique_common>
      </source>
      <source id="mixamorig_LeftHandThumb1-Interpolations">
        <Name_array id="mixamorig_LeftHandThumb1-Interpolations-array" count="37">
 LINEAR LINEAR LINEAR LINEAR LINEAR LINEAR LINEAR LINEAR LINEAR LINEAR LINEAR
LINEAR LINEAR LINEAR LINEAR LINEAR LINEAR LINEAR LINEAR LINEAR LINEAR LINEAR LINEAR
LINEAR LINEAR LINEAR LINEAR LINEAR LINEAR LINEAR LINEAR LINEAR LINEAR LINEAR LINEAR
LINEAR LINEAR</Name_array>
        <technique_common>
          <accessor source="#mixamorig_LeftHandThumb1-Interpolations-array" count="37">
            <param type="name"/>
          </accessor>
        </technique_common>
      </source>
      <sampler id="mixamorig_LeftHandThumb1-Matrix-animation-transform">
        <input semantic="INPUT" source="#mixamorig_LeftHandThumb1-Matrix-animation-input"/>
        <input semantic="OUTPUT" source="#mixamorig_LeftHandThumb1-Matrix-animation-output-transform"/>
        <input semantic="INTERPOLATION" source="#mixamorig_LeftHandThumb1-Interpolations"/>
      </sampler>
      <channel source="#mixamorig_LeftHandThumb1-Matrix-animation-transform" target="mixamorig_LeftHandThumb1/matrix"/>
    </animation>
    <animation id="mixamorig_LeftHandThumb2-anim" name="mixamorig_LeftHandThumb2">
      <source id="mixamorig_LeftHandThumb2-Matrix-animation-input">
        <float_array id="mixamorig_LeftHandThumb2-Matrix-animation-input-array" count="37">

0.000000 0.033333 0.066667 0.100000 0.133333 0.166667 0.200000 0.233333 0.266667 0.300000 0.333333 0.366667 0.400000 0.433333 0.466667 0.500000
0.533333 0.566667 0.600000 0.633333 0.666667 0.700000 0.733333 0.766667 0.800000 0.833333 0.866667 0.900000 0.933333 0.966667 1.000000 1.033333
1.066667 1.100000 1.133333 1.166667 1.200000</float_array>
        <technique_common>
          <accessor source="#mixamorig_LeftHandThumb2-Matrix-animation-input-array" count="37">
            <param name="TIME" type="float"/>
          </accessor>
        </technique_common>
      </source>
      <source id="mixamorig_LeftHandThumb2-Matrix-animation-output-transform">
        <float_array id="mixamorig_LeftHandThumb2-Matrix-animation-output-transform-array" count="592">

0.891382 0.452186 0.031071 0.000000 -0.447099 0.888470 -0.103553 4.187100 -0.074431 0.078414 0.994138 0.000000 0.000000 0.000000 0.000000 1.000000
0.890701 0.453579 0.030292 0.000000 -0.448538 0.887728 -0.103693 4.187100 -0.073924 0.078773 0.994148 0.000000 0.000000 0.000000 0.000000 1.000000
0.890506 0.453977 0.030069 0.000000 -0.448950 0.887515 -0.103733 4.187100 -0.073779 0.078875 0.994151 0.000000 0.000000 0.000000 0.000000 1.000000
0.890096 0.454810 0.029604 -0.000000 -0.449811 0.887069 -0.103817 4.187100 -0.073478 0.079091 0.994156 -0.000000 0.000000 0.000000 0.000000 1.000000
0.889031 0.456964 0.028398 0.000000 -0.452038 0.885911 -0.104034 4.187100 -0.072698 0.079652 0.994168 -0.000000 0.000000 0.000000 0.000000 1.000000
0.888893 0.457244 0.028242 -0.000000 -0.452326 0.885761 -0.104062 4.187100 -0.072597 0.079726 0.994170 0.000000 0.000000 0.000000 0.000000 1.000000
0.894102 0.446622 0.033311 0.000000 -0.441461 0.891412 -0.102452 4.187100 -0.075451 0.076898 0.994180 0.000000 0.000000 0.000000 0.000000 1.000000
0.899615 0.435015 0.038128 0.000000 -0.429691 0.897393 -0.100261 4.187100 -0.077831 0.073813 0.994230 0.000000 0.000000 0.000000 0.000000 1.000000
0.903261 0.427091 0.041385 -0.000000 -0.421666 0.901357 -0.098759 4.187100 -0.079482 0.071755 0.994250 0.000000 0.000000 0.000000 0.000000 1.000000
0.905434 0.422267 0.043364 0.000000 -0.416784 0.903724 -0.097847 4.187100 -0.080507 0.070520 0.994256 0.000000 0.000000 0.000000 0.000000 1.000000
0.904349 0.424686 0.042369 0.000000 -0.419232 0.902542 -0.098301 4.187100 -0.079986 0.071136 0.994254 0.000000 0.000000 0.000000 0.000000 1.000000
0.899973 0.434246 0.038442 0.000000 -0.428913 0.897781 -0.100112 4.187100 -0.077986 0.073610 0.994233 0.000000 0.000000 0.000000 0.000000 1.000000
0.894710 0.445361 0.033875 0.000000 -0.440177 0.892072 -0.102237 4.187100 -0.075751 0.076561 0.994183 0.000000 0.000000 0.000000 0.000000 1.000000
0.892732 0.449437 0.032200 0.000000 -0.444310 0.889930 -0.103021 4.187100 -0.074957 0.077664 0.994158 -0.000000 0.000000 0.000000 0.000000 1.000000
0.892430 0.450053 0.031947 0.000000 -0.444935 0.889604 -0.103140 4.187100 -0.074839 0.077831 0.994154 -0.000000 0.000000 0.000000 0.000000 1.000000
0.892945 0.448999 0.032379 0.000000 -0.443867 0.890161 -0.102936 4.187100 -0.075041 0.077544 0.994161 0.000000 0.000000 0.000000 0.000000 1.000000
0.893428 0.448008 0.032785 0.000000 -0.442862 0.890683 -0.102744 4.187100 -0.075232 0.077275 0.994167 0.000000 0.000000 0.000000 0.000000 1.000000
0.894034 0.446761 0.033297 0.000000 -0.441597 0.891339 -0.102503 4.187100 -0.075473 0.076937 0.994175 0.000000 0.000000 0.000000 0.000000 1.000000
0.894799 0.445176 0.033947 0.000000 -0.439990 0.892169 -0.102196 4.187100 -0.075782 0.076509 0.994185 0.000000 0.000000 0.000000 0.000000 1.000000
0.895044 0.444668 0.034151 -0.000000 -0.439474 0.892432 -0.102114 4.187100 -0.075884 0.076388 0.994186 -0.000000 0.000000 0.000000 0.000000 1.000000
0.894962 0.444838 0.034083 0.000000 -0.439648 0.892345 -0.102130 4.187100 -0.075845 0.076418 0.994187 -0.000000 0.000000 0.000000 0.000000 1.000000
0.894414 0.445974 0.033617 0.000000 -0.440800 0.891751 -0.102349 4.187100 -0.075624 0.076724 0.994180 0.000000 0.000000 0.000000 0.000000 1.000000
0.893246 0.448383 0.032630 -0.000000 -0.443242 0.890486 -0.102815 4.187100 -0.075157 0.077376 0.994165 -0.000000 0.000000 0.000000 0.000000 1.000000
0.893493 0.447874 0.032839 0.000000 -0.442726 0.890754 -0.102723 4.187100 -0.075258 0.077243 0.994168 -0.000000 0.000000 0.000000 0.000000 1.000000
0.893738 0.447371 0.033044 -0.000000 -0.442216 0.891018 -0.102621 4.187100 -0.075353 0.077103 0.994172 0.000000 0.000000 0.000000 0.000000 1.000000
0.893474 0.447914 0.032821 0.000000 -0.442767 0.890733 -0.102723 4.187100 -0.075246 0.077248 0.994168 0.000000 0.000000 0.000000 0.000000 1.000000
0.892352 0.450214 0.031879 0.000000 -0.445099 0.889518 -0.103170 4.187100 -0.074806 0.077874 0.994153 -0.000000 0.000000 0.000000 0.000000 1.000000
0.890859 0.453257 0.030472 0.000000 -0.448206 0.887900 -0.103661 4.187100 -0.074041 0.078690 0.994146 -0.000000 0.000000 0.000000 0.000000 1.000000
0.890152 0.454697 0.029666 0.000000 -0.449694 0.887130 -0.103807 4.187100 -0.073518 0.079063 0.994155 0.000000 0.000000 0.000000 0.000000 1.000000
0.889301 0.456422 0.028700 0.000000 -0.451477 0.886204 -0.103981 4.187100 -0.072893 0.079513 0.994165 -0.000000 0.000000 0.000000 0.000000 1.000000
0.889142 0.456742 0.028521 0.000000 -0.451807 0.886031 -0.104014 4.187100 -0.072778 0.079597 0.994167 0.000000 0.000000 0.000000 0.000000 1.000000
0.888693 0.457646 0.028015 0.000000 -0.452742 0.885543 -0.104106 4.187100 -0.072452 0.079835 0.994172 0.000000 0.000000 0.000000 0.000000 1.000000
0.889026 0.456975 0.028391 0.000000 -0.452048 0.885905 -0.104038 4.187100 -0.072694 0.079658 0.994168 0.000000 0.000000 0.000000 0.000000 1.000000
0.890200 0.454599 0.029721 -0.000000 -0.449592 0.887183 -0.103797 4.187100 -0.073554 0.079038 0.994154 0.000000 0.000000 0.000000 0.000000 1.000000
0.891308 0.452338 0.030987 0.000000 -0.447256 0.888389 -0.103569 4.187100 -0.074376 0.078453 0.994139 0.000000 0.000000 0.000000 0.000000 1.000000
0.891378 0.452195 0.031063 -0.000000 -0.447108 0.888465 -0.103560 4.187100 -0.074427 0.078422 0.994138 -0.000000 0.000000 0.000000 0.000000 1.000000
0.891378 0.452195 0.031062 0.000000 -0.447108 0.888465 -0.103560 4.187100 -0.074427 0.078423 0.994138 0.000000 0.000000 0.000000 0.000000 1.000000</float_array>
        <technique_common>
          <accessor source="#mixamorig_LeftHandThumb2-Matrix-animation-output-transform-array" count="37" stride="16">
            <param type="float4x4"/>
          </accessor>
        </technique_common>
      </source>
      <source id="mixamorig_LeftHandThumb2-Interpolations">
        <Name_array id="mixamorig_LeftHandThumb2-Interpolations-array" count="37">
 LINEAR LINEAR LINEAR LINEAR LINEAR LINEAR LINEAR LINEAR LINEAR LINEAR LINEAR
LINEAR LINEAR LINEAR LINEAR LINEAR LINEAR LINEAR LINEAR LINEAR LINEAR LINEAR LINEAR
LINEAR LINEAR LINEAR LINEAR LINEAR LINEAR LINEAR LINEAR LINEAR LINEAR LINEAR LINEAR
LINEAR LINEAR</Name_array>
        <technique_common>
          <accessor source="#mixamorig_LeftHandThumb2-Interpolations-array" count="37">
            <param type="name"/>
          </accessor>
        </technique_common>
      </source>
      <sampler id="mixamorig_LeftHandThumb2-Matrix-animation-transform">
        <input semantic="INPUT" source="#mixamorig_LeftHandThumb2-Matrix-animation-input"/>
        <input semantic="OUTPUT" source="#mixamorig_LeftHandThumb2-Matrix-animation-output-transform"/>
        <input semantic="INTERPOLATION" source="#mixamorig_LeftHandThumb2-Interpolations"/>
      </sampler>
      <channel source="#mixamorig_LeftHandThumb2-Matrix-animation-transform" target="mixamorig_LeftHandThumb2/matrix"/>
    </animation>
    <animation id="mixamorig_LeftHandThumb3-anim" name="mixamorig_LeftHandThumb3">
      <source id="mixamorig_LeftHandThumb3-Matrix-animation-input">
        <float_array id="mixamorig_LeftHandThumb3-Matrix-animation-input-array" count="37">

0.000000 0.033333 0.066667 0.100000 0.133333 0.166667 0.200000 0.233333 0.266667 0.300000 0.333333 0.366667 0.400000 0.433333 0.466667 0.500000
0.533333 0.566667 0.600000 0.633333 0.666667 0.700000 0.733333 0.766667 0.800000 0.833333 0.866667 0.900000 0.933333 0.966667 1.000000 1.033333
1.066667 1.100000 1.133333 1.166667 1.200000</float_array>
        <technique_common>
          <accessor source="#mixamorig_LeftHandThumb3-Matrix-animation-input-array" count="37">
            <param name="TIME" type="float"/>
          </accessor>
        </technique_common>
      </source>
      <source id="mixamorig_LeftHandThumb3-Matrix-animation-output-transform">
        <float_array id="mixamorig_LeftHandThumb3-Matrix-animation-output-transform-array" count="592">

0.908965 -0.407160 -0.089457 0.000000 0.414283 0.858398 0.302528 3.418400 -0.046387 -0.312048 0.948933 0.000000 0.000000 0.000000 0.000000 1.000000
0.907659 -0.409892 -0.090244 0.000000 0.416946 0.855968 0.305738 3.418400 -0.048074 -0.315132 0.947829 0.000000 0.000000 0.000000 0.000000 1.000000
0.910555 -0.403992 -0.087641 -0.000000 0.410894 0.861234 0.299068 3.418400 -0.045342 -0.308328 0.950199 0.000000 0.000000 0.000000 0.000000 1.000000
0.910357 -0.404444 -0.087609 -0.000000 0.411284 0.860844 0.299654 3.418400 -0.045775 -0.308825 0.950017 0.000000 0.000000 0.000000 0.000000 1.000000
0.908426 -0.408515 -0.088755 0.000000 0.415247 0.857250 0.304455 3.418400 -0.048289 -0.313430 0.948383 0.000000 0.000000 0.000000 0.000000 1.000000
0.907582 -0.410245 -0.089415 -0.000000 0.416983 0.855701 0.306432 3.418400 -0.049200 -0.315396 0.947684 -0.000000 0.000000 0.000000 0.000000 1.000000
0.914568 -0.395405 -0.084971 -0.000000 0.402429 0.868845 0.288375 3.418400 -0.040198 -0.297933 0.953740 0.000000 0.000000 0.000000 0.000000 1.000000
0.919944 -0.383537 -0.081256 0.000000 0.390631 0.879095 0.273128 3.418400 -0.033323 -0.283004 0.958540 -0.000000 0.000000 0.000000 0.000000 1.000000
0.921010 -0.381021 -0.081014 0.000000 0.388290 0.881343 0.269196 3.418400 -0.031168 -0.279389 0.959672 0.000000 0.000000 0.000000 0.000000 1.000000
0.920139 -0.382858 -0.082245 0.000000 0.390338 0.879938 0.270823 3.418400 -0.031316 -0.281298 0.959109 0.000000 0.000000 0.000000 0.000000 1.000000
0.915939 -0.392045 -0.085765 0.000000 0.399721 0.872188 0.281976 3.418400 -0.035744 -0.292555 0.955580 0.000000 0.000000 0.000000 0.000000 1.000000
0.907294 -0.410218 -0.092405 -0.000000 0.418018 0.856076 0.303965 3.418400 -0.045586 -0.314412 0.948191 -0.000000 0.000000 0.000000 0.000000 1.000000
0.901544 -0.421829 -0.096324 0.000000 0.429451 0.845177 0.318194 3.418400 -0.052813 -0.328233 0.943119 -0.000000 0.000000 0.000000 0.000000 1.000000
0.904028 -0.417033 -0.093896 0.000000 0.424433 0.849524 0.313314 3.418400 -0.050895 -0.323097 0.944996 0.000000 0.000000 0.000000 0.000000 1.000000
0.906940 -0.411231 -0.091371 0.000000 0.418505 0.854795 0.306886 3.418400 -0.048097 -0.316566 0.947350 -0.000000 0.000000 0.000000 0.000000 1.000000
0.908383 -0.408288 -0.090225 0.000000 0.415541 0.857462 0.303454 3.418400 -0.046532 -0.313145 0.948565 0.000000 0.000000 0.000000 0.000000 1.000000
0.907724 -0.409610 -0.090873 0.000000 0.416922 0.856300 0.304837 3.418400 -0.047050 -0.314595 0.948059 0.000000 0.000000 0.000000 0.000000 1.000000
0.907475 -0.410090 -0.091190 0.000000 0.417455 0.855896 0.305242 3.418400 -0.047127 -0.315067 0.947898 0.000000 0.000000 0.000000 0.000000 1.000000
0.908224 -0.408542 -0.090683 0.000000 0.415930 0.857321 0.303321 3.418400 -0.046175 -0.313201 0.948564 0.000000 0.000000 0.000000 0.000000 1.000000
0.909131 -0.406683 -0.089948 0.000000 0.414050 0.858991 0.301161 3.418400 -0.045212 -0.311038 0.949322 -0.000000 0.000000 0.000000 0.000000 1.000000
0.909652 -0.405618 -0.089485 0.000000 0.412957 0.859932 0.299972 3.418400 -0.044723 -0.309824 0.949742 0.000000 0.000000 0.000000 0.000000 1.000000
0.910886 -0.403094 -0.088324 0.000000 0.410341 0.862135 0.297227 3.418400 -0.043664 -0.306982 0.950713 0.000000 0.000000 0.000000 0.000000 1.000000
0.912464 -0.399855 -0.086750 0.000000 0.406950 0.864916 0.293790 3.418400 -0.042441 -0.303376 0.951925 0.000000 0.000000 0.000000 0.000000 1.000000
0.912929 -0.398870 -0.086390 0.000000 0.405960 0.865781 0.292607 3.418400 -0.041918 -0.302200 0.952322 0.000000 0.000000 0.000000 0.000000 1.000000
0.912530 -0.399697 -0.086781 0.000000 0.406822 0.865074 0.293502 3.418400 -0.042240 -0.303133 0.952011 0.000000 0.000000 0.000000 0.000000 1.000000
0.910457 -0.404018 -0.088534 0.000000 0.411220 0.861277 0.298497 3.418400 -0.044346 -0.308175 0.950295 0.000000 0.000000 0.000000 0.000000 1.000000
0.909533 -0.405961 -0.089137 0.000000 0.413127 0.859508 0.300951 3.418400 -0.045560 -0.310550 0.949465 0.000000 0.000000 0.000000 0.000000 1.000000
0.908691 -0.407777 -0.089433 0.000000 0.414820 0.857864 0.303304 3.418400 -0.046959 -0.312708 0.948688 0.000000 0.000000 0.000000 0.000000 1.000000
0.908694 -0.407849 -0.089078 -0.000000 0.414767 0.857820 0.303501 3.418400 -0.047370 -0.312736 0.948658 0.000000 0.000000 0.000000 0.000000 1.000000
0.909868 -0.405534 -0.087645 0.000000 0.412259 0.859897 0.301030 3.418400 -0.046712 -0.310030 0.949579 0.000000 0.000000 0.000000 0.000000 1.000000
0.911429 -0.402323 -0.086219 0.000000 0.408959 0.862726 0.297417 3.418400 -0.045274 -0.306334 0.950847 0.000000 0.000000 0.000000 0.000000 1.000000
0.912785 -0.399536 -0.084818 0.000000 0.406040 0.865163 0.294319 3.418400 -0.044209 -0.303089 0.951936 0.000000 0.000000 0.000000 0.000000 1.000000
0.912026 -0.401090 -0.085644 0.000000 0.407682 0.863805 0.296034 3.418400 -0.044757 -0.304906 0.951330 -0.000000 0.000000 0.000000 0.000000 1.000000
0.909183 -0.406843 -0.088683 0.000000 0.413751 0.858714 0.302359 3.418400 -0.046859 -0.311592 0.949060 0.000000 0.000000 0.000000 0.000000 1.000000
0.907487 -0.410174 -0.090688 0.000000 0.417342 0.855709 0.305921 3.418400 -0.047879 -0.315467 0.947728 0.000000 0.000000 0.000000 0.000000 1.000000
0.907957 -0.409217 -0.090310 0.000000 0.416375 0.856562 0.304850 3.418400 -0.047393 -0.314393 0.948109 0.000000 0.000000 0.000000 0.000000 1.000000
0.908966 -0.407160 -0.089456 0.000000 0.414282 0.858398 0.302528 3.418400 -0.046388 -0.312047 0.948933 -0.000000 0.000000 0.000000 0.000000 1.000000</float_array>
        <technique_common>
          <accessor source="#mixamorig_LeftHandThumb3-Matrix-animation-output-transform-array" count="37" stride="16">
            <param type="float4x4"/>
          </accessor>
        </technique_common>
      </source>
      <source id="mixamorig_LeftHandThumb3-Interpolations">
        <Name_array id="mixamorig_LeftHandThumb3-Interpolations-array" count="37">
 LINEAR LINEAR LINEAR LINEAR LINEAR LINEAR LINEAR LINEAR LINEAR LINEAR LINEAR
LINEAR LINEAR LINEAR LINEAR LINEAR LINEAR LINEAR LINEAR LINEAR LINEAR LINEAR LINEAR
LINEAR LINEAR LINEAR LINEAR LINEAR LINEAR LINEAR LINEAR LINEAR LINEAR LINEAR LINEAR
LINEAR LINEAR</Name_array>
        <technique_common>
          <accessor source="#mixamorig_LeftHandThumb3-Interpolations-array" count="37">
            <param type="name"/>
          </accessor>
        </technique_common>
      </source>
      <sampler id="mixamorig_LeftHandThumb3-Matrix-animation-transform">
        <input semantic="INPUT" source="#mixamorig_LeftHandThumb3-Matrix-animation-input"/>
        <input semantic="OUTPUT" source="#mixamorig_LeftHandThumb3-Matrix-animation-output-transform"/>
        <input semantic="INTERPOLATION" source="#mixamorig_LeftHandThumb3-Interpolations"/>
      </sampler>
      <channel source="#mixamorig_LeftHandThumb3-Matrix-animation-transform" target="mixamorig_LeftHandThumb3/matrix"/>
    </animation>
    <animation id="mixamorig_LeftHandIndex1-anim" name="mixamorig_LeftHandIndex1">
      <source id="mixamorig_LeftHandIndex1-Matrix-animation-input">
        <float_array id="mixamorig_LeftHandIndex1-Matrix-animation-input-array" count="37">

0.000000 0.033333 0.066667 0.100000 0.133333 0.166667 0.200000 0.233333 0.266667 0.300000 0.333333 0.366667 0.400000 0.433333 0.466667 0.500000
0.533333 0.566667 0.600000 0.633333 0.666667 0.700000 0.733333 0.766667 0.800000 0.833333 0.866667 0.900000 0.933333 0.966667 1.000000 1.033333
1.066667 1.100000 1.133333 1.166667 1.200000</float_array>
        <technique_common>
          <accessor source="#mixamorig_LeftHandIndex1-Matrix-animation-input-array" count="37">
            <param name="TIME" type="float"/>
          </accessor>
        </technique_common>
      </source>
      <source id="mixamorig_LeftHandIndex1-Matrix-animation-output-transform">
        <float_array id="mixamorig_LeftHandIndex1-Matrix-animation-output-transform-array" count="592">

0.999164 0.026091 -0.031460 -2.259900 -0.038058 0.874559 -0.483424 9.109300 0.014901 0.484217 0.874821 0.518000 0.000000 0.000000 0.000000 1.000000
0.999172 0.024960 -0.032144 -2.259900 -0.037527 0.870688 -0.490403 9.109300 0.015747 0.491203 0.870903 0.518000 0.000000 0.000000 0.000000 1.000000
0.999185 0.025225 -0.031511 -2.259900 -0.037335 0.874277 -0.483989 9.109300 0.015341 0.484771 0.874506 0.518000 0.000000 0.000000 0.000000 1.000000
0.999127 0.028089 -0.030931 -2.259900 -0.039465 0.877527 -0.477900 9.109300 0.013719 0.478704 0.877869 0.518000 0.000000 0.000000 0.000000 1.000000
0.998967 0.033881 -0.030271 -2.259900 -0.044177 0.879998 -0.472918 9.109300 0.010615 0.473767 0.880586 0.518000 0.000000 0.000000 0.000000 1.000000
0.998710 0.041698 -0.028986 -2.259900 -0.050376 0.885557 -0.461791 9.109300 0.006413 0.462655 0.886515 0.518000 0.000000 0.000000 0.000000 1.000000
0.998641 0.044860 -0.026527 -2.259900 -0.051947 0.897846 -0.437234 9.109300 0.004203 0.438018 0.898956 0.518000 0.000000 0.000000 0.000000 1.000000
0.998780 0.042970 -0.024315 -2.259900 -0.049177 0.909626 -0.412508 9.109300 0.004392 0.413200 0.910630 0.518000 0.000000 0.000000 0.000000 1.000000
0.999131 0.034659 -0.023135 -2.259900 -0.040998 0.916968 -0.396848 9.109300 0.007459 0.397451 0.917593 0.518000 0.000000 0.000000 0.000000 1.000000
0.999341 0.028163 -0.022902 -2.259900 -0.034897 0.919072 -0.392543 9.109300 0.009993 0.393083 0.919449 0.518000 0.000000 0.000000 0.000000 1.000000
0.999337 0.027599 -0.023734 -2.259900 -0.034816 0.914988 -0.401977 9.109300 0.010622 0.402537 0.915342 0.518000 0.000000 0.000000 0.000000 1.000000
0.999183 0.031078 -0.025828 -2.259900 -0.039123 0.903983 -0.425775 9.109300 0.010116 0.426437 0.904461 0.518000 0.000000 0.000000 0.000000 1.000000
0.999039 0.033752 -0.027971 -2.259900 -0.042727 0.892397 -0.449224 9.109300 0.009799 0.449987 0.892981 0.518000 0.000000 0.000000 0.000000 1.000000
0.999078 0.032274 -0.028299 -2.259900 -0.041593 0.890798 -0.452493 9.109300 0.010605 0.453253 0.891319 0.518000 0.000000 0.000000 0.000000 1.000000
0.999195 0.028279 -0.028442 -2.259900 -0.038097 0.890889 -0.452621 9.109300 0.012540 0.453340 0.891249 0.518000 0.000000 0.000000 0.000000 1.000000
0.999338 0.022478 -0.028620 -2.259900 -0.033018 0.890744 -0.453305 9.109300 0.015304 0.453949 0.890896 0.518000 0.000000 0.000000 0.000000 1.000000
0.999456 0.016620 -0.028490 -2.259900 -0.027717 0.891427 -0.452316 9.109300 0.017879 0.452860 0.891403 0.518000 0.000000 0.000000 0.000000 1.000000
0.999482 0.014728 -0.028628 -2.259900 -0.026127 0.890651 -0.453936 9.109300 0.018812 0.454449 0.890574 0.518000 0.000000 0.000000 0.000000 1.000000
0.999476 0.014320 -0.029017 -2.259900 -0.026030 0.888522 -0.458096 9.109300 0.019222 0.458611 0.888429 0.518000 0.000000 0.000000 0.000000 1.000000
0.999488 0.012607 -0.029411 -2.259900 -0.024786 0.886333 -0.462384 9.109300 0.020239 0.462876 0.886192 0.518000 0.000000 0.000000 0.000000 1.000000
0.999500 0.010750 -0.029740 -2.259900 -0.023378 0.884486 -0.465981 9.109300 0.021295 0.466443 0.884295 0.518000 0.000000 0.000000 0.000000 1.000000
0.999492 0.010633 -0.030057 -2.259900 -0.023504 0.882728 -0.469295 9.109300 0.021542 0.469763 0.882530 0.518000 0.000000 0.000000 0.000000 1.000000
0.999459 0.013142 -0.030164 -2.259900 -0.025792 0.882170 -0.470224 9.109300 0.020430 0.470748 0.882031 0.518000 0.000000 0.000000 0.000000 1.000000
0.999456 0.013371 -0.030159 -2.259900 -0.025989 0.882205 -0.470148 9.109300 0.020320 0.470676 0.882072 0.518000 0.000000 0.000000 0.000000 1.000000
0.999504 0.010281 -0.029776 -2.259900 -0.022991 0.884272 -0.466405 9.109300 0.021535 0.466858 0.884070 0.518000 0.000000 0.000000 0.000000 1.000000
0.999549 0.007072 -0.029179 -2.259900 -0.019719 0.887500 -0.460386 9.109300 0.022641 0.460754 0.887239 0.518000 0.000000 0.000000 0.000000 1.000000
0.999546 0.008886 -0.028787 -2.259900 -0.021045 0.889693 -0.456073 9.109300 0.021558 0.456472 0.889477 0.518000 0.000000 0.000000 0.000000 1.000000
0.999454 0.016718 -0.028512 -2.259900 -0.027819 0.891307 -0.452546 9.109300 0.017847 0.453092 0.891285 0.518000 0.000000 0.000000 0.000000 1.000000
0.999384 0.020750 -0.028288 -2.259900 -0.031265 0.892550 -0.449863 9.109300 0.015913 0.450471 0.892649 0.518000 0.000000 0.000000 0.000000 1.000000
0.999345 0.022308 -0.028512 -2.259900 -0.032797 0.891335 -0.452157 9.109300 0.015327 0.452795 0.891483 0.518000 0.000000 0.000000 0.000000 1.000000
0.999268 0.024966 -0.029000 -2.259900 -0.035471 0.888663 -0.457188 9.109300 0.014357 0.457882 0.888897 0.518000 0.000000 0.000000 0.000000 1.000000
0.999118 0.029716 -0.029677 -2.259900 -0.040102 0.884919 -0.464015 9.109300 0.012473 0.464796 0.885330 0.518000 0.000000 0.000000 0.000000 1.000000
0.999070 0.030613 -0.030371 -2.259900 -0.041321 0.881059 -0.471198 9.109300 0.012334 0.472015 0.881504 0.518000 0.000000 0.000000 0.000000 1.000000
0.999124 0.028272 -0.030860 -2.259900 -0.039568 0.878352 -0.476375 9.109300 0.013638 0.477178 0.878701 0.518000 0.000000 0.000000 0.000000 1.000000
0.999182 0.025898 -0.031073 -2.259900 -0.037623 0.877165 -0.478714 9.109300 0.014859 0.479491 0.877421 0.518000 0.000000 0.000000 0.000000 1.000000
0.999191 0.025158 -0.031380 -2.259900 -0.037176 0.875440 -0.481896 9.109300 0.015348 0.482673 0.875666 0.518000 0.000000 0.000000 0.000000 1.000000
0.999162 0.026091 -0.031536 -2.259900 -0.038095 0.874560 -0.483418 9.109300 0.014967 0.484215 0.874821 0.518000 0.000000 0.000000 0.000000 1.000000</float_array>
        <technique_common>
          <accessor source="#mixamorig_LeftHandIndex1-Matrix-animation-output-transform-array" count="37" stride="16">
            <param type="float4x4"/>
          </accessor>
        </technique_common>
      </source>
      <source id="mixamorig_LeftHandIndex1-Interpolations">
        <Name_array id="mixamorig_LeftHandIndex1-Interpolations-array" count="37">
 LINEAR LINEAR LINEAR LINEAR LINEAR LINEAR LINEAR LINEAR LINEAR LINEAR LINEAR
LINEAR LINEAR LINEAR LINEAR LINEAR LINEAR LINEAR LINEAR LINEAR LINEAR LINEAR LINEAR
LINEAR LINEAR LINEAR LINEAR LINEAR LINEAR LINEAR LINEAR LINEAR LINEAR LINEAR LINEAR
LINEAR LINEAR</Name_array>
        <technique_common>
          <accessor source="#mixamorig_LeftHandIndex1-Interpolations-array" count="37">
            <param type="name"/>
          </accessor>
        </technique_common>
      </source>
      <sampler id="mixamorig_LeftHandIndex1-Matrix-animation-transform">
        <input semantic="INPUT" source="#mixamorig_LeftHandIndex1-Matrix-animation-input"/>
        <input semantic="OUTPUT" source="#mixamorig_LeftHandIndex1-Matrix-animation-output-transform"/>
        <input semantic="INTERPOLATION" source="#mixamorig_LeftHandIndex1-Interpolations"/>
      </sampler>
      <channel source="#mixamorig_LeftHandIndex1-Matrix-animation-transform" target="mixamorig_LeftHandIndex1/matrix"/>
    </animation>
    <animation id="mixamorig_LeftHandIndex2-anim" name="mixamorig_LeftHandIndex2">
      <source id="mixamorig_LeftHandIndex2-Matrix-animation-input">
        <float_array id="mixamorig_LeftHandIndex2-Matrix-animation-input-array" count="37">

0.000000 0.033333 0.066667 0.100000 0.133333 0.166667 0.200000 0.233333 0.266667 0.300000 0.333333 0.366667 0.400000 0.433333 0.466667 0.500000
0.533333 0.566667 0.600000 0.633333 0.666667 0.700000 0.733333 0.766667 0.800000 0.833333 0.866667 0.900000 0.933333 0.966667 1.000000 1.033333
1.066667 1.100000 1.133333 1.166667 1.200000</float_array>
        <technique_common>
          <accessor source="#mixamorig_LeftHandIndex2-Matrix-animation-input-array" count="37">
            <param name="TIME" type="float"/>
          </accessor>
        </technique_common>
      </source>
      <source id="mixamorig_LeftHandIndex2-Matrix-animation-output-transform">
        <float_array id="mixamorig_LeftHandIndex2-Matrix-animation-output-transform-array" count="592">

0.998668 0.049928 -0.012996 0.000000 -0.049928 0.871855 -0.487213 3.700000 -0.012995 0.487213 0.873186 -0.000000 0.000000 0.000000 0.000000 1.000000
0.998668 0.049928 -0.012996 0.000000 -0.049928 0.871854 -0.487213 3.700000 -0.012995 0.487213 0.873186 0.000000 0.000000 0.000000 0.000000 1.000000
0.998668 0.049928 -0.012996 -0.000000 -0.049928 0.871855 -0.487213 3.700000 -0.012995 0.487213 0.873186 -0.000000 0.000000 0.000000 0.000000 1.000000
0.998668 0.049928 -0.012996 0.000000 -0.049928 0.871855 -0.487213 3.700000 -0.012995 0.487213 0.873186 0.000000 0.000000 0.000000 0.000000 1.000000
0.998668 0.049928 -0.012996 0.000000 -0.049928 0.871855 -0.487213 3.700000 -0.012995 0.487213 0.873186 0.000000 0.000000 0.000000 0.000000 1.000000
0.998667 0.049949 -0.013008 0.000000 -0.049950 0.871736 -0.487423 3.700000 -0.013007 0.487423 0.873069 0.000000 0.000000 0.000000 0.000000 1.000000
0.998675 0.049812 -0.012932 0.000000 -0.049813 0.872490 -0.486086 3.700000 -0.012930 0.486086 0.873815 -0.000000 0.000000 0.000000 0.000000 1.000000
0.998684 0.049660 -0.012847 0.000000 -0.049660 0.873327 -0.484597 3.700000 -0.012845 0.484597 0.874643 0.000000 0.000000 0.000000 0.000000 1.000000
0.998674 0.049835 -0.012944 0.000000 -0.049835 0.872369 -0.486302 3.700000 -0.012943 0.486302 0.873695 0.000000 0.000000 0.000000 0.000000 1.000000
0.998666 0.049959 -0.013014 0.000000 -0.049960 0.871683 -0.487517 3.700000 -0.013012 0.487517 0.873016 -0.000000 0.000000 0.000000 0.000000 1.000000
0.998674 0.049828 -0.012940 -0.000000 -0.049828 0.872404 -0.486239 3.700000 -0.012939 0.486239 0.873730 0.000000 0.000000 0.000000 0.000000 1.000000
0.998677 0.049783 -0.012915 -0.000000 -0.049783 0.872652 -0.485799 3.700000 -0.012914 0.485799 0.873975 -0.000000 0.000000 0.000000 0.000000 1.000000
0.998667 0.049948 -0.013007 0.000000 -0.049948 0.871743 -0.487411 3.700000 -0.013006 0.487411 0.873076 0.000000 0.000000 0.000000 0.000000 1.000000
0.998667 0.049949 -0.013008 0.000000 -0.049949 0.871740 -0.487416 3.700000 -0.013006 0.487416 0.873073 0.000000 0.000000 0.000000 0.000000 1.000000
0.998667 0.049949 -0.013008 0.000000 -0.049950 0.871737 -0.487421 3.700000 -0.013007 0.487422 0.873070 0.000000 0.000000 0.000000 0.000000 1.000000
0.998667 0.049950 -0.013009 0.000000 -0.049950 0.871734 -0.487427 3.700000 -0.013007 0.487427 0.873067 -0.000000 0.000000 0.000000 0.000000 1.000000
0.998667 0.049950 -0.013009 -0.000000 -0.049951 0.871731 -0.487432 3.700000 -0.013007 0.487432 0.873064 0.000000 0.000000 0.000000 0.000000 1.000000
0.998667 0.049951 -0.013009 0.000000 -0.049951 0.871729 -0.487436 3.700000 -0.013007 0.487436 0.873062 -0.000000 0.000000 0.000000 0.000000 1.000000
0.998667 0.049951 -0.013009 0.000000 -0.049951 0.871728 -0.487438 3.700000 -0.013008 0.487438 0.873061 0.000000 0.000000 0.000000 0.000000 1.000000
0.998667 0.049951 -0.013009 0.000000 -0.049951 0.871728 -0.487437 3.700000 -0.013008 0.487437 0.873061 -0.000000 0.000000 0.000000 0.000000 1.000000
0.998667 0.049950 -0.013009 0.000000 -0.049951 0.871731 -0.487433 3.700000 -0.013007 0.487433 0.873064 0.000000 0.000000 0.000000 0.000000 1.000000
0.998667 0.049949 -0.013008 0.000000 -0.049950 0.871736 -0.487424 3.700000 -0.013007 0.487424 0.873069 0.000000 0.000000 0.000000 0.000000 1.000000
0.998667 0.049948 -0.013008 0.000000 -0.049948 0.871744 -0.487409 3.700000 -0.013006 0.487410 0.873077 0.000000 0.000000 0.000000 0.000000 1.000000
0.998667 0.049946 -0.013006 -0.000000 -0.049946 0.871755 -0.487389 3.700000 -0.013005 0.487389 0.873088 0.000000 0.000000 0.000000 0.000000 1.000000
0.998667 0.049943 -0.013005 0.000000 -0.049943 0.871771 -0.487362 3.700000 -0.013003 0.487362 0.873103 0.000000 0.000000 0.000000 0.000000 1.000000
0.998668 0.049940 -0.013003 0.000000 -0.049940 0.871791 -0.487326 3.700000 -0.013001 0.487326 0.873123 0.000000 0.000000 0.000000 0.000000 1.000000
0.998668 0.049934 -0.013000 0.000000 -0.049935 0.871818 -0.487277 3.700000 -0.012998 0.487277 0.873151 0.000000 0.000000 0.000000 0.000000 1.000000
0.998670 0.049892 -0.012976 0.000000 -0.049892 0.872054 -0.486859 3.700000 -0.012974 0.486859 0.873384 -0.000000 0.000000 0.000000 0.000000 1.000000
0.998680 0.049724 -0.012883 -0.000000 -0.049725 0.872973 -0.485228 3.700000 -0.012881 0.485228 0.874293 0.000000 0.000000 0.000000 0.000000 1.000000
0.998667 0.049945 -0.013006 -0.000000 -0.049946 0.871759 -0.487383 3.700000 -0.013004 0.487383 0.873092 0.000000 0.000000 0.000000 0.000000 1.000000
0.998668 0.049928 -0.012997 0.000000 -0.049929 0.871852 -0.487218 3.700000 -0.012995 0.487218 0.873184 0.000000 0.000000 0.000000 0.000000 1.000000
0.998668 0.049928 -0.012996 0.000000 -0.049928 0.871855 -0.487213 3.700000 -0.012995 0.487213 0.873186 -0.000000 0.000000 0.000000 0.000000 1.000000
0.998668 0.049928 -0.012996 -0.000000 -0.049928 0.871855 -0.487213 3.700000 -0.012995 0.487213 0.873186 -0.000000 0.000000 0.000000 0.000000 1.000000
0.998668 0.049928 -0.012996 0.000000 -0.049928 0.871855 -0.487213 3.700000 -0.012995 0.487213 0.873186 0.000000 0.000000 0.000000 0.000000 1.000000
0.998668 0.049928 -0.012996 0.000000 -0.049928 0.871855 -0.487213 3.700000 -0.012995 0.487213 0.873186 0.000000 0.000000 0.000000 0.000000 1.000000
0.998668 0.049928 -0.012996 -0.000000 -0.049928 0.871854 -0.487214 3.700000 -0.012994 0.487214 0.873186 0.000000 0.000000 0.000000 0.000000 1.000000
0.998668 0.049928 -0.012996 0.000000 -0.049928 0.871855 -0.487213 3.700000 -0.012995 0.487213 0.873186 0.000000 0.000000 0.000000 0.000000 1.000000</float_array>
        <technique_common>
          <accessor source="#mixamorig_LeftHandIndex2-Matrix-animation-output-transform-array" count="37" stride="16">
            <param type="float4x4"/>
          </accessor>
        </technique_common>
      </source>
      <source id="mixamorig_LeftHandIndex2-Interpolations">
        <Name_array id="mixamorig_LeftHandIndex2-Interpolations-array" count="37">
 LINEAR LINEAR LINEAR LINEAR LINEAR LINEAR LINEAR LINEAR LINEAR LINEAR LINEAR
LINEAR LINEAR LINEAR LINEAR LINEAR LINEAR LINEAR LINEAR LINEAR LINEAR LINEAR LINEAR
LINEAR LINEAR LINEAR LINEAR LINEAR LINEAR LINEAR LINEAR LINEAR LINEAR LINEAR LINEAR
LINEAR LINEAR</Name_array>
        <technique_common>
          <accessor source="#mixamorig_LeftHandIndex2-Interpolations-array" count="37">
            <param type="name"/>
          </accessor>
        </technique_common>
      </source>
      <sampler id="mixamorig_LeftHandIndex2-Matrix-animation-transform">
        <input semantic="INPUT" source="#mixamorig_LeftHandIndex2-Matrix-animation-input"/>
        <input semantic="OUTPUT" source="#mixamorig_LeftHandIndex2-Matrix-animation-output-transform"/>
        <input semantic="INTERPOLATION" source="#mixamorig_LeftHandIndex2-Interpolations"/>
      </sampler>
      <channel source="#mixamorig_LeftHandIndex2-Matrix-animation-transform" target="mixamorig_LeftHandIndex2/matrix"/>
    </animation>
    <animation id="mixamorig_LeftHandIndex3-anim" name="mixamorig_LeftHandIndex3">
      <source id="mixamorig_LeftHandIndex3-Matrix-animation-input">
        <float_array id="mixamorig_LeftHandIndex3-Matrix-animation-input-array" count="37">

0.000000 0.033333 0.066667 0.100000 0.133333 0.166667 0.200000 0.233333 0.266667 0.300000 0.333333 0.366667 0.400000 0.433333 0.466667 0.500000
0.533333 0.566667 0.600000 0.633333 0.666667 0.700000 0.733333 0.766667 0.800000 0.833333 0.866667 0.900000 0.933333 0.966667 1.000000 1.033333
1.066667 1.100000 1.133333 1.166667 1.200000</float_array>
        <technique_common>
          <accessor source="#mixamorig_LeftHandIndex3-Matrix-animation-input-array" count="37">
            <param name="TIME" type="float"/>
          </accessor>
        </technique_common>
      </source>
      <source id="mixamorig_LeftHandIndex3-Matrix-animation-output-transform">
        <float_array id="mixamorig_LeftHandIndex3-Matrix-animation-output-transform-array" count="592">

0.999562 0.029286 -0.004275 0.000000 -0.029286 0.957847 -0.285782 2.850000 -0.004274 0.285782 0.958285 0.000000 0.000000 0.000000 0.000000 1.000000
0.999572 0.028952 -0.004176 0.000000 -0.028952 0.958824 -0.282522 2.850000 -0.004176 0.282522 0.959252 0.000000 0.000000 0.000000 0.000000 1.000000
0.999586 0.028498 -0.004043 0.000000 -0.028498 0.960133 -0.278086 2.850000 -0.004043 0.278086 0.960548 -0.000000 0.000000 0.000000 0.000000 1.000000
0.999585 0.028521 -0.004050 -0.000000 -0.028522 0.960065 -0.278321 2.850000 -0.004050 0.278321 0.960480 -0.000000 0.000000 0.000000 0.000000 1.000000
0.999571 0.028987 -0.004186 -0.000000 -0.028987 0.958723 -0.282861 2.850000 -0.004186 0.282861 0.959152 -0.000000 0.000000 0.000000 0.000000 1.000000
0.999557 0.029455 -0.004326 0.000000 -0.029455 0.957349 -0.287428 2.850000 -0.004325 0.287428 0.957792 0.000000 0.000000 0.000000 0.000000 1.000000
0.999524 0.030492 -0.004643 0.000000 -0.030492 0.954218 -0.297554 2.850000 -0.004642 0.297554 0.954694 -0.000000 0.000000 0.000000 0.000000 1.000000
0.999495 0.031383 -0.004925 0.000000 -0.031383 0.951437 -0.306240 2.850000 -0.004925 0.306240 0.951942 -0.000000 0.000000 0.000000 0.000000 1.000000
0.999489 0.031564 -0.004984 -0.000000 -0.031564 0.950859 -0.308012 2.850000 -0.004983 0.308012 0.951369 -0.000000 0.000000 0.000000 0.000000 1.000000
0.999488 0.031589 -0.004992 -0.000000 -0.031589 0.950781 -0.308250 2.850000 -0.004991 0.308250 0.951292 0.000000 0.000000 0.000000 0.000000 1.000000
0.999489 0.031586 -0.004991 0.000000 -0.031586 0.950789 -0.308225 2.850000 -0.004990 0.308225 0.951300 -0.000000 0.000000 0.000000 0.000000 1.000000
0.999512 0.030879 -0.004765 -0.000000 -0.030879 0.953020 -0.301328 2.850000 -0.004764 0.301328 0.953509 0.000000 0.000000 0.000000 0.000000 1.000000
0.999552 0.029608 -0.004372 0.000000 -0.029608 0.956894 -0.288926 2.850000 -0.004371 0.288926 0.957342 -0.000000 0.000000 0.000000 0.000000 1.000000
0.999565 0.029200 -0.004250 -0.000000 -0.029200 0.958100 -0.284943 2.850000 -0.004249 0.284943 0.958535 0.000000 0.000000 0.000000 0.000000 1.000000
0.999572 0.028942 -0.004173 0.000000 -0.028942 0.958852 -0.282426 2.850000 -0.004173 0.282426 0.959280 0.000000 0.000000 0.000000 0.000000 1.000000
0.999591 0.028325 -0.003994 0.000000 -0.028325 0.960623 -0.276409 2.850000 -0.003993 0.276409 0.961032 0.000000 0.000000 0.000000 0.000000 1.000000
0.999600 0.028016 -0.003905 0.000000 -0.028016 0.961495 -0.273391 2.850000 -0.003904 0.273391 0.961895 -0.000000 0.000000 0.000000 0.000000 1.000000
0.999605 0.027852 -0.003859 0.000000 -0.027852 0.961955 -0.271786 2.850000 -0.003858 0.271786 0.962350 0.000000 0.000000 0.000000 0.000000 1.000000
0.999615 0.027502 -0.003761 0.000000 -0.027503 0.962921 -0.268377 2.850000 -0.003760 0.268377 0.963307 -0.000000 0.000000 0.000000 0.000000 1.000000
0.999611 0.027631 -0.003796 0.000000 -0.027631 0.962568 -0.269629 2.850000 -0.003796 0.269629 0.962957 0.000000 0.000000 0.000000 0.000000 1.000000
0.999607 0.027769 -0.003835 0.000000 -0.027769 0.962186 -0.270974 2.850000 -0.003835 0.270974 0.962579 -0.000000 0.000000 0.000000 0.000000 1.000000
0.999613 0.027572 -0.003780 0.000000 -0.027572 0.962729 -0.269059 2.850000 -0.003779 0.269059 0.963116 0.000000 0.000000 0.000000 0.000000 1.000000
0.999611 0.027637 -0.003798 0.000000 -0.027637 0.962551 -0.269690 2.850000 -0.003797 0.269690 0.962940 0.000000 0.000000 0.000000 0.000000 1.000000
0.999605 0.027854 -0.003860 0.000000 -0.027855 0.961947 -0.271813 2.850000 -0.003858 0.271813 0.962342 0.000000 0.000000 0.000000 0.000000 1.000000
0.999604 0.027870 -0.003864 0.000000 -0.027870 0.961904 -0.271964 2.850000 -0.003863 0.271964 0.962300 0.000000 0.000000 0.000000 0.000000 1.000000
0.999603 0.027921 -0.003878 0.000000 -0.027921 0.961761 -0.272462 2.850000 -0.003877 0.272462 0.962159 0.000000 0.000000 0.000000 0.000000 1.000000
0.999596 0.028149 -0.003943 0.000000 -0.028149 0.961121 -0.274688 2.850000 -0.003942 0.274688 0.961525 0.000000 0.000000 0.000000 0.000000 1.000000
0.999595 0.028187 -0.003954 -0.000000 -0.028187 0.961015 -0.275057 2.850000 -0.003953 0.275057 0.961420 0.000000 0.000000 0.000000 0.000000 1.000000
0.999594 0.028200 -0.003958 0.000000 -0.028200 0.960977 -0.275188 2.850000 -0.003957 0.275188 0.961382 0.000000 0.000000 0.000000 0.000000 1.000000
0.999595 0.028198 -0.003957 0.000000 -0.028198 0.960984 -0.275163 2.850000 -0.003956 0.275163 0.961389 0.000000 0.000000 0.000000 0.000000 1.000000
0.999593 0.028257 -0.003974 0.000000 -0.028258 0.960815 -0.275747 2.850000 -0.003973 0.275747 0.961222 0.000000 0.000000 0.000000 0.000000 1.000000
0.999575 0.028855 -0.004148 0.000000 -0.028855 0.959104 -0.281578 2.850000 -0.004147 0.281578 0.959529 0.000000 0.000000 0.000000 0.000000 1.000000
0.999569 0.029059 -0.004208 -0.000000 -0.029059 0.958513 -0.283563 2.850000 -0.004207 0.283563 0.958944 0.000000 0.000000 0.000000 0.000000 1.000000
0.999560 0.029333 -0.004289 0.000000 -0.029333 0.957709 -0.286238 2.850000 -0.004288 0.286238 0.958149 0.000000 0.000000 0.000000 0.000000 1.000000
0.999561 0.029308 -0.004282 0.000000 -0.029308 0.957783 -0.285995 2.850000 -0.004281 0.285995 0.958222 0.000000 0.000000 0.000000 0.000000 1.000000
0.999561 0.029312 -0.004283 0.000000 -0.029312 0.957773 -0.286028 2.850000 -0.004282 0.286028 0.958212 0.000000 0.000000 0.000000 0.000000 1.000000
0.999562 0.029286 -0.004275 -0.000000 -0.029286 0.957847 -0.285782 2.850000 -0.004274 0.285782 0.958285 0.000000 0.000000 0.000000 0.000000 1.000000</float_array>
        <technique_common>
          <accessor source="#mixamorig_LeftHandIndex3-Matrix-animation-output-transform-array" count="37" stride="16">
            <param type="float4x4"/>
          </accessor>
        </technique_common>
      </source>
      <source id="mixamorig_LeftHandIndex3-Interpolations">
        <Name_array id="mixamorig_LeftHandIndex3-Interpolations-array" count="37">
 LINEAR LINEAR LINEAR LINEAR LINEAR LINEAR LINEAR LINEAR LINEAR LINEAR LINEAR
LINEAR LINEAR LINEAR LINEAR LINEAR LINEAR LINEAR LINEAR LINEAR LINEAR LINEAR LINEAR
LINEAR LINEAR LINEAR LINEAR LINEAR LINEAR LINEAR LINEAR LINEAR LINEAR LINEAR LINEAR
LINEAR LINEAR</Name_array>
        <technique_common>
          <accessor source="#mixamorig_LeftHandIndex3-Interpolations-array" count="37">
            <param type="name"/>
          </accessor>
        </technique_common>
      </source>
      <sampler id="mixamorig_LeftHandIndex3-Matrix-animation-transform">
        <input semantic="INPUT" source="#mixamorig_LeftHandIndex3-Matrix-animation-input"/>
        <input semantic="OUTPUT" source="#mixamorig_LeftHandIndex3-Matrix-animation-output-transform"/>
        <input semantic="INTERPOLATION" source="#mixamorig_LeftHandIndex3-Interpolations"/>
      </sampler>
      <channel source="#mixamorig_LeftHandIndex3-Matrix-animation-transform" target="mixamorig_LeftHandIndex3/matrix"/>
    </animation>
    <animation id="mixamorig_LeftHandMiddle1-anim" name="mixamorig_LeftHandMiddle1">
      <source id="mixamorig_LeftHandMiddle1-Matrix-animation-input">
        <float_array id="mixamorig_LeftHandMiddle1-Matrix-animation-input-array" count="37">

0.000000 0.033333 0.066667 0.100000 0.133333 0.166667 0.200000 0.233333 0.266667 0.300000 0.333333 0.366667 0.400000 0.433333 0.466667 0.500000
0.533333 0.566667 0.600000 0.633333 0.666667 0.700000 0.733333 0.766667 0.800000 0.833333 0.866667 0.900000 0.933333 0.966667 1.000000 1.033333
1.066667 1.100000 1.133333 1.166667 1.200000</float_array>
        <technique_common>
          <accessor source="#mixamorig_LeftHandMiddle1-Matrix-animation-input-array" count="37">
            <param name="TIME" type="float"/>
          </accessor>
        </technique_common>
      </source>
      <source id="mixamorig_LeftHandMiddle1-Matrix-animation-output-transform">
        <float_array id="mixamorig_LeftHandMiddle1-Matrix-animation-output-transform-array" count="592">

0.993777 0.101455 -0.045971 -0.000000 -0.108280 0.783187 -0.612285 9.533400 -0.026115 0.613453 0.789299 -0.000000 0.000000 0.000000 0.000000 1.000000
0.993878 0.100218 -0.046517 0.000000 -0.107497 0.779809 -0.616720 9.533400 -0.025532 0.617944 0.785807 -0.000000 0.000000 0.000000 0.000000 1.000000
0.993474 0.104169 -0.046454 0.000000 -0.110575 0.779767 -0.616227 9.533400 -0.027969 0.617343 0.786197 0.000000 0.000000 0.000000 0.000000 1.000000
0.993209 0.106904 -0.045910 0.000000 -0.112553 0.782945 -0.611824 9.533400 -0.029461 0.612837 0.789660 0.000000 0.000000 0.000000 0.000000 1.000000
0.992821 0.110740 -0.045209 0.000000 -0.115379 0.786974 -0.606102 9.533400 -0.031542 0.606967 0.794101 0.000000 0.000000 0.000000 0.000000 1.000000
0.992200 0.116548 -0.044220 0.000000 -0.119742 0.792513 -0.597984 9.533400 -0.034649 0.598615 0.800287 0.000000 0.000000 0.000000 0.000000 1.000000
0.991393 0.123645 -0.043037 0.000000 -0.125183 0.799015 -0.588137 9.533400 -0.038333 0.588462 0.807616 0.000000 0.000000 0.000000 0.000000 1.000000
0.991118 0.126221 -0.041864 -0.000000 -0.127062 0.805949 -0.578188 9.533400 -0.039239 0.578372 0.814829 0.000000 0.000000 0.000000 0.000000 1.000000
0.991771 0.121206 -0.041228 -0.000000 -0.122868 0.810625 -0.572530 9.533400 -0.035974 0.572884 0.818847 0.000000 0.000000 0.000000 0.000000 1.000000
0.992280 0.116937 -0.041314 0.000000 -0.119402 0.810690 -0.573170 9.533400 -0.033531 0.573678 0.818394 -0.000000 0.000000 0.000000 0.000000 1.000000
0.992618 0.113858 -0.041791 0.000000 -0.117001 0.808142 -0.577249 9.533400 -0.031952 0.577877 0.815498 0.000000 0.000000 0.000000 0.000000 1.000000
0.992921 0.110856 -0.042640 0.000000 -0.114778 0.803228 -0.584509 9.533400 -0.030546 0.585265 0.810266 0.000000 0.000000 0.000000 0.000000 1.000000
0.992982 0.109938 -0.043589 0.000000 -0.114293 0.797363 -0.592579 9.533400 -0.030391 0.593403 0.804332 -0.000000 0.000000 0.000000 0.000000 1.000000
0.992953 0.110107 -0.043823 -0.000000 -0.114492 0.795864 -0.594551 9.533400 -0.030587 0.595379 0.802862 0.000000 0.000000 0.000000 0.000000 1.000000
0.993009 0.109485 -0.044118 -0.000000 -0.114076 0.794076 -0.597018 9.533400 -0.030332 0.597876 0.801014 -0.000000 0.000000 0.000000 0.000000 1.000000
0.993168 0.107935 -0.044357 0.000000 -0.112906 0.792749 -0.599000 9.533400 -0.029489 0.599916 0.799520 0.000000 0.000000 0.000000 0.000000 1.000000
0.993552 0.104307 -0.044430 0.000000 -0.110034 0.792719 -0.599574 9.533400 -0.027319 0.600597 0.799085 -0.000000 0.000000 0.000000 0.000000 1.000000
0.993659 0.103224 -0.044573 0.000000 -0.109217 0.791931 -0.600764 9.533400 -0.026714 0.601822 0.798183 0.000000 0.000000 0.000000 0.000000 1.000000
0.993610 0.103549 -0.044903 0.000000 -0.109582 0.789797 -0.603501 9.533400 -0.027028 0.604565 0.796097 -0.000000 0.000000 0.000000 0.000000 1.000000
0.993787 0.101679 -0.045259 0.000000 -0.108215 0.787730 -0.606441 9.533400 -0.026010 0.607571 0.793839 0.000000 0.000000 0.000000 0.000000 1.000000
0.993957 0.099883 -0.045533 0.000000 -0.106887 0.786179 -0.608685 9.533400 -0.025000 0.609873 0.792105 -0.000000 0.000000 0.000000 0.000000 1.000000
0.994025 0.099072 -0.045808 0.000000 -0.106344 0.784499 -0.610943 9.533400 -0.024591 0.612164 0.790348 0.000000 0.000000 0.000000 0.000000 1.000000
0.993787 0.101378 -0.045929 0.000000 -0.108204 0.783468 -0.611940 9.533400 -0.026054 0.613107 0.789570 0.000000 0.000000 0.000000 0.000000 1.000000
0.993806 0.101235 -0.045840 0.000000 -0.108061 0.784057 -0.611210 9.533400 -0.025935 0.612377 0.790140 0.000000 0.000000 0.000000 0.000000 1.000000
0.994049 0.098915 -0.045636 -0.000000 -0.106158 0.785616 -0.609540 9.533400 -0.024440 0.610757 0.791441 0.000000 0.000000 0.000000 0.000000 1.000000
0.994451 0.094997 -0.045205 0.000000 -0.102898 0.788799 -0.605976 9.533400 -0.021909 0.607265 0.794197 0.000000 0.000000 0.000000 0.000000 1.000000
0.994448 0.095241 -0.044744 0.000000 -0.102918 0.791719 -0.602154 9.533400 -0.021925 0.603415 0.797126 0.000000 0.000000 0.000000 0.000000 1.000000
0.993876 0.101307 -0.044122 0.000000 -0.107540 0.795015 -0.596981 9.533400 -0.025401 0.598070 0.801041 0.000000 0.000000 0.000000 0.000000 1.000000
0.993551 0.104558 -0.043874 0.000000 -0.110062 0.796212 -0.594922 9.533400 -0.027271 0.595914 0.802585 0.000000 0.000000 0.000000 0.000000 1.000000
0.993475 0.105181 -0.044099 0.000000 -0.110630 0.794715 -0.596816 9.533400 -0.027728 0.597800 0.801165 0.000000 0.000000 0.000000 0.000000 1.000000
0.993327 0.106493 -0.044282 0.000000 -0.111734 0.793394 -0.598366 9.533400 -0.028589 0.599321 0.799998 0.000000 0.000000 0.000000 0.000000 1.000000
0.993064 0.108750 -0.044687 -0.000000 -0.113651 0.790548 -0.601762 9.533400 -0.030114 0.602667 0.797424 0.000000 0.000000 0.000000 0.000000 1.000000
0.993118 0.108102 -0.045051 0.000000 -0.113243 0.788303 -0.604776 9.533400 -0.029864 0.605716 0.795120 -0.000000 0.000000 0.000000 0.000000 1.000000
0.993621 0.103301 -0.045232 0.000000 -0.109491 0.787718 -0.606228 9.533400 -0.026994 0.607313 0.794004 0.000000 0.000000 0.000000 0.000000 1.000000
0.993894 0.100571 -0.045388 0.000000 -0.107381 0.787030 -0.607497 9.533400 -0.025375 0.608661 0.793024 0.000000 0.000000 0.000000 0.000000 1.000000
0.993931 0.099997 -0.045836 -0.000000 -0.107083 0.784221 -0.611171 9.533400 -0.025170 0.612371 0.790170 0.000000 0.000000 0.000000 0.000000 1.000000
0.993777 0.101455 -0.045971 -0.000000 -0.108280 0.783187 -0.612285 9.533400 -0.026115 0.613453 0.789299 0.000000 0.000000 0.000000 0.000000 1.000000</float_array>
        <technique_common>
          <accessor source="#mixamorig_LeftHandMiddle1-Matrix-animation-output-transform-array" count="37" stride="16">
            <param type="float4x4"/>
          </accessor>
        </technique_common>
      </source>
      <source id="mixamorig_LeftHandMiddle1-Interpolations">
        <Name_array id="mixamorig_LeftHandMiddle1-Interpolations-array" count="37">
 LINEAR LINEAR LINEAR LINEAR LINEAR LINEAR LINEAR LINEAR LINEAR LINEAR LINEAR
LINEAR LINEAR LINEAR LINEAR LINEAR LINEAR LINEAR LINEAR LINEAR LINEAR LINEAR LINEAR
LINEAR LINEAR LINEAR LINEAR LINEAR LINEAR LINEAR LINEAR LINEAR LINEAR LINEAR LINEAR
LINEAR LINEAR</Name_array>
        <technique_common>
          <accessor source="#mixamorig_LeftHandMiddle1-Interpolations-array" count="37">
            <param type="name"/>
          </accessor>
        </technique_common>
      </source>
      <sampler id="mixamorig_LeftHandMiddle1-Matrix-animation-transform">
        <input semantic="INPUT" source="#mixamorig_LeftHandMiddle1-Matrix-animation-input"/>
        <input semantic="OUTPUT" source="#mixamorig_LeftHandMiddle1-Matrix-animation-output-transform"/>
        <input semantic="INTERPOLATION" source="#mixamorig_LeftHandMiddle1-Interpolations"/>
      </sampler>
      <channel source="#mixamorig_LeftHandMiddle1-Matrix-animation-transform" target="mixamorig_LeftHandMiddle1/matrix"/>
    </animation>
    <animation id="mixamorig_LeftHandMiddle2-anim" name="mixamorig_LeftHandMiddle2">
      <source id="mixamorig_LeftHandMiddle2-Matrix-animation-input">
        <float_array id="mixamorig_LeftHandMiddle2-Matrix-animation-input-array" count="37">

0.000000 0.033333 0.066667 0.100000 0.133333 0.166667 0.200000 0.233333 0.266667 0.300000 0.333333 0.366667 0.400000 0.433333 0.466667 0.500000
0.533333 0.566667 0.600000 0.633333 0.666667 0.700000 0.733333 0.766667 0.800000 0.833333 0.866667 0.900000 0.933333 0.966667 1.000000 1.033333
1.066667 1.100000 1.133333 1.166667 1.200000</float_array>
        <technique_common>
          <accessor source="#mixamorig_LeftHandMiddle2-Matrix-animation-input-array" count="37">
            <param name="TIME" type="float"/>
          </accessor>
        </technique_common>
      </source>
      <source id="mixamorig_LeftHandMiddle2-Matrix-animation-output-transform">
        <float_array id="mixamorig_LeftHandMiddle2-Matrix-animation-output-transform-array" count="592">

0.998487 0.052963 -0.014762 0.000000 -0.052964 0.854446 -0.516833 3.700000 -0.014760 0.516833 0.855959 -0.000000 0.000000 0.000000 0.000000 1.000000
0.998489 0.052930 -0.014741 0.000000 -0.052930 0.854646 -0.516507 3.700000 -0.014740 0.516507 0.856156 -0.000000 0.000000 0.000000 0.000000 1.000000
0.998492 0.052881 -0.014712 0.000000 -0.052882 0.854935 -0.516033 3.700000 -0.014711 0.516033 0.856443 0.000000 0.000000 0.000000 0.000000 1.000000
0.998496 0.052822 -0.014676 0.000000 -0.052822 0.855289 -0.515452 3.700000 -0.014675 0.515452 0.856793 0.000000 0.000000 0.000000 0.000000 1.000000
0.998501 0.052737 -0.014625 0.000000 -0.052737 0.855793 -0.514624 3.700000 -0.014624 0.514624 0.857291 0.000000 0.000000 0.000000 0.000000 1.000000
0.998508 0.052636 -0.014564 0.000000 -0.052636 0.856391 -0.513637 3.700000 -0.014563 0.513638 0.857884 0.000000 0.000000 0.000000 0.000000 1.000000
0.998514 0.052537 -0.014505 0.000000 -0.052537 0.856976 -0.512672 3.700000 -0.014504 0.512672 0.858462 -0.000000 0.000000 0.000000 0.000000 1.000000
0.998518 0.052462 -0.014460 0.000000 -0.052462 0.857418 -0.511939 3.700000 -0.014459 0.511940 0.858900 0.000000 0.000000 0.000000 0.000000 1.000000
0.998514 0.052525 -0.014498 0.000000 -0.052525 0.857046 -0.512555 3.700000 -0.014496 0.512555 0.858532 0.000000 0.000000 0.000000 0.000000 1.000000
0.998512 0.052567 -0.014523 0.000000 -0.052567 0.856799 -0.512964 3.700000 -0.014522 0.512965 0.858287 0.000000 0.000000 0.000000 0.000000 1.000000
0.998516 0.052490 -0.014477 0.000000 -0.052491 0.857250 -0.512218 3.700000 -0.014476 0.512218 0.858734 0.000000 0.000000 0.000000 0.000000 1.000000
0.998524 0.052365 -0.014402 0.000000 -0.052365 0.857990 -0.510990 3.700000 -0.014401 0.510990 0.859466 0.000000 0.000000 0.000000 0.000000 1.000000
0.998526 0.052334 -0.014384 -0.000000 -0.052334 0.858170 -0.510690 3.700000 -0.014382 0.510691 0.859644 0.000000 0.000000 0.000000 0.000000 1.000000
0.998524 0.052371 -0.014406 0.000000 -0.052371 0.857953 -0.511053 3.700000 -0.014405 0.511053 0.859429 0.000000 0.000000 0.000000 0.000000 1.000000
0.998521 0.052424 -0.014438 0.000000 -0.052424 0.857641 -0.511570 3.700000 -0.014436 0.511570 0.859121 -0.000000 0.000000 0.000000 0.000000 1.000000
0.998508 0.052630 -0.014561 0.000000 -0.052631 0.856424 -0.513584 3.700000 -0.014559 0.513584 0.857916 0.000000 0.000000 0.000000 0.000000 1.000000
0.998501 0.052737 -0.014625 0.000000 -0.052737 0.855793 -0.514623 3.700000 -0.014623 0.514623 0.857292 0.000000 0.000000 0.000000 0.000000 1.000000
0.998497 0.052801 -0.014664 0.000000 -0.052801 0.855412 -0.515250 3.700000 -0.014662 0.515250 0.856914 -0.000000 0.000000 0.000000 0.000000 1.000000
0.998488 0.052960 -0.014760 0.000000 -0.052961 0.854463 -0.516805 3.700000 -0.014758 0.516805 0.855976 0.000000 0.000000 0.000000 0.000000 1.000000
0.998482 0.053046 -0.014812 0.000000 -0.053046 0.853953 -0.517639 3.700000 -0.014810 0.517639 0.855471 0.000000 0.000000 0.000000 0.000000 1.000000
0.998479 0.053105 -0.014847 0.000000 -0.053105 0.853601 -0.518214 3.700000 -0.014846 0.518214 0.855122 -0.000000 0.000000 0.000000 0.000000 1.000000
0.998475 0.053168 -0.014886 -0.000000 -0.053168 0.853222 -0.518830 3.700000 -0.014884 0.518830 0.854748 0.000000 0.000000 0.000000 0.000000 1.000000
0.998471 0.053227 -0.014922 0.000000 -0.053227 0.852868 -0.519406 3.700000 -0.014920 0.519406 0.854397 0.000000 0.000000 0.000000 0.000000 1.000000
0.998470 0.053236 -0.014927 0.000000 -0.053236 0.852815 -0.519492 3.700000 -0.014925 0.519493 0.854345 -0.000000 0.000000 0.000000 0.000000 1.000000
0.998475 0.053154 -0.014878 -0.000000 -0.053155 0.853304 -0.518697 3.700000 -0.014876 0.518697 0.854829 0.000000 0.000000 0.000000 0.000000 1.000000
0.998482 0.053045 -0.014811 0.000000 -0.053045 0.853962 -0.517625 3.700000 -0.014809 0.517625 0.855479 0.000000 0.000000 0.000000 0.000000 1.000000
0.998485 0.053007 -0.014788 0.000000 -0.053007 0.854189 -0.517253 3.700000 -0.014786 0.517253 0.855705 0.000000 0.000000 0.000000 0.000000 1.000000
0.998490 0.052925 -0.014739 0.000000 -0.052926 0.854672 -0.516463 3.700000 -0.014737 0.516463 0.856183 -0.000000 0.000000 0.000000 0.000000 1.000000
0.998501 0.052747 -0.014631 0.000000 -0.052747 0.855734 -0.514720 3.700000 -0.014629 0.514720 0.857234 0.000000 0.000000 0.000000 0.000000 1.000000
0.998505 0.052683 -0.014593 0.000000 -0.052684 0.856109 -0.514102 3.700000 -0.014591 0.514102 0.857605 0.000000 0.000000 0.000000 0.000000 1.000000
0.998504 0.052695 -0.014600 0.000000 -0.052695 0.856040 -0.514217 3.700000 -0.014598 0.514217 0.857536 0.000000 0.000000 0.000000 0.000000 1.000000
0.998499 0.052774 -0.014648 0.000000 -0.052775 0.855571 -0.514989 3.700000 -0.014646 0.514989 0.857072 0.000000 0.000000 0.000000 0.000000 1.000000
0.998498 0.052796 -0.014661 0.000000 -0.052797 0.855439 -0.515205 3.700000 -0.014660 0.515206 0.856941 -0.000000 0.000000 0.000000 0.000000 1.000000
0.998492 0.052882 -0.014712 0.000000 -0.052882 0.854932 -0.516037 3.700000 -0.014711 0.516037 0.856440 0.000000 0.000000 0.000000 0.000000 1.000000
0.998490 0.052918 -0.014734 0.000000 -0.052918 0.854719 -0.516387 3.700000 -0.014733 0.516387 0.856229 0.000000 0.000000 0.000000 0.000000 1.000000
0.998488 0.052959 -0.014759 0.000000 -0.052959 0.854472 -0.516791 3.700000 -0.014757 0.516791 0.855984 0.000000 0.000000 0.000000 0.000000 1.000000
0.998487 0.052963 -0.014761 0.000000 -0.052964 0.854447 -0.516832 3.700000 -0.014760 0.516832 0.855959 -0.000000 0.000000 0.000000 0.000000 1.000000</float_array>
        <technique_common>
          <accessor source="#mixamorig_LeftHandMiddle2-Matrix-animation-output-transform-array" count="37" stride="16">
            <param type="float4x4"/>
          </accessor>
        </technique_common>
      </source>
      <source id="mixamorig_LeftHandMiddle2-Interpolations">
        <Name_array id="mixamorig_LeftHandMiddle2-Interpolations-array" count="37">
 LINEAR LINEAR LINEAR LINEAR LINEAR LINEAR LINEAR LINEAR LINEAR LINEAR LINEAR
LINEAR LINEAR LINEAR LINEAR LINEAR LINEAR LINEAR LINEAR LINEAR LINEAR LINEAR LINEAR
LINEAR LINEAR LINEAR LINEAR LINEAR LINEAR LINEAR LINEAR LINEAR LINEAR LINEAR LINEAR
LINEAR LINEAR</Name_array>
        <technique_common>
          <accessor source="#mixamorig_LeftHandMiddle2-Interpolations-array" count="37">
            <param type="name"/>
          </accessor>
        </technique_common>
      </source>
      <sampler id="mixamorig_LeftHandMiddle2-Matrix-animation-transform">
        <input semantic="INPUT" source="#mixamorig_LeftHandMiddle2-Matrix-animation-input"/>
        <input semantic="OUTPUT" source="#mixamorig_LeftHandMiddle2-Matrix-animation-output-transform"/>
        <input semantic="INTERPOLATION" source="#mixamorig_LeftHandMiddle2-Interpolations"/>
      </sampler>
      <channel source="#mixamorig_LeftHandMiddle2-Matrix-animation-transform" target="mixamorig_LeftHandMiddle2/matrix"/>
    </animation>
    <animation id="mixamorig_LeftHandMiddle3-anim" name="mixamorig_LeftHandMiddle3">
      <source id="mixamorig_LeftHandMiddle3-Matrix-animation-input">
        <float_array id="mixamorig_LeftHandMiddle3-Matrix-animation-input-array" count="37">

0.000000 0.033333 0.066667 0.100000 0.133333 0.166667 0.200000 0.233333 0.266667 0.300000 0.333333 0.366667 0.400000 0.433333 0.466667 0.500000
0.533333 0.566667 0.600000 0.633333 0.666667 0.700000 0.733333 0.766667 0.800000 0.833333 0.866667 0.900000 0.933333 0.966667 1.000000 1.033333
1.066667 1.100000 1.133333 1.166667 1.200000</float_array>
        <technique_common>
          <accessor source="#mixamorig_LeftHandMiddle3-Matrix-animation-input-array" count="37">
            <param name="TIME" type="float"/>
          </accessor>
        </technique_common>
      </source>
      <source id="mixamorig_LeftHandMiddle3-Matrix-animation-output-transform">
        <float_array id="mixamorig_LeftHandMiddle3-Matrix-animation-output-transform-array" count="592">

0.999333 0.035937 -0.006511 0.000000 -0.035937 0.935803 -0.350687 2.950000 -0.006510 0.350687 0.936470 0.000000 0.000000 0.000000 0.000000 1.000000
0.999323 0.036184 -0.006604 0.000000 -0.036184 0.934887 -0.353098 2.950000 -0.006603 0.353098 0.935563 -0.000000 0.000000 0.000000 0.000000 1.000000
0.999315 0.036396 -0.006684 0.000000 -0.036396 0.934094 -0.355167 2.950000 -0.006683 0.355167 0.934779 0.000000 0.000000 0.000000 0.000000 1.000000
0.999314 0.036413 -0.006690 0.000000 -0.036413 0.934031 -0.355330 2.950000 -0.006690 0.355330 0.934717 0.000000 0.000000 0.000000 0.000000 1.000000
0.999324 0.036162 -0.006596 -0.000000 -0.036163 0.934969 -0.352882 2.950000 -0.006594 0.352882 0.935644 0.000000 0.000000 0.000000 0.000000 1.000000
0.999336 0.035845 -0.006476 0.000000 -0.035845 0.936142 -0.349789 2.950000 -0.006475 0.349789 0.936806 0.000000 0.000000 0.000000 0.000000 1.000000
0.999346 0.035603 -0.006386 0.000000 -0.035603 0.937032 -0.347424 2.950000 -0.006385 0.347424 0.937686 0.000000 0.000000 0.000000 0.000000 1.000000
0.999355 0.035356 -0.006295 -0.000000 -0.035356 0.937931 -0.345015 2.950000 -0.006294 0.345015 0.938576 -0.000000 0.000000 0.000000 0.000000 1.000000
0.999358 0.035286 -0.006270 0.000000 -0.035287 0.938183 -0.344337 2.950000 -0.006268 0.344337 0.938825 0.000000 0.000000 0.000000 0.000000 1.000000
0.999357 0.035288 -0.006270 0.000000 -0.035289 0.938176 -0.344355 2.950000 -0.006269 0.344355 0.938818 0.000000 0.000000 0.000000 0.000000 1.000000
0.999352 0.035428 -0.006322 0.000000 -0.035429 0.937668 -0.345720 2.950000 -0.006321 0.345721 0.938316 0.000000 0.000000 0.000000 0.000000 1.000000
0.999340 0.035763 -0.006446 0.000000 -0.035763 0.936443 -0.348991 2.950000 -0.006445 0.348991 0.937104 0.000000 0.000000 0.000000 0.000000 1.000000
0.999326 0.036117 -0.006579 0.000000 -0.036118 0.935135 -0.352446 2.950000 -0.006577 0.352447 0.935809 0.000000 0.000000 0.000000 0.000000 1.000000
0.999319 0.036297 -0.006647 0.000000 -0.036297 0.934465 -0.354199 2.950000 -0.006645 0.354199 0.935146 0.000000 0.000000 0.000000 0.000000 1.000000
0.999310 0.036514 -0.006729 0.000000 -0.036514 0.933652 -0.356315 2.950000 -0.006728 0.356315 0.934342 -0.000000 0.000000 0.000000 0.000000 1.000000
0.999296 0.036891 -0.006874 0.000000 -0.036892 0.932224 -0.359996 2.950000 -0.006873 0.359996 0.932928 0.000000 0.000000 0.000000 0.000000 1.000000
0.999287 0.037119 -0.006962 0.000000 -0.037119 0.931355 -0.362215 2.950000 -0.006961 0.362215 0.932069 0.000000 0.000000 0.000000 0.000000 1.000000
0.999286 0.037141 -0.006971 0.000000 -0.037141 0.931269 -0.362433 2.950000 -0.006970 0.362433 0.931984 -0.000000 0.000000 0.000000 0.000000 1.000000
0.999286 0.037138 -0.006970 -0.000000 -0.037138 0.931281 -0.362404 2.950000 -0.006968 0.362404 0.931995 -0.000000 0.000000 0.000000 0.000000 1.000000
0.999284 0.037185 -0.006988 0.000000 -0.037185 0.931100 -0.362865 2.950000 -0.006987 0.362865 0.931816 -0.000000 0.000000 0.000000 0.000000 1.000000
0.999282 0.037231 -0.007006 0.000000 -0.037231 0.930923 -0.363313 2.950000 -0.007005 0.363313 0.931641 0.000000 0.000000 0.000000 0.000000 1.000000
0.999281 0.037248 -0.007012 0.000000 -0.037248 0.930858 -0.363478 2.950000 -0.007011 0.363478 0.931576 0.000000 0.000000 0.000000 0.000000 1.000000
0.999283 0.037213 -0.006999 0.000000 -0.037213 0.930993 -0.363136 2.950000 -0.006998 0.363136 0.931710 0.000000 0.000000 0.000000 0.000000 1.000000
0.999284 0.037172 -0.006983 0.000000 -0.037173 0.931149 -0.362738 2.950000 -0.006982 0.362738 0.931865 -0.000000 0.000000 0.000000 0.000000 1.000000
0.999278 0.037341 -0.007049 0.000000 -0.037341 0.930500 -0.364384 2.950000 -0.007048 0.364384 0.931222 -0.000000 0.000000 0.000000 0.000000 1.000000
0.999276 0.037389 -0.007067 0.000000 -0.037389 0.930314 -0.364855 2.950000 -0.007067 0.364855 0.931038 0.000000 0.000000 0.000000 0.000000 1.000000
0.999282 0.037246 -0.007011 0.000000 -0.037246 0.930866 -0.363456 2.950000 -0.007010 0.363456 0.931585 0.000000 0.000000 0.000000 0.000000 1.000000
0.999292 0.036989 -0.006911 0.000000 -0.036989 0.931852 -0.360948 2.950000 -0.006911 0.360948 0.932560 0.000000 0.000000 0.000000 0.000000 1.000000
0.999299 0.036794 -0.006836 0.000000 -0.036794 0.932595 -0.359045 2.950000 -0.006835 0.359045 0.933295 0.000000 0.000000 0.000000 0.000000 1.000000
0.999305 0.036659 -0.006785 0.000000 -0.036659 0.933105 -0.357732 2.950000 -0.006784 0.357732 0.933800 0.000000 0.000000 0.000000 0.000000 1.000000
0.999313 0.036449 -0.006704 0.000000 -0.036449 0.933897 -0.355679 2.950000 -0.006703 0.355679 0.934584 -0.000000 0.000000 0.000000 0.000000 1.000000
0.999323 0.036185 -0.006604 0.000000 -0.036185 0.934884 -0.353104 2.950000 -0.006603 0.353104 0.935561 -0.000000 0.000000 0.000000 0.000000 1.000000
0.999332 0.035956 -0.006518 0.000000 -0.035956 0.935734 -0.350870 2.950000 -0.006517 0.350870 0.936402 0.000000 0.000000 0.000000 0.000000 1.000000
0.999338 0.035801 -0.006460 0.000000 -0.035801 0.936305 -0.349358 2.950000 -0.006459 0.349358 0.936967 -0.000000 0.000000 0.000000 0.000000 1.000000
0.999336 0.035850 -0.006478 -0.000000 -0.035850 0.936124 -0.349838 2.950000 -0.006477 0.349838 0.936788 0.000000 0.000000 0.000000 0.000000 1.000000
0.999335 0.035880 -0.006489 -0.000000 -0.035880 0.936014 -0.350128 2.950000 -0.006488 0.350128 0.936679 0.000000 0.000000 0.000000 0.000000 1.000000
0.999333 0.035937 -0.006511 0.000000 -0.035937 0.935803 -0.350687 2.950000 -0.006510 0.350687 0.936470 0.000000 0.000000 0.000000 0.000000 1.000000</float_array>
        <technique_common>
          <accessor source="#mixamorig_LeftHandMiddle3-Matrix-animation-output-transform-array" count="37" stride="16">
            <param type="float4x4"/>
          </accessor>
        </technique_common>
      </source>
      <source id="mixamorig_LeftHandMiddle3-Interpolations">
        <Name_array id="mixamorig_LeftHandMiddle3-Interpolations-array" count="37">
 LINEAR LINEAR LINEAR LINEAR LINEAR LINEAR LINEAR LINEAR LINEAR LINEAR LINEAR
LINEAR LINEAR LINEAR LINEAR LINEAR LINEAR LINEAR LINEAR LINEAR LINEAR LINEAR LINEAR
LINEAR LINEAR LINEAR LINEAR LINEAR LINEAR LINEAR LINEAR LINEAR LINEAR LINEAR LINEAR
LINEAR LINEAR</Name_array>
        <technique_common>
          <accessor source="#mixamorig_LeftHandMiddle3-Interpolations-array" count="37">
            <param type="name"/>
          </accessor>
        </technique_common>
      </source>
      <sampler id="mixamorig_LeftHandMiddle3-Matrix-animation-transform">
        <input semantic="INPUT" source="#mixamorig_LeftHandMiddle3-Matrix-animation-input"/>
        <input semantic="OUTPUT" source="#mixamorig_LeftHandMiddle3-Matrix-animation-output-transform"/>
        <input semantic="INTERPOLATION" source="#mixamorig_LeftHandMiddle3-Interpolations"/>
      </sampler>
      <channel source="#mixamorig_LeftHandMiddle3-Matrix-animation-transform" target="mixamorig_LeftHandMiddle3/matrix"/>
    </animation>
    <animation id="mixamorig_LeftHandRing1-anim" name="mixamorig_LeftHandRing1">
      <source id="mixamorig_LeftHandRing1-Matrix-animation-input">
        <float_array id="mixamorig_LeftHandRing1-Matrix-animation-input-array" count="37">

0.000000 0.033333 0.066667 0.100000 0.133333 0.166667 0.200000 0.233333 0.266667 0.300000 0.333333 0.366667 0.400000 0.433333 0.466667 0.500000
0.533333 0.566667 0.600000 0.633333 0.666667 0.700000 0.733333 0.766667 0.800000 0.833333 0.866667 0.900000 0.933333 0.966667 1.000000 1.033333
1.066667 1.100000 1.133333 1.166667 1.200000</float_array>
        <technique_common>
          <accessor source="#mixamorig_LeftHandRing1-Matrix-animation-input-array" count="37">
            <param name="TIME" type="float"/>
          </accessor>
        </technique_common>
      </source>
      <source id="mixamorig_LeftHandRing1-Matrix-animation-output-transform">
        <float_array id="mixamorig_LeftHandRing1-Matrix-animation-output-transform-array" count="592">

0.984064 0.171329 -0.047593 1.865100 -0.162893 0.761254 -0.627661 9.104500 -0.071307 0.625411 0.777030 0.043000 0.000000 0.000000 0.000000 1.000000
0.984596 0.168071 -0.048201 1.865100 -0.160340 0.757980 -0.632264 9.104500 -0.069729 0.630253 0.773252 0.043000 0.000000 0.000000 0.000000 1.000000
0.984932 0.166167 -0.047935 1.865100 -0.158902 0.760112 -0.630063 9.104500 -0.068259 0.628187 0.775063 0.043000 0.000000 0.000000 0.000000 1.000000
0.984802 0.167105 -0.047337 1.865100 -0.159667 0.763807 -0.625384 9.104500 -0.068348 0.623438 0.778880 0.043000 0.000000 0.000000 0.000000 1.000000
0.983423 0.175205 -0.046718 1.865100 -0.165983 0.766085 -0.620938 9.104500 -0.073001 0.618399 0.782467 0.043000 0.000000 0.000000 0.000000 1.000000
0.981468 0.186134 -0.045553 1.865100 -0.174653 0.771078 -0.612320 9.104500 -0.078848 0.608928 0.789297 0.043000 0.000000 0.000000 0.000000 1.000000
0.980316 0.192501 -0.043870 1.865100 -0.180023 0.780264 -0.598982 9.104500 -0.081075 0.595089 0.799560 0.043000 0.000000 0.000000 0.000000 1.000000
0.979971 0.194534 -0.042573 1.865100 -0.181963 0.787897 -0.588309 9.104500 -0.080903 0.584272 0.807515 0.043000 0.000000 0.000000 0.000000 1.000000
0.981036 0.189227 -0.041980 1.865100 -0.177877 0.792894 -0.582820 9.104500 -0.077000 0.579234 0.811516 0.043000 0.000000 0.000000 0.000000 1.000000
0.982063 0.183804 -0.042049 1.865100 -0.173523 0.793770 -0.582940 9.104500 -0.073770 0.579781 0.811426 0.043000 0.000000 0.000000 0.000000 1.000000
0.982455 0.181544 -0.042706 1.865100 -0.171591 0.790190 -0.588350 9.104500 -0.073066 0.585356 0.807478 0.043000 0.000000 0.000000 0.000000 1.000000
0.982715 0.179840 -0.043917 1.865100 -0.170027 0.782968 -0.598375 9.104500 -0.073226 0.595499 0.800012 0.043000 0.000000 0.000000 0.000000 1.000000
0.983197 0.176863 -0.045210 1.865100 -0.167481 0.775407 -0.608846 9.104500 -0.072626 0.606187 0.791999 0.043000 0.000000 0.000000 0.000000 1.000000
0.983697 0.173952 -0.045610 1.865100 -0.165152 0.773490 -0.611914 9.104500 -0.071165 0.609470 0.789608 0.043000 0.000000 0.000000 0.000000 1.000000
0.984642 0.168479 -0.045779 1.865100 -0.160863 0.773588 -0.612932 9.104500 -0.067852 0.610882 0.788808 0.043000 0.000000 0.000000 0.000000 1.000000
0.986054 0.159939 -0.046004 1.865100 -0.154184 0.773885 -0.614271 9.104500 -0.062644 0.612798 0.787753 0.043000 0.000000 0.000000 0.000000 1.000000
0.987225 0.152464 -0.046276 1.865100 -0.148348 0.773582 -0.616088 9.104500 -0.058133 0.615082 0.786317 0.043000 0.000000 0.000000 0.000000 1.000000
0.987604 0.149920 -0.046494 1.865100 -0.146370 0.772640 -0.617740 9.104500 -0.056689 0.616888 0.785007 0.043000 0.000000 0.000000 0.000000 1.000000
0.987985 0.147359 -0.046593 1.865100 -0.144379 0.772467 -0.618425 9.104500 -0.055139 0.617722 0.784461 0.043000 0.000000 0.000000 0.000000 1.000000
0.988253 0.145433 -0.046951 1.865100 -0.142901 0.770499 -0.621217 9.104500 -0.054170 0.620630 0.782230 0.043000 0.000000 0.000000 0.000000 1.000000
0.988538 0.143385 -0.047249 1.865100 -0.141333 0.768925 -0.623522 9.104500 -0.053073 0.623053 0.780377 0.043000 0.000000 0.000000 0.000000 1.000000
0.988732 0.141954 -0.047508 1.865100 -0.140246 0.767487 -0.625536 9.104500 -0.052336 0.625151 0.778747 0.043000 0.000000 0.000000 0.000000 1.000000
0.988560 0.143175 -0.047436 1.865100 -0.141185 0.767743 -0.625010 9.104500 -0.053067 0.624557 0.779174 0.043000 0.000000 0.000000 0.000000 1.000000
0.988558 0.143237 -0.047287 1.865100 -0.141221 0.768700 -0.623824 9.104500 -0.053005 0.623365 0.780133 0.043000 0.000000 0.000000 0.000000 1.000000
0.988804 0.141511 -0.047336 1.865100 -0.139888 0.768679 -0.624151 9.104500 -0.051938 0.623785 0.779869 0.043000 0.000000 0.000000 0.000000 1.000000
0.988879 0.141003 -0.047286 1.865100 -0.139490 0.769094 -0.623729 9.104500 -0.051581 0.623388 0.780209 0.043000 0.000000 0.000000 0.000000 1.000000
0.988391 0.144515 -0.046895 1.865100 -0.142185 0.771029 -0.620724 9.104500 -0.053547 0.620185 0.782626 0.043000 0.000000 0.000000 0.000000 1.000000
0.987056 0.153604 -0.046105 1.865100 -0.149237 0.774470 -0.614755 9.104500 -0.058722 0.613679 0.787369 0.043000 0.000000 0.000000 0.000000 1.000000
0.985855 0.161232 -0.045755 1.865100 -0.155203 0.775225 -0.612322 9.104500 -0.063255 0.610762 0.789283 0.043000 0.000000 0.000000 0.000000 1.000000
0.985206 0.165106 -0.045934 1.865100 -0.158219 0.773289 -0.613995 9.104500 -0.065854 0.612179 0.787972 0.043000 0.000000 0.000000 0.000000 1.000000
0.984620 0.168512 -0.046126 1.865100 -0.160857 0.771343 -0.615756 9.104500 -0.068183 0.613705 0.786586 0.043000 0.000000 0.000000 0.000000 1.000000
0.983789 0.173236 -0.046362 1.865100 -0.164502 0.768810 -0.617956 9.104500 -0.071409 0.615565 0.784845 0.043000 0.000000 0.000000 0.000000 1.000000
0.983357 0.175576 -0.046721 1.865100 -0.166268 0.765976 -0.620995 9.104500 -0.073244 0.618428 0.782421 0.043000 0.000000 0.000000 0.000000 1.000000
0.983640 0.173930 -0.046921 1.865100 -0.164971 0.765045 -0.622487 9.104500 -0.072372 0.620044 0.781222 0.043000 0.000000 0.000000 0.000000 1.000000
0.983929 0.172211 -0.047187 1.865100 -0.163614 0.763700 -0.624494 9.104500 -0.071508 0.622179 0.779603 0.043000 0.000000 0.000000 0.000000 1.000000
0.984145 0.170883 -0.047509 1.865100 -0.162558 0.761893 -0.626972 9.104500 -0.070942 0.624754 0.777592 0.043000 0.000000 0.000000 0.000000 1.000000
0.984064 0.171329 -0.047593 1.865100 -0.162893 0.761254 -0.627661 9.104500 -0.071307 0.625411 0.777031 0.043000 0.000000 0.000000 0.000000 1.000000</float_array>
        <technique_common>
          <accessor source="#mixamorig_LeftHandRing1-Matrix-animation-output-transform-array" count="37" stride="16">
            <param type="float4x4"/>
          </accessor>
        </technique_common>
      </source>
      <source id="mixamorig_LeftHandRing1-Interpolations">
        <Name_array id="mixamorig_LeftHandRing1-Interpolations-array" count="37">
 LINEAR LINEAR LINEAR LINEAR LINEAR LINEAR LINEAR LINEAR LINEAR LINEAR LINEAR
LINEAR LINEAR LINEAR LINEAR LINEAR LINEAR LINEAR LINEAR LINEAR LINEAR LINEAR LINEAR
LINEAR LINEAR LINEAR LINEAR LINEAR LINEAR LINEAR LINEAR LINEAR LINEAR LINEAR LINEAR
LINEAR LINEAR</Name_array>
        <technique_common>
          <accessor source="#mixamorig_LeftHandRing1-Interpolations-array" count="37">
            <param type="name"/>
          </accessor>
        </technique_common>
      </source>
      <sampler id="mixamorig_LeftHandRing1-Matrix-animation-transform">
        <input semantic="INPUT" source="#mixamorig_LeftHandRing1-Matrix-animation-input"/>
        <input semantic="OUTPUT" source="#mixamorig_LeftHandRing1-Matrix-animation-output-transform"/>
        <input semantic="INTERPOLATION" source="#mixamorig_LeftHandRing1-Interpolations"/>
      </sampler>
      <channel source="#mixamorig_LeftHandRing1-Matrix-animation-transform" target="mixamorig_LeftHandRing1/matrix"/>
    </animation>
    <animation id="mixamorig_LeftHandRing2-anim" name="mixamorig_LeftHandRing2">
      <source id="mixamorig_LeftHandRing2-Matrix-animation-input">
        <float_array id="mixamorig_LeftHandRing2-Matrix-animation-input-array" count="37">

0.000000 0.033333 0.066667 0.100000 0.133333 0.166667 0.200000 0.233333 0.266667 0.300000 0.333333 0.366667 0.400000 0.433333 0.466667 0.500000
0.533333 0.566667 0.600000 0.633333 0.666667 0.700000 0.733333 0.766667 0.800000 0.833333 0.866667 0.900000 0.933333 0.966667 1.000000 1.033333
1.066667 1.100000 1.133333 1.166667 1.200000</float_array>
        <technique_common>
          <accessor source="#mixamorig_LeftHandRing2-Matrix-animation-input-array" count="37">
            <param name="TIME" type="float"/>
          </accessor>
        </technique_common>
      </source>
      <source id="mixamorig_LeftHandRing2-Matrix-animation-output-transform">
        <float_array id="mixamorig_LeftHandRing2-Matrix-animation-output-transform-array" count="592">

0.997410 0.067342 -0.025279 -0.000000 -0.067343 0.750743 -0.657152 3.150000 -0.025276 0.657152 0.753334 -0.000000 0.000000 0.000000 0.000000 1.000000
0.997410 0.067336 -0.025273 0.000000 -0.067337 0.750801 -0.657087 3.150000 -0.025271 0.657087 0.753391 0.000000 0.000000 0.000000 0.000000 1.000000
0.997429 0.067126 -0.025090 0.000000 -0.067127 0.752603 -0.655044 3.150000 -0.025088 0.655044 0.755174 0.000000 0.000000 0.000000 0.000000 1.000000
0.997445 0.066943 -0.024931 0.000000 -0.066944 0.754176 -0.653251 3.150000 -0.024928 0.653251 0.756731 -0.000000 0.000000 0.000000 0.000000 1.000000
0.997470 0.066668 -0.024693 0.000000 -0.066669 0.756515 -0.650569 3.150000 -0.024691 0.650569 0.759046 0.000000 0.000000 0.000000 0.000000 1.000000
0.997518 0.066113 -0.024220 -0.000000 -0.066114 0.761184 -0.645157 3.150000 -0.024218 0.645158 0.763666 -0.000000 0.000000 0.000000 0.000000 1.000000
0.997536 0.065910 -0.024048 0.000000 -0.065911 0.762876 -0.643176 3.150000 -0.024046 0.643176 0.765341 -0.000000 0.000000 0.000000 0.000000 1.000000
0.997532 0.065948 -0.024080 0.000000 -0.065949 0.762564 -0.643542 3.150000 -0.024078 0.643542 0.765032 0.000000 0.000000 0.000000 0.000000 1.000000
0.997530 0.065979 -0.024106 0.000000 -0.065980 0.762302 -0.643849 3.150000 -0.024104 0.643849 0.764773 0.000000 0.000000 0.000000 0.000000 1.000000
0.997520 0.066087 -0.024198 0.000000 -0.066088 0.761401 -0.644904 3.150000 -0.024196 0.644904 0.763880 0.000000 0.000000 0.000000 0.000000 1.000000
0.997522 0.066064 -0.024178 -0.000000 -0.066065 0.761594 -0.644678 3.150000 -0.024176 0.644678 0.764072 0.000000 0.000000 0.000000 0.000000 1.000000
0.997544 0.065811 -0.023965 0.000000 -0.065812 0.763701 -0.642207 3.150000 -0.023963 0.642207 0.766156 0.000000 0.000000 0.000000 0.000000 1.000000
0.997550 0.065744 -0.023908 -0.000000 -0.065745 0.764256 -0.641553 3.150000 -0.023906 0.641553 0.766706 -0.000000 0.000000 0.000000 0.000000 1.000000
0.997537 0.065901 -0.024040 -0.000000 -0.065902 0.762953 -0.643086 3.150000 -0.024038 0.643086 0.765417 0.000000 0.000000 0.000000 0.000000 1.000000
0.997516 0.066133 -0.024236 0.000000 -0.066133 0.761022 -0.645346 3.150000 -0.024234 0.645346 0.763506 0.000000 0.000000 0.000000 0.000000 1.000000
0.997481 0.066535 -0.024579 0.000000 -0.066535 0.757642 -0.649270 3.150000 -0.024577 0.649270 0.760161 -0.000000 0.000000 0.000000 0.000000 1.000000
0.997456 0.066827 -0.024830 -0.000000 -0.066828 0.755164 -0.652120 3.150000 -0.024828 0.652120 0.757709 0.000000 0.000000 0.000000 0.000000 1.000000
0.997432 0.067091 -0.025059 0.000000 -0.067092 0.752906 -0.654700 3.150000 -0.025057 0.654700 0.755474 -0.000000 0.000000 0.000000 0.000000 1.000000
0.997393 0.067530 -0.025443 -0.000000 -0.067530 0.749124 -0.658979 3.150000 -0.025441 0.658979 0.751731 -0.000000 0.000000 0.000000 0.000000 1.000000
0.997361 0.067883 -0.025756 -0.000000 -0.067884 0.746040 -0.662432 3.150000 -0.025753 0.662432 0.748679 -0.000000 0.000000 0.000000 0.000000 1.000000
0.997350 0.067999 -0.025858 0.000000 -0.067999 0.745032 -0.663553 3.150000 -0.025856 0.663553 0.747682 0.000000 0.000000 0.000000 0.000000 1.000000
0.997325 0.068273 -0.026103 -0.000000 -0.068274 0.742614 -0.666231 3.150000 -0.026101 0.666231 0.745289 0.000000 0.000000 0.000000 0.000000 1.000000
0.997297 0.068576 -0.026376 0.000000 -0.068577 0.739919 -0.669191 3.150000 -0.026374 0.669191 0.742622 0.000000 0.000000 0.000000 0.000000 1.000000
0.997302 0.068526 -0.026331 0.000000 -0.068527 0.740366 -0.668702 3.150000 -0.026329 0.668702 0.743064 0.000000 0.000000 0.000000 0.000000 1.000000
0.997317 0.068357 -0.026179 0.000000 -0.068358 0.741867 -0.667053 3.150000 -0.026177 0.667053 0.744550 0.000000 0.000000 0.000000 0.000000 1.000000
0.997342 0.068084 -0.025934 0.000000 -0.068085 0.744277 -0.664391 3.150000 -0.025932 0.664391 0.746935 0.000000 0.000000 0.000000 0.000000 1.000000
0.997362 0.067865 -0.025739 0.000000 -0.067865 0.746205 -0.662248 3.150000 -0.025737 0.662248 0.748842 -0.000000 0.000000 0.000000 0.000000 1.000000
0.997403 0.067418 -0.025345 -0.000000 -0.067419 0.750088 -0.657893 3.150000 -0.025343 0.657893 0.752685 -0.000000 0.000000 0.000000 0.000000 1.000000
0.997445 0.066947 -0.024934 0.000000 -0.066947 0.754142 -0.653290 3.150000 -0.024932 0.653290 0.756697 -0.000000 0.000000 0.000000 0.000000 1.000000
0.997457 0.066816 -0.024821 0.000000 -0.066817 0.755259 -0.652011 3.150000 -0.024819 0.652011 0.757803 0.000000 0.000000 0.000000 0.000000 1.000000
0.997457 0.066814 -0.024819 0.000000 -0.066814 0.755277 -0.651991 3.150000 -0.024817 0.651992 0.757820 -0.000000 0.000000 0.000000 0.000000 1.000000
0.997448 0.066909 -0.024901 0.000000 -0.066910 0.754465 -0.652921 3.150000 -0.024899 0.652921 0.757016 -0.000000 0.000000 0.000000 0.000000 1.000000
0.997437 0.067041 -0.025016 -0.000000 -0.067042 0.753336 -0.654209 3.150000 -0.025014 0.654209 0.755900 0.000000 0.000000 0.000000 0.000000 1.000000
0.997421 0.067218 -0.025170 0.000000 -0.067219 0.751816 -0.655938 3.150000 -0.025168 0.655938 0.754395 0.000000 0.000000 0.000000 0.000000 1.000000
0.997416 0.067270 -0.025215 0.000000 -0.067271 0.751368 -0.656445 3.150000 -0.025213 0.656445 0.753952 0.000000 0.000000 0.000000 0.000000 1.000000
0.997410 0.067337 -0.025274 0.000000 -0.067338 0.750790 -0.657100 3.150000 -0.025272 0.657100 0.753380 0.000000 0.000000 0.000000 0.000000 1.000000
0.997410 0.067343 -0.025279 0.000000 -0.067344 0.750739 -0.657158 3.150000 -0.025277 0.657158 0.753329 0.000000 0.000000 0.000000 0.000000 1.000000</float_array>
        <technique_common>
          <accessor source="#mixamorig_LeftHandRing2-Matrix-animation-output-transform-array" count="37" stride="16">
            <param type="float4x4"/>
          </accessor>
        </technique_common>
      </source>
      <source id="mixamorig_LeftHandRing2-Interpolations">
        <Name_array id="mixamorig_LeftHandRing2-Interpolations-array" count="37">
 LINEAR LINEAR LINEAR LINEAR LINEAR LINEAR LINEAR LINEAR LINEAR LINEAR LINEAR
LINEAR LINEAR LINEAR LINEAR LINEAR LINEAR LINEAR LINEAR LINEAR LINEAR LINEAR LINEAR
LINEAR LINEAR LINEAR LINEAR LINEAR LINEAR LINEAR LINEAR LINEAR LINEAR LINEAR LINEAR
LINEAR LINEAR</Name_array>
        <technique_common>
          <accessor source="#mixamorig_LeftHandRing2-Interpolations-array" count="37">
            <param type="name"/>
          </accessor>
        </technique_common>
      </source>
      <sampler id="mixamorig_LeftHandRing2-Matrix-animation-transform">
        <input semantic="INPUT" source="#mixamorig_LeftHandRing2-Matrix-animation-input"/>
        <input semantic="OUTPUT" source="#mixamorig_LeftHandRing2-Matrix-animation-output-transform"/>
        <input semantic="INTERPOLATION" source="#mixamorig_LeftHandRing2-Interpolations"/>
      </sampler>
      <channel source="#mixamorig_LeftHandRing2-Matrix-animation-transform" target="mixamorig_LeftHandRing2/matrix"/>
    </animation>
    <animation id="mixamorig_LeftHandRing3-anim" name="mixamorig_LeftHandRing3">
      <source id="mixamorig_LeftHandRing3-Matrix-animation-input">
        <float_array id="mixamorig_LeftHandRing3-Matrix-animation-input-array" count="37">

0.000000 0.033333 0.066667 0.100000 0.133333 0.166667 0.200000 0.233333 0.266667 0.300000 0.333333 0.366667 0.400000 0.433333 0.466667 0.500000
0.533333 0.566667 0.600000 0.633333 0.666667 0.700000 0.733333 0.766667 0.800000 0.833333 0.866667 0.900000 0.933333 0.966667 1.000000 1.033333
1.066667 1.100000 1.133333 1.166667 1.200000</float_array>
        <technique_common>
          <accessor source="#mixamorig_LeftHandRing3-Matrix-animation-input-array" count="37">
            <param name="TIME" type="float"/>
          </accessor>
        </technique_common>
      </source>
      <source id="mixamorig_LeftHandRing3-Matrix-animation-output-transform">
        <float_array id="mixamorig_LeftHandRing3-Matrix-animation-output-transform-array" count="592">

0.999605 0.027850 -0.003858 0.000000 -0.027850 0.961959 -0.271771 2.950000 -0.003858 0.271771 0.962354 0.000000 0.000000 0.000000 0.000000 1.000000
0.999600 0.027998 -0.003900 0.000000 -0.027998 0.961548 -0.273207 2.950000 -0.003899 0.273207 0.961947 0.000000 0.000000 0.000000 0.000000 1.000000
0.999597 0.028101 -0.003930 -0.000000 -0.028101 0.961256 -0.274222 2.950000 -0.003929 0.274222 0.961658 0.000000 0.000000 0.000000 0.000000 1.000000
0.999595 0.028181 -0.003952 0.000000 -0.028181 0.961031 -0.275000 2.950000 -0.003951 0.275000 0.961436 0.000000 0.000000 0.000000 0.000000 1.000000
0.999598 0.028075 -0.003922 -0.000000 -0.028075 0.961330 -0.273963 2.950000 -0.003921 0.273963 0.961732 0.000000 0.000000 0.000000 0.000000 1.000000
0.999605 0.027832 -0.003853 0.000000 -0.027833 0.962008 -0.271599 2.950000 -0.003852 0.271599 0.962403 0.000000 0.000000 0.000000 0.000000 1.000000
0.999613 0.027567 -0.003779 0.000000 -0.027567 0.962744 -0.269007 2.950000 -0.003778 0.269007 0.963131 0.000000 0.000000 0.000000 0.000000 1.000000
0.999619 0.027362 -0.003722 0.000000 -0.027362 0.963305 -0.267010 2.950000 -0.003721 0.267010 0.963687 0.000000 0.000000 0.000000 0.000000 1.000000
0.999621 0.027292 -0.003702 0.000000 -0.027292 0.963497 -0.266326 2.950000 -0.003701 0.266326 0.963876 0.000000 0.000000 0.000000 0.000000 1.000000
0.999621 0.027290 -0.003702 0.000000 -0.027290 0.963504 -0.266301 2.950000 -0.003701 0.266301 0.963883 0.000000 0.000000 0.000000 0.000000 1.000000
0.999619 0.027367 -0.003723 -0.000000 -0.027367 0.963292 -0.267056 2.950000 -0.003722 0.267056 0.963674 -0.000000 0.000000 0.000000 0.000000 1.000000
0.999613 0.027575 -0.003781 0.000000 -0.027575 0.962720 -0.269090 2.950000 -0.003780 0.269090 0.963107 0.000000 0.000000 0.000000 0.000000 1.000000
0.999604 0.027877 -0.003866 0.000000 -0.027877 0.961883 -0.272036 2.950000 -0.003865 0.272036 0.962279 0.000000 0.000000 0.000000 0.000000 1.000000
0.999598 0.028090 -0.003926 0.000000 -0.028090 0.961289 -0.274108 2.950000 -0.003926 0.274108 0.961691 0.000000 0.000000 0.000000 0.000000 1.000000
0.999592 0.028273 -0.003978 0.000000 -0.028273 0.960773 -0.275891 2.950000 -0.003978 0.275891 0.961181 0.000000 0.000000 0.000000 0.000000 1.000000
0.999588 0.028428 -0.004023 0.000000 -0.028428 0.960333 -0.277404 2.950000 -0.004022 0.277404 0.960745 0.000000 0.000000 0.000000 0.000000 1.000000
0.999588 0.028429 -0.004023 0.000000 -0.028429 0.960330 -0.277414 2.950000 -0.004023 0.277414 0.960742 0.000000 0.000000 0.000000 0.000000 1.000000
0.999587 0.028467 -0.004035 0.000000 -0.028468 0.960219 -0.277792 2.950000 -0.004034 0.277792 0.960633 0.000000 0.000000 0.000000 0.000000 1.000000
0.999587 0.028450 -0.004030 0.000000 -0.028451 0.960267 -0.277628 2.950000 -0.004029 0.277628 0.960680 0.000000 0.000000 0.000000 0.000000 1.000000
0.999588 0.028419 -0.004020 0.000000 -0.028419 0.960358 -0.277318 2.950000 -0.004020 0.277318 0.960770 0.000000 0.000000 0.000000 0.000000 1.000000
0.999588 0.028419 -0.004021 -0.000000 -0.028419 0.960357 -0.277320 2.950000 -0.004020 0.277320 0.960769 0.000000 0.000000 0.000000 0.000000 1.000000
0.999589 0.028374 -0.004008 0.000000 -0.028374 0.960484 -0.276887 2.950000 -0.004007 0.276887 0.960894 0.000000 0.000000 0.000000 0.000000 1.000000
0.999591 0.028302 -0.003987 -0.000000 -0.028302 0.960690 -0.276177 2.950000 -0.003986 0.276177 0.961098 0.000000 0.000000 0.000000 0.000000 1.000000
0.999590 0.028347 -0.004000 0.000000 -0.028347 0.960561 -0.276620 2.950000 -0.003999 0.276620 0.960971 0.000000 0.000000 0.000000 0.000000 1.000000
0.999588 0.028422 -0.004022 0.000000 -0.028423 0.960347 -0.277356 2.950000 -0.004021 0.277356 0.960759 0.000000 0.000000 0.000000 0.000000 1.000000
0.999585 0.028521 -0.004050 0.000000 -0.028521 0.960066 -0.278315 2.950000 -0.004049 0.278315 0.960481 0.000000 0.000000 0.000000 0.000000 1.000000
0.999585 0.028510 -0.004047 0.000000 -0.028510 0.960097 -0.278211 2.950000 -0.004046 0.278211 0.960512 0.000000 0.000000 0.000000 0.000000 1.000000
0.999593 0.028258 -0.003974 0.000000 -0.028258 0.960814 -0.275751 2.950000 -0.003974 0.275751 0.961221 0.000000 0.000000 0.000000 0.000000 1.000000
0.999591 0.028302 -0.003987 0.000000 -0.028302 0.960690 -0.276177 2.950000 -0.003986 0.276177 0.961099 0.000000 0.000000 0.000000 0.000000 1.000000
0.999593 0.028252 -0.003973 0.000000 -0.028253 0.960830 -0.275695 2.950000 -0.003972 0.275695 0.961237 0.000000 0.000000 0.000000 0.000000 1.000000
0.999595 0.028181 -0.003952 0.000000 -0.028182 0.961030 -0.275004 2.950000 -0.003952 0.275004 0.961435 0.000000 0.000000 0.000000 0.000000 1.000000
0.999599 0.028052 -0.003915 0.000000 -0.028052 0.961395 -0.273737 2.950000 -0.003915 0.273737 0.961796 -0.000000 0.000000 0.000000 0.000000 1.000000
0.999603 0.027891 -0.003870 0.000000 -0.027891 0.961845 -0.272171 2.950000 -0.003869 0.272171 0.962241 0.000000 0.000000 0.000000 0.000000 1.000000
0.999604 0.027883 -0.003867 0.000000 -0.027883 0.961868 -0.272089 2.950000 -0.003867 0.272089 0.962264 0.000000 0.000000 0.000000 0.000000 1.000000
0.999605 0.027850 -0.003858 0.000000 -0.027850 0.961960 -0.271768 2.950000 -0.003857 0.271768 0.962355 0.000000 0.000000 0.000000 0.000000 1.000000
0.999605 0.027850 -0.003858 0.000000 -0.027850 0.961960 -0.271768 2.950000 -0.003857 0.271768 0.962355 0.000000 0.000000 0.000000 0.000000 1.000000
0.999605 0.027850 -0.003858 0.000000 -0.027850 0.961960 -0.271768 2.950000 -0.003857 0.271768 0.962355 0.000000 0.000000 0.000000 0.000000 1.000000</float_array>
        <technique_common>
          <accessor source="#mixamorig_LeftHandRing3-Matrix-animation-output-transform-array" count="37" stride="16">
            <param type="float4x4"/>
          </accessor>
        </technique_common>
      </source>
      <source id="mixamorig_LeftHandRing3-Interpolations">
        <Name_array id="mixamorig_LeftHandRing3-Interpolations-array" count="37">
 LINEAR LINEAR LINEAR LINEAR LINEAR LINEAR LINEAR LINEAR LINEAR LINEAR LINEAR
LINEAR LINEAR LINEAR LINEAR LINEAR LINEAR LINEAR LINEAR LINEAR LINEAR LINEAR LINEAR
LINEAR LINEAR LINEAR LINEAR LINEAR LINEAR LINEAR LINEAR LINEAR LINEAR LINEAR LINEAR
LINEAR LINEAR</Name_array>
        <technique_common>
          <accessor source="#mixamorig_LeftHandRing3-Interpolations-array" count="37">
            <param type="name"/>
          </accessor>
        </technique_common>
      </source>
      <sampler id="mixamorig_LeftHandRing3-Matrix-animation-transform">
        <input semantic="INPUT" source="#mixamorig_LeftHandRing3-Matrix-animation-input"/>
        <input semantic="OUTPUT" source="#mixamorig_LeftHandRing3-Matrix-animation-output-transform"/>
        <input semantic="INTERPOLATION" source="#mixamorig_LeftHandRing3-Interpolations"/>
      </sampler>
      <channel source="#mixamorig_LeftHandRing3-Matrix-animation-transform" target="mixamorig_LeftHandRing3/matrix"/>
    </animation>
    <animation id="mixamorig_LeftHandPinky1-anim" name="mixamorig_LeftHandPinky1">
      <source id="mixamorig_LeftHandPinky1-Matrix-animation-input">
        <float_array id="mixamorig_LeftHandPinky1-Matrix-animation-input-array" count="37">

0.000000 0.033333 0.066667 0.100000 0.133333 0.166667 0.200000 0.233333 0.266667 0.300000 0.333333 0.366667 0.400000 0.433333 0.466667 0.500000
0.533333 0.566667 0.600000 0.633333 0.666667 0.700000 0.733333 0.766667 0.800000 0.833333 0.866667 0.900000 0.933333 0.966667 1.000000 1.033333
1.066667 1.100000 1.133333 1.166667 1.200000</float_array>
        <technique_common>
          <accessor source="#mixamorig_LeftHandPinky1-Matrix-animation-input-array" count="37">
            <param name="TIME" type="float"/>
          </accessor>
        </technique_common>
      </source>
      <source id="mixamorig_LeftHandPinky1-Matrix-animation-output-transform">
        <float_array id="mixamorig_LeftHandPinky1-Matrix-animation-output-transform-array" count="592">

0.991680 0.120518 -0.045225 3.806300 -0.124063 0.801142 -0.585473 8.077800 -0.034328 0.586213 0.809429 0.486900 0.000000 0.000000 0.000000 1.000000
0.991980 0.117935 -0.045458 3.806300 -0.122034 0.800043 -0.587400 8.077800 -0.032906 0.588237 0.808019 0.486900 0.000000 0.000000 0.000000 1.000000
0.992163 0.116588 -0.044950 3.806300 -0.120823 0.803418 -0.583027 8.077800 -0.031861 0.583889 0.811208 0.486900 0.000000 0.000000 0.000000 1.000000
0.991999 0.118184 -0.044385 3.806300 -0.121962 0.806369 -0.578700 8.077800 -0.032603 0.579483 0.814332 0.486900 0.000000 0.000000 0.000000 1.000000
0.991396 0.123304 -0.043925 3.806300 -0.125881 0.806153 -0.578163 8.077800 -0.035879 0.578718 0.814738 0.486900 0.000000 0.000000 0.000000 1.000000
0.990536 0.130290 -0.043158 3.806300 -0.131210 0.806635 -0.576303 8.077800 -0.040274 0.576511 0.816096 0.486900 0.000000 0.000000 0.000000 1.000000
0.990181 0.133457 -0.041614 3.806300 -0.133462 0.813895 -0.565476 8.077800 -0.041597 0.565478 0.823714 0.486900 0.000000 0.000000 0.000000 1.000000
0.990437 0.131919 -0.040401 3.806300 -0.132071 0.821863 -0.554165 8.077800 -0.039901 0.554201 0.831426 0.486900 0.000000 0.000000 0.000000 1.000000
0.991287 0.125450 -0.040148 3.806300 -0.126843 0.827033 -0.547656 8.077800 -0.035500 0.547976 0.835740 0.486900 0.000000 0.000000 0.000000 1.000000
0.991936 0.120150 -0.040328 3.806300 -0.122598 0.828996 -0.545651 8.077800 -0.032129 0.546195 0.837042 0.486900 0.000000 0.000000 0.000000 1.000000
0.992153 0.118140 -0.040932 3.806300 -0.121097 0.826537 -0.549702 8.077800 -0.031110 0.550345 0.834358 0.486900 0.000000 0.000000 0.000000 1.000000
0.992062 0.118519 -0.042027 3.806300 -0.121650 0.819889 -0.559449 8.077800 -0.031847 0.560120 0.827799 0.486900 0.000000 0.000000 0.000000 1.000000
0.991869 0.119766 -0.043042 3.806300 -0.122890 0.813413 -0.568557 8.077800 -0.033082 0.569224 0.821517 0.486900 0.000000 0.000000 0.000000 1.000000
0.991946 0.119046 -0.043247 3.806300 -0.122367 0.812619 -0.569803 8.077800 -0.032689 0.570506 0.820642 0.486900 0.000000 0.000000 0.000000 1.000000
0.992283 0.116159 -0.043364 3.806300 -0.120101 0.813556 -0.568949 8.077800 -0.030809 0.569767 0.821229 0.486900 0.000000 0.000000 0.000000 1.000000
0.992861 0.111020 -0.043609 3.806300 -0.116067 0.814981 -0.567745 8.077800 -0.027491 0.568754 0.822048 0.486900 0.000000 0.000000 0.000000 1.000000
0.993359 0.106335 -0.043936 3.806300 -0.112412 0.815629 -0.567550 8.077800 -0.024515 0.568720 0.822166 0.486900 0.000000 0.000000 0.000000 1.000000
0.993485 0.105129 -0.043983 3.806300 -0.111462 0.816074 -0.567097 8.077800 -0.023725 0.568305 0.822476 0.486900 0.000000 0.000000 0.000000 1.000000
0.993546 0.104572 -0.043956 3.806300 -0.111004 0.816515 -0.566552 8.077800 -0.023355 0.567774 0.822853 0.486900 0.000000 0.000000 0.000000 1.000000
0.993753 0.102494 -0.044163 3.806300 -0.109399 0.816355 -0.567095 8.077800 -0.022071 0.568383 0.822468 0.486900 0.000000 0.000000 0.000000 1.000000
0.993967 0.100328 -0.044324 3.806300 -0.107711 0.816559 -0.567125 8.077800 -0.020705 0.568477 0.822438 0.486900 0.000000 0.000000 0.000000 1.000000
0.993962 0.100340 -0.044391 3.806300 -0.107744 0.816151 -0.567705 8.077800 -0.020734 0.569060 0.822035 0.486900 0.000000 0.000000 0.000000 1.000000
0.993729 0.102730 -0.044144 3.806300 -0.109582 0.816310 -0.567124 8.077800 -0.022225 0.568405 0.822448 0.486900 0.000000 0.000000 0.000000 1.000000
0.993663 0.103410 -0.044054 3.806300 -0.110098 0.816467 -0.566799 8.077800 -0.022644 0.568057 0.822678 0.486900 0.000000 0.000000 0.000000 1.000000
0.994055 0.099471 -0.044271 3.806300 -0.106999 0.817292 -0.566202 8.077800 -0.020138 0.567573 0.823077 0.486900 0.000000 0.000000 0.000000 1.000000
0.994221 0.097758 -0.044372 3.806300 -0.105653 0.817602 -0.566008 8.077800 -0.019054 0.567425 0.823205 0.486900 0.000000 0.000000 0.000000 1.000000
0.993841 0.101635 -0.044165 3.806300 -0.108706 0.816743 -0.566669 8.077800 -0.021522 0.567979 0.822761 0.486900 0.000000 0.000000 0.000000 1.000000
0.992944 0.110259 -0.043649 3.806300 -0.115467 0.815110 -0.567682 8.077800 -0.027013 0.568716 0.822090 0.486900 0.000000 0.000000 0.000000 1.000000
0.992451 0.114708 -0.043399 3.806300 -0.118952 0.814135 -0.568361 8.077800 -0.029863 0.569233 0.821634 0.486900 0.000000 0.000000 0.000000 1.000000
0.992170 0.117043 -0.043582 3.806300 -0.120857 0.811758 -0.571351 8.077800 -0.031495 0.572144 0.819548 0.486900 0.000000 0.000000 0.000000 1.000000
0.991812 0.120007 -0.043678 3.806300 -0.123229 0.809527 -0.574004 8.077800 -0.033526 0.574686 0.817687 0.486900 0.000000 0.000000 0.000000 1.000000
0.991229 0.124690 -0.043785 3.806300 -0.126943 0.806237 -0.577813 8.077800 -0.036746 0.578303 0.814994 0.486900 0.000000 0.000000 0.000000 1.000000
0.991069 0.125795 -0.044248 3.806300 -0.127902 0.802842 -0.582311 8.077800 -0.037728 0.582770 0.811761 0.486900 0.000000 0.000000 0.000000 1.000000
0.991352 0.123380 -0.044698 3.806300 -0.126110 0.801527 -0.584509 8.077800 -0.036290 0.585091 0.810155 0.486900 0.000000 0.000000 0.000000 1.000000
0.991567 0.121581 -0.044876 3.806300 -0.124720 0.801106 -0.585384 8.077800 -0.035221 0.586044 0.809514 0.486900 0.000000 0.000000 0.000000 1.000000
0.991686 0.120562 -0.044983 3.806300 -0.123922 0.800578 -0.586275 8.077800 -0.034670 0.586976 0.808862 0.486900 0.000000 0.000000 0.000000 1.000000
0.991695 0.120519 -0.044894 3.806300 -0.123868 0.801144 -0.585513 8.077800 -0.034599 0.586212 0.809419 0.486900 0.000000 0.000000 0.000000 1.000000</float_array>
        <technique_common>
          <accessor source="#mixamorig_LeftHandPinky1-Matrix-animation-output-transform-array" count="37" stride="16">
            <param type="float4x4"/>
          </accessor>
        </technique_common>
      </source>
      <source id="mixamorig_LeftHandPinky1-Interpolations">
        <Name_array id="mixamorig_LeftHandPinky1-Interpolations-array" count="37">
 LINEAR LINEAR LINEAR LINEAR LINEAR LINEAR LINEAR LINEAR LINEAR LINEAR LINEAR
LINEAR LINEAR LINEAR LINEAR LINEAR LINEAR LINEAR LINEAR LINEAR LINEAR LINEAR LINEAR
LINEAR LINEAR LINEAR LINEAR LINEAR LINEAR LINEAR LINEAR LINEAR LINEAR LINEAR LINEAR
LINEAR LINEAR</Name_array>
        <technique_common>
          <accessor source="#mixamorig_LeftHandPinky1-Interpolations-array" count="37">
            <param type="name"/>
          </accessor>
        </technique_common>
      </source>
      <sampler id="mixamorig_LeftHandPinky1-Matrix-animation-transform">
        <input semantic="INPUT" source="#mixamorig_LeftHandPinky1-Matrix-animation-input"/>
        <input semantic="OUTPUT" source="#mixamorig_LeftHandPinky1-Matrix-animation-output-transform"/>
        <input semantic="INTERPOLATION" source="#mixamorig_LeftHandPinky1-Interpolations"/>
      </sampler>
      <channel source="#mixamorig_LeftHandPinky1-Matrix-animation-transform" target="mixamorig_LeftHandPinky1/matrix"/>
    </animation>
    <animation id="mixamorig_LeftHandPinky2-anim" name="mixamorig_LeftHandPinky2">
      <source id="mixamorig_LeftHandPinky2-Matrix-animation-input">
        <float_array id="mixamorig_LeftHandPinky2-Matrix-animation-input-array" count="37">

0.000000 0.033333 0.066667 0.100000 0.133333 0.166667 0.200000 0.233333 0.266667 0.300000 0.333333 0.366667 0.400000 0.433333 0.466667 0.500000
0.533333 0.566667 0.600000 0.633333 0.666667 0.700000 0.733333 0.766667 0.800000 0.833333 0.866667 0.900000 0.933333 0.966667 1.000000 1.033333
1.066667 1.100000 1.133333 1.166667 1.200000</float_array>
        <technique_common>
          <accessor source="#mixamorig_LeftHandPinky2-Matrix-animation-input-array" count="37">
            <param name="TIME" type="float"/>
          </accessor>
        </technique_common>
      </source>
      <source id="mixamorig_LeftHandPinky2-Matrix-animation-output-transform">
        <float_array id="mixamorig_LeftHandPinky2-Matrix-animation-output-transform-array" count="592">

0.998734 0.048768 -0.012358 0.000000 -0.048768 0.878150 -0.475892 3.600000 -0.012356 0.475892 0.879417 0.000000 0.000000 0.000000 0.000000 1.000000
0.998735 0.048749 -0.012348 -0.000000 -0.048750 0.878248 -0.475714 3.600000 -0.012346 0.475714 0.879513 0.000000 0.000000 0.000000 0.000000 1.000000
0.998758 0.048331 -0.012122 0.000000 -0.048331 0.880473 -0.471626 3.600000 -0.012121 0.471626 0.881715 -0.000000 0.000000 0.000000 0.000000 1.000000
0.998772 0.048063 -0.011980 0.000000 -0.048064 0.881880 -0.469018 3.600000 -0.011978 0.469018 0.883107 0.000000 0.000000 0.000000 0.000000 1.000000
0.998776 0.048001 -0.011947 0.000000 -0.048002 0.882206 -0.468411 3.600000 -0.011945 0.468411 0.883430 -0.000000 0.000000 0.000000 0.000000 1.000000
0.998778 0.047970 -0.011930 0.000000 -0.047971 0.882367 -0.468110 3.600000 -0.011929 0.468110 0.883590 -0.000000 0.000000 0.000000 0.000000 1.000000
0.998771 0.048098 -0.011998 0.000000 -0.048099 0.881696 -0.469359 3.600000 -0.011997 0.469359 0.882926 0.000000 0.000000 0.000000 0.000000 1.000000
0.998770 0.048111 -0.012005 0.000000 -0.048111 0.881632 -0.469478 3.600000 -0.012003 0.469478 0.882862 0.000000 0.000000 0.000000 0.000000 1.000000
0.998770 0.048102 -0.012000 0.000000 -0.048103 0.881675 -0.469400 3.600000 -0.011999 0.469400 0.882904 -0.000000 0.000000 0.000000 0.000000 1.000000
0.998755 0.048380 -0.012149 0.000000 -0.048381 0.880210 -0.472111 3.600000 -0.012147 0.472111 0.881455 -0.000000 0.000000 0.000000 0.000000 1.000000
0.998757 0.048347 -0.012131 0.000000 -0.048348 0.880385 -0.471789 3.600000 -0.012130 0.471789 0.881628 0.000000 0.000000 0.000000 0.000000 1.000000
0.998782 0.047889 -0.011887 0.000000 -0.047889 0.882792 -0.467316 3.600000 -0.011886 0.467316 0.884010 -0.000000 0.000000 0.000000 0.000000 1.000000
0.998789 0.047765 -0.011821 -0.000000 -0.047766 0.883437 -0.466108 3.600000 -0.011820 0.466108 0.884649 0.000000 0.000000 0.000000 0.000000 1.000000
0.998787 0.047795 -0.011837 0.000000 -0.047796 0.883281 -0.466401 3.600000 -0.011836 0.466401 0.884494 0.000000 0.000000 0.000000 0.000000 1.000000
0.998786 0.047813 -0.011847 -0.000000 -0.047814 0.883186 -0.466579 3.600000 -0.011846 0.466579 0.884400 0.000000 0.000000 0.000000 0.000000 1.000000
0.998785 0.047833 -0.011857 0.000000 -0.047833 0.883086 -0.466767 3.600000 -0.011856 0.466767 0.884301 0.000000 0.000000 0.000000 0.000000 1.000000
0.998785 0.047837 -0.011859 0.000000 -0.047837 0.883063 -0.466809 3.600000 -0.011858 0.466809 0.884279 0.000000 0.000000 0.000000 0.000000 1.000000
0.998778 0.047968 -0.011928 -0.000000 -0.047968 0.882382 -0.468083 3.600000 -0.011927 0.468083 0.883604 0.000000 0.000000 0.000000 0.000000 1.000000
0.998759 0.048309 -0.012111 0.000000 -0.048309 0.880587 -0.471415 3.600000 -0.012109 0.471415 0.881828 -0.000000 0.000000 0.000000 0.000000 1.000000
0.998750 0.048478 -0.012201 0.000000 -0.048478 0.879693 -0.473064 3.600000 -0.012200 0.473065 0.880943 0.000000 0.000000 0.000000 0.000000 1.000000
0.998750 0.048478 -0.012202 0.000000 -0.048479 0.879691 -0.473069 3.600000 -0.012200 0.473069 0.880941 -0.000000 0.000000 0.000000 0.000000 1.000000
0.998750 0.048481 -0.012203 0.000000 -0.048482 0.879675 -0.473098 3.600000 -0.012202 0.473098 0.880925 -0.000000 0.000000 0.000000 0.000000 1.000000
0.998746 0.048550 -0.012240 0.000000 -0.048550 0.879311 -0.473768 3.600000 -0.012239 0.473768 0.880565 0.000000 0.000000 0.000000 0.000000 1.000000
0.998739 0.048670 -0.012305 0.000000 -0.048670 0.878671 -0.474941 3.600000 -0.012303 0.474941 0.879931 0.000000 0.000000 0.000000 0.000000 1.000000
0.998750 0.048474 -0.012199 -0.000000 -0.048474 0.879715 -0.473025 3.600000 -0.012198 0.473025 0.880965 0.000000 0.000000 0.000000 0.000000 1.000000
0.998759 0.048310 -0.012111 0.000000 -0.048310 0.880582 -0.471424 3.600000 -0.012109 0.471424 0.881824 0.000000 0.000000 0.000000 0.000000 1.000000
0.998775 0.048014 -0.011953 0.000000 -0.048014 0.882138 -0.468537 3.600000 -0.011952 0.468537 0.883363 0.000000 0.000000 0.000000 0.000000 1.000000
0.998780 0.047932 -0.011910 0.000000 -0.047932 0.882569 -0.467733 3.600000 -0.011908 0.467733 0.883790 0.000000 0.000000 0.000000 0.000000 1.000000
0.998796 0.047626 -0.011748 0.000000 -0.047626 0.884162 -0.464747 3.600000 -0.011747 0.464747 0.885365 0.000000 0.000000 0.000000 0.000000 1.000000
0.998796 0.047633 -0.011752 0.000000 -0.047633 0.884124 -0.464818 3.600000 -0.011751 0.464818 0.885328 0.000000 0.000000 0.000000 0.000000 1.000000
0.998785 0.047831 -0.011856 0.000000 -0.047831 0.883098 -0.466745 3.600000 -0.011855 0.466745 0.884313 -0.000000 0.000000 0.000000 0.000000 1.000000
0.998761 0.048270 -0.012090 0.000000 -0.048271 0.880792 -0.471036 3.600000 -0.012088 0.471036 0.882031 -0.000000 0.000000 0.000000 0.000000 1.000000
0.998754 0.048392 -0.012155 0.000000 -0.048392 0.880149 -0.472224 3.600000 -0.012154 0.472224 0.881395 0.000000 0.000000 0.000000 0.000000 1.000000
0.998752 0.048438 -0.012180 0.000000 -0.048438 0.879905 -0.472674 3.600000 -0.012178 0.472674 0.881153 -0.000000 0.000000 0.000000 0.000000 1.000000
0.998742 0.048613 -0.012274 0.000000 -0.048613 0.878977 -0.474380 3.600000 -0.012273 0.474380 0.880234 0.000000 0.000000 0.000000 0.000000 1.000000
0.998733 0.048776 -0.012362 -0.000000 -0.048777 0.878105 -0.475976 3.600000 -0.012361 0.475976 0.879372 0.000000 0.000000 0.000000 0.000000 1.000000
0.998734 0.048768 -0.012358 -0.000000 -0.048768 0.878150 -0.475892 3.600000 -0.012356 0.475892 0.879417 0.000000 0.000000 0.000000 0.000000 1.000000</float_array>
        <technique_common>
          <accessor source="#mixamorig_LeftHandPinky2-Matrix-animation-output-transform-array" count="37" stride="16">
            <param type="float4x4"/>
          </accessor>
        </technique_common>
      </source>
      <source id="mixamorig_LeftHandPinky2-Interpolations">
        <Name_array id="mixamorig_LeftHandPinky2-Interpolations-array" count="37">
 LINEAR LINEAR LINEAR LINEAR LINEAR LINEAR LINEAR LINEAR LINEAR LINEAR LINEAR
LINEAR LINEAR LINEAR LINEAR LINEAR LINEAR LINEAR LINEAR LINEAR LINEAR LINEAR LINEAR
LINEAR LINEAR LINEAR LINEAR LINEAR LINEAR LINEAR LINEAR LINEAR LINEAR LINEAR LINEAR
LINEAR LINEAR</Name_array>
        <technique_common>
          <accessor source="#mixamorig_LeftHandPinky2-Interpolations-array" count="37">
            <param type="name"/>
          </accessor>
        </technique_common>
      </source>
      <sampler id="mixamorig_LeftHandPinky2-Matrix-animation-transform">
        <input semantic="INPUT" source="#mixamorig_LeftHandPinky2-Matrix-animation-input"/>
        <input semantic="OUTPUT" source="#mixamorig_LeftHandPinky2-Matrix-animation-output-transform"/>
        <input semantic="INTERPOLATION" source="#mixamorig_LeftHandPinky2-Interpolations"/>
      </sampler>
      <channel source="#mixamorig_LeftHandPinky2-Matrix-animation-transform" target="mixamorig_LeftHandPinky2/matrix"/>
    </animation>
    <animation id="mixamorig_LeftHandPinky3-anim" name="mixamorig_LeftHandPinky3">
      <source id="mixamorig_LeftHandPinky3-Matrix-animation-input">
        <float_array id="mixamorig_LeftHandPinky3-Matrix-animation-input-array" count="37">

0.000000 0.033333 0.066667 0.100000 0.133333 0.166667 0.200000 0.233333 0.266667 0.300000 0.333333 0.366667 0.400000 0.433333 0.466667 0.500000
0.533333 0.566667 0.600000 0.633333 0.666667 0.700000 0.733333 0.766667 0.800000 0.833333 0.866667 0.900000 0.933333 0.966667 1.000000 1.033333
1.066667 1.100000 1.133333 1.166667 1.200000</float_array>
        <technique_common>
          <accessor source="#mixamorig_LeftHandPinky3-Matrix-animation-input-array" count="37">
            <param name="TIME" type="float"/>
          </accessor>
        </technique_common>
      </source>
      <source id="mixamorig_LeftHandPinky3-Matrix-animation-output-transform">
        <float_array id="mixamorig_LeftHandPinky3-Matrix-animation-output-transform-array" count="592">

0.999383 0.034614 -0.006025 0.000000 -0.034614 0.940592 -0.337770 2.100000 -0.006024 0.337770 0.941209 0.000000 0.000000 0.000000 0.000000 1.000000
0.999377 0.034757 -0.006077 -0.000000 -0.034757 0.940083 -0.339170 2.100000 -0.006076 0.339170 0.940705 0.000000 0.000000 0.000000 0.000000 1.000000
0.999373 0.034868 -0.006117 0.000000 -0.034868 0.939687 -0.340254 2.100000 -0.006116 0.340254 0.940314 0.000000 0.000000 0.000000 0.000000 1.000000
0.999372 0.034904 -0.006130 0.000000 -0.034905 0.939557 -0.340608 2.100000 -0.006129 0.340608 0.940185 0.000000 0.000000 0.000000 0.000000 1.000000
0.999377 0.034753 -0.006076 0.000000 -0.034754 0.940095 -0.339136 2.100000 -0.006075 0.339136 0.940718 0.000000 0.000000 0.000000 0.000000 1.000000
0.999386 0.034528 -0.005994 0.000000 -0.034528 0.940896 -0.336931 2.100000 -0.005993 0.336931 0.941510 0.000000 0.000000 0.000000 0.000000 1.000000
0.999394 0.034301 -0.005914 -0.000000 -0.034302 0.941691 -0.334726 2.100000 -0.005913 0.334726 0.942297 0.000000 0.000000 0.000000 0.000000 1.000000
0.999398 0.034202 -0.005878 0.000000 -0.034202 0.942040 -0.333754 2.100000 -0.005877 0.333754 0.942642 0.000000 0.000000 0.000000 0.000000 1.000000
0.999397 0.034232 -0.005889 0.000000 -0.034232 0.941935 -0.334046 2.100000 -0.005888 0.334046 0.942539 0.000000 0.000000 0.000000 0.000000 1.000000
0.999395 0.034264 -0.005900 -0.000000 -0.034264 0.941823 -0.334359 2.100000 -0.005899 0.334359 0.942427 -0.000000 0.000000 0.000000 0.000000 1.000000
0.999393 0.034329 -0.005923 0.000000 -0.034329 0.941596 -0.334990 2.100000 -0.005922 0.334990 0.942203 0.000000 0.000000 0.000000 0.000000 1.000000
0.999389 0.034447 -0.005966 0.000000 -0.034447 0.941181 -0.336141 2.100000 -0.005964 0.336141 0.941793 0.000000 0.000000 0.000000 0.000000 1.000000
0.999384 0.034583 -0.006014 -0.000000 -0.034583 0.940701 -0.337470 2.100000 -0.006013 0.337470 0.941317 0.000000 0.000000 0.000000 0.000000 1.000000
0.999381 0.034664 -0.006043 0.000000 -0.034664 0.940414 -0.338260 2.100000 -0.006042 0.338260 0.941033 0.000000 0.000000 0.000000 0.000000 1.000000
0.999376 0.034786 -0.006087 0.000000 -0.034786 0.939980 -0.339453 2.100000 -0.006086 0.339453 0.940603 0.000000 0.000000 0.000000 0.000000 1.000000
0.999369 0.034982 -0.006158 0.000000 -0.034982 0.939280 -0.341363 2.100000 -0.006157 0.341363 0.939911 0.000000 0.000000 0.000000 0.000000 1.000000
0.999363 0.035139 -0.006216 0.000000 -0.035139 0.938714 -0.342902 2.100000 -0.006214 0.342902 0.939351 0.000000 0.000000 0.000000 0.000000 1.000000
0.999362 0.035157 -0.006222 -0.000000 -0.035157 0.938650 -0.343075 2.100000 -0.006221 0.343075 0.939288 -0.000000 0.000000 0.000000 0.000000 1.000000
0.999360 0.035224 -0.006247 0.000000 -0.035224 0.938409 -0.343727 2.100000 -0.006246 0.343727 0.939049 0.000000 0.000000 0.000000 0.000000 1.000000
0.999357 0.035289 -0.006270 -0.000000 -0.035289 0.938175 -0.344359 2.100000 -0.006269 0.344359 0.938817 0.000000 0.000000 0.000000 0.000000 1.000000
0.999357 0.035304 -0.006276 0.000000 -0.035304 0.938119 -0.344509 2.100000 -0.006275 0.344509 0.938762 -0.000000 0.000000 0.000000 0.000000 1.000000
0.999358 0.035288 -0.006270 0.000000 -0.035288 0.938178 -0.344351 2.100000 -0.006269 0.344351 0.938820 0.000000 0.000000 0.000000 0.000000 1.000000
0.999360 0.035212 -0.006243 0.000000 -0.035213 0.938450 -0.343615 2.100000 -0.006241 0.343615 0.939090 -0.000000 0.000000 0.000000 0.000000 1.000000
0.999360 0.035233 -0.006250 -0.000000 -0.035234 0.938375 -0.343818 2.100000 -0.006249 0.343818 0.939015 0.000000 0.000000 0.000000 0.000000 1.000000
0.999355 0.035347 -0.006292 0.000000 -0.035348 0.937962 -0.344931 2.100000 -0.006291 0.344931 0.938607 -0.000000 0.000000 0.000000 0.000000 1.000000
0.999354 0.035383 -0.006305 0.000000 -0.035383 0.937834 -0.345276 2.100000 -0.006304 0.345276 0.938480 0.000000 0.000000 0.000000 0.000000 1.000000
0.999356 0.035315 -0.006280 0.000000 -0.035315 0.938079 -0.344616 2.100000 -0.006279 0.344616 0.938723 0.000000 0.000000 0.000000 0.000000 1.000000
0.999366 0.035061 -0.006187 -0.000000 -0.035061 0.938997 -0.342133 2.100000 -0.006186 0.342133 0.939631 0.000000 0.000000 0.000000 0.000000 1.000000
0.999372 0.034897 -0.006128 0.000000 -0.034897 0.939583 -0.340537 2.100000 -0.006126 0.340537 0.940211 -0.000000 0.000000 0.000000 0.000000 1.000000
0.999373 0.034876 -0.006120 0.000000 -0.034876 0.939657 -0.340335 2.100000 -0.006119 0.340335 0.940284 0.000000 0.000000 0.000000 0.000000 1.000000
0.999376 0.034804 -0.006094 0.000000 -0.034804 0.939915 -0.339631 2.100000 -0.006093 0.339631 0.940539 -0.000000 0.000000 0.000000 0.000000 1.000000
0.999382 0.034637 -0.006033 0.000000 -0.034637 0.940509 -0.337997 2.100000 -0.006033 0.337997 0.941128 -0.000000 0.000000 0.000000 0.000000 1.000000
0.999385 0.034559 -0.006006 0.000000 -0.034559 0.940784 -0.337239 2.100000 -0.006005 0.337239 0.941400 0.000000 0.000000 0.000000 0.000000 1.000000
0.999386 0.034532 -0.005996 0.000000 -0.034532 0.940881 -0.336974 2.100000 -0.005995 0.336974 0.941495 0.000000 0.000000 0.000000 0.000000 1.000000
0.999385 0.034558 -0.006006 -0.000000 -0.034559 0.940787 -0.337233 2.100000 -0.006004 0.337233 0.941402 0.000000 0.000000 0.000000 0.000000 1.000000
0.999386 0.034523 -0.005993 0.000000 -0.034524 0.940910 -0.336892 2.100000 -0.005992 0.336892 0.941524 0.000000 0.000000 0.000000 0.000000 1.000000
0.999383 0.034614 -0.006025 0.000000 -0.034614 0.940592 -0.337770 2.100000 -0.006024 0.337770 0.941209 0.000000 0.000000 0.000000 0.000000 1.000000</float_array>
        <technique_common>
          <accessor source="#mixamorig_LeftHandPinky3-Matrix-animation-output-transform-array" count="37" stride="16">
            <param type="float4x4"/>
          </accessor>
        </technique_common>
      </source>
      <source id="mixamorig_LeftHandPinky3-Interpolations">
        <Name_array id="mixamorig_LeftHandPinky3-Interpolations-array" count="37">
 LINEAR LINEAR LINEAR LINEAR LINEAR LINEAR LINEAR LINEAR LINEAR LINEAR LINEAR
LINEAR LINEAR LINEAR LINEAR LINEAR LINEAR LINEAR LINEAR LINEAR LINEAR LINEAR LINEAR
LINEAR LINEAR LINEAR LINEAR LINEAR LINEAR LINEAR LINEAR LINEAR LINEAR LINEAR LINEAR
LINEAR LINEAR</Name_array>
        <technique_common>
          <accessor source="#mixamorig_LeftHandPinky3-Interpolations-array" count="37">
            <param type="name"/>
          </accessor>
        </technique_common>
      </source>
      <sampler id="mixamorig_LeftHandPinky3-Matrix-animation-transform">
        <input semantic="INPUT" source="#mixamorig_LeftHandPinky3-Matrix-animation-input"/>
        <input semantic="OUTPUT" source="#mixamorig_LeftHandPinky3-Matrix-animation-output-transform"/>
        <input semantic="INTERPOLATION" source="#mixamorig_LeftHandPinky3-Interpolations"/>
      </sampler>
      <channel source="#mixamorig_LeftHandPinky3-Matrix-animation-transform" target="mixamorig_LeftHandPinky3/matrix"/>
    </animation>
    <animation id="mixamorig_RightUpLeg-anim" name="mixamorig_RightUpLeg">
      <source id="mixamorig_RightUpLeg-Matrix-animation-input">
        <float_array id="mixamorig_RightUpLeg-Matrix-animation-input-array" count="37">

0.000000 0.033333 0.066667 0.100000 0.133333 0.166667 0.200000 0.233333 0.266667 0.300000 0.333333 0.366667 0.400000 0.433333 0.466667 0.500000
0.533333 0.566667 0.600000 0.633333 0.666667 0.700000 0.733333 0.766667 0.800000 0.833333 0.866667 0.900000 0.933333 0.966667 1.000000 1.033333
1.066667 1.100000 1.133333 1.166667 1.200000</float_array>
        <technique_common>
          <accessor source="#mixamorig_RightUpLeg-Matrix-animation-input-array" count="37">
            <param name="TIME" type="float"/>
          </accessor>
        </technique_common>
      </source>
      <source id="mixamorig_RightUpLeg-Matrix-animation-output-transform">
        <float_array id="mixamorig_RightUpLeg-Matrix-animation-output-transform-array" count="592">

-0.978669 -0.071295 -0.192675 -8.207800 0.052515 -0.993511 0.100883 -6.771800 -0.198618 0.088612 0.976063 -1.512200 0.000000 0.000000 0.000000 1.000000
-0.977325 -0.073557 -0.198559 -8.207800 0.062724 -0.996207 0.060314 -6.771800 -0.202242 0.046491 0.978231 -1.512200 0.000000 0.000000 0.000000 1.000000
-0.975454 -0.078929 -0.205570 -8.207800 0.076100 -0.996865 0.021645 -6.771800 -0.206634 0.005470 0.978403 -1.512200 0.000000 0.000000 0.000000 1.000000
-0.971791 -0.086369 -0.219459 -8.207800 0.093749 -0.995320 -0.023418 -6.771800 -0.216409 -0.043331 0.975341 -1.512200 0.000000 0.000000 0.000000 1.000000
-0.969006 -0.098178 -0.226692 -8.207800 0.105008 -0.994304 -0.018237 -6.771800 -0.223610 -0.041476 0.973796 -1.512200 0.000000 0.000000 0.000000 1.000000
-0.968401 -0.091778 -0.231896 -8.207800 0.107099 -0.992762 -0.054341 -6.771800 -0.225231 -0.077460 0.971221 -1.512200 0.000000 0.000000 0.000000 1.000000
-0.965508 -0.088986 -0.244697 -8.207800 0.120977 -0.985501 -0.118960 -6.771800 -0.230563 -0.144460 0.962274 -1.512200 0.000000 0.000000 0.000000 1.000000
-0.960563 -0.094015 -0.261686 -8.207800 0.144421 -0.972897 -0.180595 -6.771800 -0.237615 -0.211265 0.948107 -1.512200 0.000000 0.000000 0.000000 1.000000
-0.957036 -0.093336 -0.274538 -8.207800 0.167019 -0.951387 -0.258781 -6.771800 -0.237038 -0.293516 0.926100 -1.512200 0.000000 0.000000 0.000000 1.000000
-0.953864 -0.095203 -0.284744 -8.207800 0.191799 -0.922871 -0.333950 -6.771800 -0.230989 -0.373157 0.898553 -1.512200 0.000000 0.000000 0.000000 1.000000
-0.954037 -0.113296 -0.277449 -8.207800 0.206555 -0.919356 -0.334843 -6.771800 -0.217138 -0.376761 0.900501 -1.512200 0.000000 0.000000 0.000000 1.000000
-0.962590 -0.132854 -0.236159 -8.207800 0.190391 -0.951765 -0.240612 -6.771800 -0.192802 -0.276573 0.941454 -1.512200 0.000000 0.000000 0.000000 1.000000
-0.971241 -0.139685 -0.192819 -8.207800 0.167931 -0.975971 -0.138851 -6.771800 -0.168790 -0.167238 0.971361 -1.512200 0.000000 0.000000 0.000000 1.000000
-0.979040 -0.134777 -0.152698 -8.207800 0.141494 -0.989356 -0.033963 -6.771800 -0.146495 -0.054856 0.987689 -1.512200 0.000000 0.000000 0.000000 1.000000
-0.985930 -0.112325 -0.123791 -8.207800 0.104547 -0.992216 0.067653 -6.771800 -0.130426 0.053759 0.989999 -1.512200 0.000000 0.000000 0.000000 1.000000
-0.989583 -0.090716 -0.111783 -8.207800 0.071789 -0.984006 0.163028 -6.771800 -0.124784 0.153305 0.980269 -1.512200 0.000000 0.000000 0.000000 1.000000
-0.991470 -0.079991 -0.102898 -8.207800 0.051993 -0.966711 0.250531 -6.771800 -0.119513 0.243044 0.962625 -1.512200 0.000000 0.000000 0.000000 1.000000
-0.993259 -0.072284 -0.090613 -8.207800 0.038727 -0.943764 0.328344 -6.771800 -0.109252 0.322621 0.940202 -1.512200 0.000000 0.000000 0.000000 1.000000
-0.994023 -0.073292 -0.080908 -8.207800 0.035932 -0.919487 0.391476 -6.771800 -0.103086 0.386229 0.916625 -1.512200 0.000000 0.000000 0.000000 1.000000
-0.993374 -0.084964 -0.077389 -8.207800 0.043603 -0.901665 0.430232 -6.771800 -0.106334 0.424007 0.899395 -1.512200 0.000000 0.000000 0.000000 1.000000
-0.992094 -0.097794 -0.078655 -8.207800 0.053972 -0.898282 0.436092 -6.771800 -0.113302 0.428399 0.896458 -1.512200 0.000000 0.000000 0.000000 1.000000
-0.990154 -0.113992 -0.081251 -8.207800 0.066755 -0.894679 0.441694 -6.771800 -0.123043 0.431921 0.893479 -1.512200 0.000000 0.000000 0.000000 1.000000
-0.985782 -0.143369 -0.087633 -8.207800 0.082189 -0.866295 0.492725 -6.771800 -0.146558 0.478517 0.865761 -1.512200 0.000000 0.000000 0.000000 1.000000
-0.980021 -0.172546 -0.098926 -8.207800 0.090331 -0.829260 0.551514 -6.771800 -0.177197 0.531560 0.828279 -1.512200 0.000000 0.000000 0.000000 1.000000
-0.981601 -0.168588 -0.089651 -8.207800 0.089540 -0.821106 0.563709 -6.771800 -0.168648 0.545310 0.821094 -1.512200 0.000000 0.000000 0.000000 1.000000
-0.983248 -0.157095 -0.092439 -8.207800 0.084109 -0.840960 0.534521 -6.771800 -0.161708 0.517792 0.840085 -1.512200 0.000000 0.000000 0.000000 1.000000
-0.985523 -0.138638 -0.097586 -8.207800 0.075583 -0.874510 0.479082 -6.771800 -0.151759 0.464771 0.872329 -1.512200 0.000000 0.000000 0.000000 1.000000
-0.987889 -0.120898 -0.097261 -8.207800 0.069131 -0.904115 0.421659 -6.771800 -0.138913 0.409828 0.901523 -1.512200 0.000000 0.000000 0.000000 1.000000
-0.986608 -0.120053 -0.110419 -8.207800 0.062186 -0.902680 0.425795 -6.771800 -0.150791 0.413226 0.898057 -1.512200 0.000000 0.000000 0.000000 1.000000
-0.987155 -0.105101 -0.120327 -8.207800 0.045138 -0.905939 0.420996 -6.771800 -0.153256 0.410157 0.899046 -1.512200 0.000000 0.000000 0.000000 1.000000
-0.990513 -0.074324 -0.115587 -8.207800 0.023841 -0.921304 0.388111 -6.771800 -0.135336 0.381674 0.914335 -1.512200 0.000000 0.000000 0.000000 1.000000
-0.990932 -0.059051 -0.120690 -8.207800 0.013971 -0.938661 0.344558 -6.771800 -0.133633 0.339747 0.930975 -1.512200 0.000000 0.000000 0.000000 1.000000
-0.989474 -0.057679 -0.132721 -8.207800 0.014537 -0.952112 0.305403 -6.771800 -0.143980 0.300259 0.942929 -1.512200 0.000000 0.000000 0.000000 1.000000
-0.987191 -0.062738 -0.146690 -8.207800 0.022368 -0.964782 0.262097 -6.771800 -0.157967 0.255458 0.953828 -1.512200 0.000000 0.000000 0.000000 1.000000
-0.984153 -0.070785 -0.162582 -8.207800 0.033974 -0.975153 0.218912 -6.771800 -0.174038 0.209919 0.962104 -1.512200 0.000000 0.000000 0.000000 1.000000
-0.981104 -0.079151 -0.176551 -8.207800 0.046114 -0.981858 0.183927 -6.771800 -0.187906 0.172310 0.966954 -1.512200 0.000000 0.000000 0.000000 1.000000
-0.978297 -0.087424 -0.187860 -8.207800 0.058416 -0.986225 0.154750 -6.771800 -0.198801 0.140418 0.969928 -1.512200 0.000000 0.000000 0.000000 1.000000</float_array>
        <technique_common>
          <accessor source="#mixamorig_RightUpLeg-Matrix-animation-output-transform-array" count="37" stride="16">
            <param type="float4x4"/>
          </accessor>
        </technique_common>
      </source>
      <source id="mixamorig_RightUpLeg-Interpolations">
        <Name_array id="mixamorig_RightUpLeg-Interpolations-array" count="37">
 LINEAR LINEAR LINEAR LINEAR LINEAR LINEAR LINEAR LINEAR LINEAR LINEAR LINEAR
LINEAR LINEAR LINEAR LINEAR LINEAR LINEAR LINEAR LINEAR LINEAR LINEAR LINEAR LINEAR
LINEAR LINEAR LINEAR LINEAR LINEAR LINEAR LINEAR LINEAR LINEAR LINEAR LINEAR LINEAR
LINEAR LINEAR</Name_array>
        <technique_common>
          <accessor source="#mixamorig_RightUpLeg-Interpolations-array" count="37">
            <param type="name"/>
          </accessor>
        </technique_common>
      </source>
      <sampler id="mixamorig_RightUpLeg-Matrix-animation-transform">
        <input semantic="INPUT" source="#mixamorig_RightUpLeg-Matrix-animation-input"/>
        <input semantic="OUTPUT" source="#mixamorig_RightUpLeg-Matrix-animation-output-transform"/>
        <input semantic="INTERPOLATION" source="#mixamorig_RightUpLeg-Interpolations"/>
      </sampler>
      <channel source="#mixamorig_RightUpLeg-Matrix-animation-transform" target="mixamorig_RightUpLeg/matrix"/>
    </animation>
    <animation id="mixamorig_RightLeg-anim" name="mixamorig_RightLeg">
      <source id="mixamorig_RightLeg-Matrix-animation-input">
        <float_array id="mixamorig_RightLeg-Matrix-animation-input-array" count="37">

0.000000 0.033333 0.066667 0.100000 0.133333 0.166667 0.200000 0.233333 0.266667 0.300000 0.333333 0.366667 0.400000 0.433333 0.466667 0.500000
0.533333 0.566667 0.600000 0.633333 0.666667 0.700000 0.733333 0.766667 0.800000 0.833333 0.866667 0.900000 0.933333 0.966667 1.000000 1.033333
1.066667 1.100000 1.133333 1.166667 1.200000</float_array>
        <technique_common>
          <accessor source="#mixamorig_RightLeg-Matrix-animation-input-array" count="37">
            <param name="TIME" type="float"/>
          </accessor>
        </technique_common>
      </source>
      <source id="mixamorig_RightLeg-Matrix-animation-output-transform">
        <float_array id="mixamorig_RightLeg-Matrix-animation-output-transform-array" count="592">

0.997051 -0.022124 -0.073485 0.000000 0.047633 0.929186 0.366530 44.371498 0.060172 -0.368949 0.927500 0.000000 0.000000 0.000000 0.000000 1.000000
0.997105 -0.018644 -0.073720 0.000000 0.043923 0.932597 0.358235 44.371498 0.062072 -0.360436 0.930716 0.000000 0.000000 0.000000 0.000000 1.000000
0.997722 -0.014935 -0.065789 0.000000 0.037069 0.936147 0.349650 44.371498 0.056366 -0.351292 0.934568 0.000000 0.000000 0.000000 0.000000 1.000000
0.998231 -0.017804 -0.056732 -0.000000 0.036022 0.940181 0.338767 44.371498 0.047307 -0.340211 0.939158 0.000000 0.000000 0.000000 0.000000 1.000000
0.998461 -0.022876 -0.050513 0.000000 0.043188 0.892168 0.449635 44.371498 0.034781 -0.451125 0.891783 0.000000 0.000000 0.000000 0.000000 1.000000
0.998257 -0.024279 -0.053793 0.000000 0.047619 0.869788 0.491123 44.371498 0.034864 -0.492828 0.869428 0.000000 0.000000 0.000000 0.000000 1.000000
0.996680 -0.027357 -0.076690 0.000000 0.059946 0.883933 0.463756 44.371498 0.055102 -0.466813 0.882638 0.000000 0.000000 0.000000 0.000000 1.000000
0.993527 -0.027969 -0.110103 0.000000 0.073116 0.899217 0.431349 44.371498 0.086942 -0.436607 0.895441 0.000000 0.000000 0.000000 0.000000 1.000000
0.991658 -0.013126 -0.128226 0.000000 0.060769 0.924913 0.375291 44.371498 0.113672 -0.379953 0.917995 -0.000000 0.000000 0.000000 0.000000 1.000000
0.991810 0.013632 -0.126993 -0.000000 0.026168 0.951506 0.306516 44.371498 0.125013 -0.307329 0.943356 -0.000000 0.000000 0.000000 0.000000 1.000000
0.992740 0.043069 -0.112307 0.000000 -0.002969 0.942185 0.335081 44.371498 0.120246 -0.332315 0.935472 0.000000 0.000000 0.000000 0.000000 1.000000
0.995782 0.069642 -0.059738 0.000000 -0.025901 0.837949 0.545133 44.371498 0.088021 -0.541286 0.836219 0.000000 0.000000 0.000000 0.000000 1.000000
0.996878 0.077967 -0.012455 0.000000 -0.045975 0.701448 0.711236 44.371498 0.064189 -0.708443 0.702843 0.000000 0.000000 0.000000 0.000000 1.000000
0.997100 0.074055 0.017523 0.000000 -0.056907 0.572718 0.817775 44.371498 0.050525 -0.816400 0.575272 0.000000 0.000000 0.000000 0.000000 1.000000
0.997550 0.061206 0.033879 0.000000 -0.059739 0.493287 0.867813 44.371498 0.036403 -0.867711 0.495735 0.000000 0.000000 0.000000 0.000000 1.000000
0.998512 0.044468 0.031561 0.000000 -0.048789 0.470051 0.881290 44.371498 0.024354 -0.881518 0.471521 -0.000000 0.000000 0.000000 0.000000 1.000000
0.999041 0.033562 0.028117 0.000000 -0.040973 0.490261 0.870612 44.371498 0.015434 -0.870929 0.491166 0.000000 0.000000 0.000000 0.000000 1.000000
0.998865 0.030608 0.036492 0.000000 -0.047307 0.548780 0.834627 44.371498 0.005520 -0.835407 0.549605 0.000000 0.000000 0.000000 0.000000 1.000000
0.997782 0.032719 0.057978 0.000000 -0.065445 0.641671 0.764182 44.371498 -0.012200 -0.766281 0.642389 0.000000 0.000000 0.000000 0.000000 1.000000
0.994328 0.038082 0.099306 0.000000 -0.093311 0.760417 0.642697 44.371498 -0.051039 -0.648318 0.759657 0.000000 0.000000 0.000000 0.000000 1.000000
0.989421 0.047116 0.137209 0.000000 -0.103633 0.891400 0.441209 44.371498 -0.101520 -0.450761 0.886853 0.000000 0.000000 0.000000 0.000000 1.000000
0.988370 0.055191 0.141700 0.000000 -0.086882 0.969700 0.228325 44.371498 -0.124805 -0.237981 0.963218 0.000000 0.000000 0.000000 0.000000 1.000000
0.990340 0.040190 0.132707 0.000000 -0.056804 0.990669 0.123890 44.371498 -0.126489 -0.130232 0.983382 0.000000 0.000000 0.000000 0.000000 1.000000
0.998376 0.003075 0.056881 -0.000000 -0.010444 0.991497 0.129710 44.371498 -0.055999 -0.130094 0.989919 0.000000 0.000000 0.000000 0.000000 1.000000
0.999353 0.006459 -0.035377 -0.000000 -0.001672 0.991017 0.133727 44.371498 0.035923 -0.133581 0.990387 0.000000 0.000000 0.000000 0.000000 1.000000
0.996292 0.004967 -0.085888 0.000000 0.006731 0.990771 0.135382 44.371498 0.085768 -0.135458 0.987064 0.000000 0.000000 0.000000 0.000000 1.000000
0.995719 0.010076 -0.091880 0.000000 0.002848 0.990224 0.139456 44.371498 0.092387 -0.139121 0.985956 0.000000 0.000000 0.000000 0.000000 1.000000
0.998336 0.024012 -0.052421 0.000000 -0.016087 0.989054 0.146676 44.371498 0.055369 -0.145588 0.987795 0.000000 0.000000 0.000000 0.000000 1.000000
0.999218 0.004937 -0.039220 -0.000000 0.005428 0.965634 0.259849 44.371498 0.039155 -0.259858 0.964853 0.000000 0.000000 0.000000 0.000000 1.000000
0.998873 -0.013006 -0.045647 0.000000 0.028375 0.934569 0.354648 44.371498 0.038048 -0.355543 0.933885 0.000000 0.000000 0.000000 0.000000 1.000000
0.999117 -0.005657 -0.041643 -0.000000 0.022086 0.913706 0.405775 44.371498 0.035754 -0.406336 0.913024 0.000000 0.000000 0.000000 0.000000 1.000000
0.998921 -0.003105 -0.046348 0.000000 0.022610 0.904102 0.426718 44.371498 0.040578 -0.427305 0.903196 0.000000 0.000000 0.000000 0.000000 1.000000
0.998229 -0.006518 -0.059124 0.000000 0.031406 0.901897 0.430809 44.371498 0.050515 -0.431903 0.900505 -0.000000 0.000000 0.000000 0.000000 1.000000
0.997789 -0.010228 -0.065663 -0.000000 0.037419 0.903033 0.427938 44.371498 0.054919 -0.429449 0.901420 -0.000000 0.000000 0.000000 0.000000 1.000000
0.997548 -0.014873 -0.068389 0.000000 0.042821 0.902620 0.428304 44.371498 0.055359 -0.430182 0.901043 0.000000 0.000000 0.000000 0.000000 1.000000
0.996959 -0.018720 -0.075651 0.000000 0.050079 0.897656 0.437842 44.371498 0.059712 -0.440299 0.895863 0.000000 0.000000 0.000000 0.000000 1.000000
0.996636 -0.022849 -0.078703 -0.000000 0.056011 0.890954 0.450625 44.371498 0.059824 -0.453518 0.889237 0.000000 0.000000 0.000000 0.000000 1.000000</float_array>
        <technique_common>
          <accessor source="#mixamorig_RightLeg-Matrix-animation-output-transform-array" count="37" stride="16">
            <param type="float4x4"/>
          </accessor>
        </technique_common>
      </source>
      <source id="mixamorig_RightLeg-Interpolations">
        <Name_array id="mixamorig_RightLeg-Interpolations-array" count="37">
 LINEAR LINEAR LINEAR LINEAR LINEAR LINEAR LINEAR LINEAR LINEAR LINEAR LINEAR
LINEAR LINEAR LINEAR LINEAR LINEAR LINEAR LINEAR LINEAR LINEAR LINEAR LINEAR LINEAR
LINEAR LINEAR LINEAR LINEAR LINEAR LINEAR LINEAR LINEAR LINEAR LINEAR LINEAR LINEAR
LINEAR LINEAR</Name_array>
        <technique_common>
          <accessor source="#mixamorig_RightLeg-Interpolations-array" count="37">
            <param type="name"/>
          </accessor>
        </technique_common>
      </source>
      <sampler id="mixamorig_RightLeg-Matrix-animation-transform">
        <input semantic="INPUT" source="#mixamorig_RightLeg-Matrix-animation-input"/>
        <input semantic="OUTPUT" source="#mixamorig_RightLeg-Matrix-animation-output-transform"/>
        <input semantic="INTERPOLATION" source="#mixamorig_RightLeg-Interpolations"/>
      </sampler>
      <channel source="#mixamorig_RightLeg-Matrix-animation-transform" target="mixamorig_RightLeg/matrix"/>
    </animation>
    <animation id="mixamorig_RightFoot-anim" name="mixamorig_RightFoot">
      <source id="mixamorig_RightFoot-Matrix-animation-input">
        <float_array id="mixamorig_RightFoot-Matrix-animation-input-array" count="37">

0.000000 0.033333 0.066667 0.100000 0.133333 0.166667 0.200000 0.233333 0.266667 0.300000 0.333333 0.366667 0.400000 0.433333 0.466667 0.500000
0.533333 0.566667 0.600000 0.633333 0.666667 0.700000 0.733333 0.766667 0.800000 0.833333 0.866667 0.900000 0.933333 0.966667 1.000000 1.033333
1.066667 1.100000 1.133333 1.166667 1.200000</float_array>
        <technique_common>
          <accessor source="#mixamorig_RightFoot-Matrix-animation-input-array" count="37">
            <param name="TIME" type="float"/>
          </accessor>
        </technique_common>
      </source>
      <source id="mixamorig_RightFoot-Matrix-animation-output-transform">
        <float_array id="mixamorig_RightFoot-Matrix-animation-output-transform-array" count="592">

0.999482 -0.017365 0.027094 0.000000 0.032030 0.455162 -0.889833 44.527802 0.003119 0.890240 0.455482 0.000000 0.000000 0.000000 0.000000 1.000000
0.999902 -0.007706 0.011694 0.000000 0.013851 0.420748 -0.907072 44.527802 0.002070 0.907145 0.420813 0.000000 0.000000 0.000000 0.000000 1.000000
0.999994 -0.002358 0.002641 0.000000 0.003337 0.378649 -0.925535 44.527802 0.001182 0.925538 0.378654 -0.000000 0.000000 0.000000 0.000000 1.000000
0.999999 -0.000301 -0.001366 0.000000 -0.001187 0.334105 -0.942535 44.527802 0.000740 0.942536 0.334105 0.000000 0.000000 0.000000 0.000000 1.000000
0.999986 -0.002697 0.004638 0.000000 0.005126 0.225254 -0.974287 44.527802 0.001583 0.974296 0.225264 -0.000000 0.000000 0.000000 0.000000 1.000000
0.999086 -0.017017 0.039221 0.000000 0.041595 0.174827 -0.983720 44.527802 0.009883 0.984452 0.175375 0.000000 0.000000 0.000000 0.000000 1.000000
0.996710 -0.032333 0.074324 0.000000 0.079255 0.196738 -0.977248 44.527802 0.016975 0.979923 0.198654 0.000000 0.000000 0.000000 0.000000 1.000000
0.995957 -0.036151 0.082234 -0.000000 0.088643 0.247184 -0.964905 44.527802 0.014555 0.968294 0.249390 -0.000000 0.000000 0.000000 0.000000 1.000000
0.993578 -0.049955 0.101522 0.000000 0.112547 0.344075 -0.932172 44.527802 0.011636 0.937612 0.347488 0.000000 0.000000 0.000000 0.000000 1.000000
0.986372 -0.093142 0.135627 0.000000 0.164365 0.520934 -0.837623 44.527802 0.007365 0.848500 0.529144 0.000000 0.000000 0.000000 0.000000 1.000000
0.968079 -0.170802 0.183440 0.000000 0.249782 0.718142 -0.649524 44.527802 -0.020796 0.674610 0.737881 -0.000000 0.000000 0.000000 0.000000 1.000000
0.973823 -0.166366 0.154889 -0.000000 0.225209 0.798535 -0.558233 44.527802 -0.030813 0.578502 0.815099 0.000000 0.000000 0.000000 0.000000 1.000000
0.978850 -0.154043 0.134623 0.000000 0.202344 0.825992 -0.526112 44.527802 -0.030154 0.542225 0.839692 -0.000000 0.000000 0.000000 0.000000 1.000000
0.982724 -0.133032 0.128670 -0.000000 0.184263 0.768399 -0.612871 44.527802 -0.017338 0.625992 0.779637 0.000000 0.000000 0.000000 0.000000 1.000000
0.987609 -0.107048 0.114753 0.000000 0.156805 0.702537 -0.694157 44.527802 -0.006310 0.703550 0.710618 -0.000000 0.000000 0.000000 0.000000 1.000000
0.988741 -0.098071 0.113019 0.000000 0.149630 0.655213 -0.740477 44.527802 -0.001432 0.749051 0.662511 0.000000 0.000000 0.000000 0.000000 1.000000
0.990651 -0.085826 0.106042 0.000000 0.136403 0.609906 -0.780646 44.527802 0.002324 0.787812 0.615911 -0.000000 0.000000 0.000000 0.000000 1.000000
0.993604 -0.068854 0.089501 0.000000 0.112849 0.577016 -0.808899 44.527802 0.004053 0.813825 0.581096 0.000000 0.000000 0.000000 0.000000 1.000000
0.995208 -0.058957 0.078007 0.000000 0.097700 0.567176 -0.817781 44.527802 0.003970 0.821484 0.570218 0.000000 0.000000 0.000000 0.000000 1.000000
0.993942 -0.066495 0.087507 0.000000 0.109848 0.575547 -0.810357 44.527802 0.003520 0.815061 0.579365 0.000000 0.000000 0.000000 0.000000 1.000000
0.992879 -0.070282 0.096191 0.000000 0.119090 0.606850 -0.785844 44.527802 -0.003143 0.791703 0.610898 0.000000 0.000000 0.000000 0.000000 1.000000
0.992811 -0.055984 0.105792 0.000000 0.115713 0.674945 -0.728739 44.527802 -0.030606 0.735742 0.676571 0.000000 0.000000 0.000000 0.000000 1.000000
0.989617 -0.077862 0.120810 -0.000000 0.143310 0.598532 -0.788176 44.527802 -0.010940 0.797306 0.603476 0.000000 0.000000 0.000000 0.000000 1.000000
0.985920 -0.097626 0.135759 0.000000 0.167045 0.538279 -0.826046 44.527802 0.007567 0.837093 0.547008 0.000000 0.000000 0.000000 0.000000 1.000000
0.986661 -0.094584 0.132489 0.000000 0.162615 0.535368 -0.828817 44.527802 0.007462 0.839306 0.543608 0.000000 0.000000 0.000000 0.000000 1.000000
0.989321 -0.091960 0.113083 0.000000 0.145683 0.599597 -0.786931 44.527802 0.004562 0.795001 0.606591 0.000000 0.000000 0.000000 0.000000 1.000000
0.989197 -0.101438 0.105828 0.000000 0.146578 0.674232 -0.723828 44.527802 0.002071 0.731520 0.681817 -0.000000 0.000000 0.000000 0.000000 1.000000
0.986238 -0.120259 0.113459 0.000000 0.165322 0.725502 -0.668068 44.527802 -0.001974 0.677632 0.735399 0.000000 0.000000 0.000000 0.000000 1.000000
0.991672 -0.092851 0.089247 -0.000000 0.128784 0.720533 -0.681357 44.527802 -0.001040 0.687176 0.726490 0.000000 0.000000 0.000000 0.000000 1.000000
0.995517 -0.068198 0.065534 0.000000 0.094536 0.696099 -0.711695 44.527802 0.002918 0.714699 0.699426 0.000000 0.000000 0.000000 0.000000 1.000000
0.997930 -0.045728 0.045208 0.000000 0.064149 0.659446 -0.749010 44.527802 0.004439 0.750360 0.661015 0.000000 0.000000 0.000000 0.000000 1.000000
0.999215 -0.027925 0.028090 0.000000 0.039323 0.614409 -0.788007 44.527802 0.004747 0.788493 0.615025 0.000000 0.000000 0.000000 0.000000 1.000000
0.999690 -0.018021 0.017207 0.000000 0.024515 0.587797 -0.808637 44.527802 0.004458 0.808808 0.588056 0.000000 0.000000 0.000000 0.000000 1.000000
0.999756 -0.015768 0.015479 -0.000000 0.021699 0.568518 -0.822385 44.527802 0.004167 0.822520 0.568721 0.000000 0.000000 0.000000 0.000000 1.000000
0.999675 -0.017124 0.018889 0.000000 0.025179 0.546743 -0.836922 44.527802 0.004004 0.837125 0.546997 0.000000 0.000000 0.000000 0.000000 1.000000
0.999563 -0.018330 0.023203 0.000000 0.029353 0.520102 -0.853599 44.527802 0.003579 0.853907 0.520413 0.000000 0.000000 0.000000 0.000000 1.000000
0.999671 -0.014194 0.021376 0.000000 0.025581 0.486045 -0.873560 44.527802 0.002010 0.873819 0.486248 0.000000 0.000000 0.000000 0.000000 1.000000</float_array>
        <technique_common>
          <accessor source="#mixamorig_RightFoot-Matrix-animation-output-transform-array" count="37" stride="16">
            <param type="float4x4"/>
          </accessor>
        </technique_common>
      </source>
      <source id="mixamorig_RightFoot-Interpolations">
        <Name_array id="mixamorig_RightFoot-Interpolations-array" count="37">
 LINEAR LINEAR LINEAR LINEAR LINEAR LINEAR LINEAR LINEAR LINEAR LINEAR LINEAR
LINEAR LINEAR LINEAR LINEAR LINEAR LINEAR LINEAR LINEAR LINEAR LINEAR LINEAR LINEAR
LINEAR LINEAR LINEAR LINEAR LINEAR LINEAR LINEAR LINEAR LINEAR LINEAR LINEAR LINEAR
LINEAR LINEAR</Name_array>
        <technique_common>
          <accessor source="#mixamorig_RightFoot-Interpolations-array" count="37">
            <param type="name"/>
          </accessor>
        </technique_common>
      </source>
      <sampler id="mixamorig_RightFoot-Matrix-animation-transform">
        <input semantic="INPUT" source="#mixamorig_RightFoot-Matrix-animation-input"/>
        <input semantic="OUTPUT" source="#mixamorig_RightFoot-Matrix-animation-output-transform"/>
        <input semantic="INTERPOLATION" source="#mixamorig_RightFoot-Interpolations"/>
      </sampler>
      <channel source="#mixamorig_RightFoot-Matrix-animation-transform" target="mixamorig_RightFoot/matrix"/>
    </animation>
    <animation id="mixamorig_RightToeBase-anim" name="mixamorig_RightToeBase">
      <source id="mixamorig_RightToeBase-Matrix-animation-input">
        <float_array id="mixamorig_RightToeBase-Matrix-animation-input-array" count="37">

0.000000 0.033333 0.066667 0.100000 0.133333 0.166667 0.200000 0.233333 0.266667 0.300000 0.333333 0.366667 0.400000 0.433333 0.466667 0.500000
0.533333 0.566667 0.600000 0.633333 0.666667 0.700000 0.733333 0.766667 0.800000 0.833333 0.866667 0.900000 0.933333 0.966667 1.000000 1.033333
1.066667 1.100000 1.133333 1.166667 1.200000</float_array>
        <technique_common>
          <accessor source="#mixamorig_RightToeBase-Matrix-animation-input-array" count="37">
            <param name="TIME" type="float"/>
          </accessor>
        </technique_common>
      </source>
      <source id="mixamorig_RightToeBase-Matrix-animation-output-transform">
        <float_array id="mixamorig_RightToeBase-Matrix-animation-output-transform-array" count="592">

1.000000 0.000000 -0.000000 -0.000000 -0.000000 0.771198 -0.636596 13.816900 -0.000000 0.636596 0.771198 -0.000000 0.000000 0.000000 0.000000 1.000000
1.000000 0.000000 -0.000000 -0.000000 -0.000000 0.769123 -0.639101 13.816900 0.000000 0.639101 0.769123 0.000000 0.000000 0.000000 0.000000 1.000000
1.000000 0.000000 -0.000000 0.000000 -0.000000 0.769456 -0.638700 13.816900 0.000000 0.638700 0.769456 0.000000 0.000000 0.000000 0.000000 1.000000
1.000000 -0.000000 0.000000 0.000000 0.000000 0.766417 -0.642343 13.816900 -0.000000 0.642343 0.766417 0.000000 0.000000 0.000000 0.000000 1.000000
1.000000 0.000000 0.000000 0.000000 -0.000000 0.756098 -0.654458 13.816900 -0.000000 0.654458 0.756098 0.000000 0.000000 0.000000 0.000000 1.000000
1.000000 0.000000 0.000000 0.000000 -0.000000 0.732856 -0.680384 13.816900 -0.000000 0.680384 0.732856 -0.000000 0.000000 0.000000 0.000000 1.000000
1.000000 0.000000 0.000000 0.000000 -0.000000 0.671912 -0.740631 13.816900 -0.000000 0.740631 0.671912 0.000000 0.000000 0.000000 0.000000 1.000000
1.000000 -0.000000 0.000000 -0.000000 0.000000 0.586406 -0.810017 13.816900 0.000000 0.810017 0.586406 0.000000 0.000000 0.000000 0.000000 1.000000
1.000000 -0.000000 -0.000000 0.000000 -0.000000 0.482398 -0.875952 13.816900 0.000000 0.875952 0.482398 0.000000 0.000000 0.000000 0.000000 1.000000
1.000000 0.000000 0.000000 0.000000 0.000000 0.336271 -0.941765 13.816900 -0.000000 0.941765 0.336271 0.000000 0.000000 0.000000 0.000000 1.000000
0.999829 -0.002559 -0.018340 0.000000 -0.017797 0.140852 -0.989871 13.816900 0.005116 0.990027 0.140783 0.000000 0.000000 0.000000 0.000000 1.000000
0.998089 0.009286 0.061090 0.000000 0.057482 0.223205 -0.973075 13.816900 -0.022672 0.974727 0.222245 0.000000 0.000000 0.000000 0.000000 1.000000
0.989857 0.024592 0.139923 -0.000000 0.107437 0.514839 -0.850528 13.816900 -0.092954 0.856934 0.506975 -0.000000 0.000000 0.000000 0.000000 1.000000
0.998110 0.002188 0.061413 -0.000000 0.038588 0.755467 -0.654050 13.816900 -0.047827 0.655183 0.753955 0.000000 0.000000 0.000000 0.000000 1.000000
1.000000 -0.000000 0.000000 -0.000000 0.000000 0.770354 -0.637616 13.816900 -0.000000 0.637616 0.770354 0.000000 0.000000 0.000000 0.000000 1.000000
1.000000 0.000000 0.000000 0.000000 0.000000 0.766492 -0.642254 13.816900 -0.000000 0.642254 0.766492 0.000000 0.000000 0.000000 0.000000 1.000000
1.000000 0.000000 0.000000 0.000000 0.000000 0.759408 -0.650615 13.816900 -0.000000 0.650615 0.759408 0.000000 0.000000 0.000000 0.000000 1.000000
1.000000 -0.000000 -0.000000 0.000000 0.000000 0.749795 -0.661670 13.816900 0.000000 0.661670 0.749795 0.000000 0.000000 0.000000 0.000000 1.000000
1.000000 0.000000 0.000000 0.000000 -0.000000 0.740211 -0.672374 13.816900 -0.000000 0.672374 0.740211 0.000000 0.000000 0.000000 0.000000 1.000000
1.000000 -0.000000 -0.000000 0.000000 0.000000 0.749445 -0.662066 13.816900 0.000000 0.662066 0.749445 0.000000 0.000000 0.000000 0.000000 1.000000
1.000000 0.000000 -0.000000 0.000000 -0.000000 0.752175 -0.658963 13.816900 -0.000000 0.658963 0.752175 0.000000 0.000000 0.000000 0.000000 1.000000
1.000000 0.000000 0.000000 0.000000 -0.000000 0.744905 -0.667170 13.816900 -0.000000 0.667170 0.744905 0.000000 0.000000 0.000000 0.000000 1.000000
1.000000 -0.000000 0.000000 -0.000000 0.000000 0.739196 -0.673491 13.816900 0.000000 0.673491 0.739196 0.000000 0.000000 0.000000 0.000000 1.000000
1.000000 0.000000 -0.000000 0.000000 -0.000000 0.720981 -0.692955 13.816900 0.000000 0.692955 0.720981 0.000000 0.000000 0.000000 0.000000 1.000000
1.000000 0.000000 0.000000 -0.000000 0.000000 0.708906 -0.705303 13.816900 -0.000000 0.705303 0.708906 0.000000 0.000000 0.000000 0.000000 1.000000
1.000000 0.000000 -0.000000 -0.000000 -0.000000 0.695469 -0.718556 13.816900 -0.000000 0.718556 0.695469 -0.000000 0.000000 0.000000 0.000000 1.000000
1.000000 0.000000 -0.000000 0.000000 -0.000000 0.676553 -0.736394 13.816900 -0.000000 0.736394 0.676553 0.000000 0.000000 0.000000 0.000000 1.000000
1.000000 0.000000 -0.000000 -0.000000 -0.000000 0.676457 -0.736482 13.816900 -0.000000 0.736482 0.676457 0.000000 0.000000 0.000000 0.000000 1.000000
1.000000 -0.000000 0.000000 0.000000 0.000000 0.698213 -0.715890 13.816900 0.000000 0.715890 0.698213 0.000000 0.000000 0.000000 0.000000 1.000000
1.000000 -0.000000 -0.000000 0.000000 0.000000 0.715817 -0.698288 13.816900 0.000000 0.698288 0.715817 0.000000 0.000000 0.000000 0.000000 1.000000
1.000000 0.000000 -0.000000 0.000000 -0.000000 0.718759 -0.695260 13.816900 -0.000000 0.695260 0.718759 0.000000 0.000000 0.000000 0.000000 1.000000
1.000000 -0.000000 0.000000 0.000000 0.000000 0.718638 -0.695385 13.816900 0.000000 0.695385 0.718638 0.000000 0.000000 0.000000 0.000000 1.000000
1.000000 0.000000 -0.000000 -0.000000 -0.000000 0.719592 -0.694397 13.816900 -0.000000 0.694397 0.719592 0.000000 0.000000 0.000000 0.000000 1.000000
1.000000 -0.000000 0.000000 -0.000000 0.000000 0.721397 -0.692522 13.816900 0.000000 0.692522 0.721397 -0.000000 0.000000 0.000000 0.000000 1.000000
1.000000 -0.000000 -0.000000 -0.000000 0.000000 0.721138 -0.692791 13.816900 0.000000 0.692791 0.721138 -0.000000 0.000000 0.000000 0.000000 1.000000
1.000000 -0.000000 0.000000 0.000000 0.000000 0.718808 -0.695209 13.816900 0.000000 0.695209 0.718808 -0.000000 0.000000 0.000000 0.000000 1.000000
1.000000 -0.000000 -0.000000 0.000000 0.000000 0.715913 -0.698189 13.816900 0.000000 0.698189 0.715913 0.000000 0.000000 0.000000 0.000000 1.000000</float_array>
        <technique_common>
          <accessor source="#mixamorig_RightToeBase-Matrix-animation-output-transform-array" count="37" stride="16">
            <param type="float4x4"/>
          </accessor>
        </technique_common>
      </source>
      <source id="mixamorig_RightToeBase-Interpolations">
        <Name_array id="mixamorig_RightToeBase-Interpolations-array" count="37">
 LINEAR LINEAR LINEAR LINEAR LINEAR LINEAR LINEAR LINEAR LINEAR LINEAR LINEAR
LINEAR LINEAR LINEAR LINEAR LINEAR LINEAR LINEAR LINEAR LINEAR LINEAR LINEAR LINEAR
LINEAR LINEAR LINEAR LINEAR LINEAR LINEAR LINEAR LINEAR LINEAR LINEAR LINEAR LINEAR
LINEAR LINEAR</Name_array>
        <technique_common>
          <accessor source="#mixamorig_RightToeBase-Interpolations-array" count="37">
            <param type="name"/>
          </accessor>
        </technique_common>
      </source>
      <sampler id="mixamorig_RightToeBase-Matrix-animation-transform">
        <input semantic="INPUT" source="#mixamorig_RightToeBase-Matrix-animation-input"/>
        <input semantic="OUTPUT" source="#mixamorig_RightToeBase-Matrix-animation-output-transform"/>
        <input semantic="INTERPOLATION" source="#mixamorig_RightToeBase-Interpolations"/>
      </sampler>
      <channel source="#mixamorig_RightToeBase-Matrix-animation-transform" target="mixamorig_RightToeBase/matrix"/>
    </animation>
    <animation id="mixamorig_LeftUpLeg-anim" name="mixamorig_LeftUpLeg">
      <source id="mixamorig_LeftUpLeg-Matrix-animation-input">
        <float_array id="mixamorig_LeftUpLeg-Matrix-animation-input-array" count="37">

0.000000 0.033333 0.066667 0.100000 0.133333 0.166667 0.200000 0.233333 0.266667 0.300000 0.333333 0.366667 0.400000 0.433333 0.466667 0.500000
0.533333 0.566667 0.600000 0.633333 0.666667 0.700000 0.733333 0.766667 0.800000 0.833333 0.866667 0.900000 0.933333 0.966667 1.000000 1.033333
1.066667 1.100000 1.133333 1.166667 1.200000</float_array>
        <technique_common>
          <accessor source="#mixamorig_LeftUpLeg-Matrix-animation-input-array" count="37">
            <param name="TIME" type="float"/>
          </accessor>
        </technique_common>
      </source>
      <source id="mixamorig_LeftUpLeg-Matrix-animation-output-transform">
        <float_array id="mixamorig_LeftUpLeg-Matrix-animation-output-transform-array" count="592">

-0.995605 0.029228 0.088977 8.207800 0.015082 -0.887620 0.460329 -6.771800 0.092432 0.459647 0.883278 -1.512200 0.000000 0.000000 0.000000 1.000000
-0.995899 0.017527 0.088753 8.207800 0.030295 -0.859795 0.509739 -6.771800 0.085244 0.510338 0.855739 -1.512200 0.000000 0.000000 0.000000 1.000000
-0.996833 -0.000383 0.079521 8.207800 0.042872 -0.844807 0.533351 -6.771800 0.066976 0.535071 0.842148 -1.512200 0.000000 0.000000 0.000000 1.000000
-0.997416 -0.019059 0.069261 8.207800 0.052224 -0.854424 0.516946 -6.771800 0.049326 0.519227 0.853211 -1.512200 0.000000 0.000000 0.000000 1.000000
-0.997367 -0.021967 0.069108 8.207800 0.056200 -0.836413 0.545211 -6.771800 0.045826 0.547660 0.835445 -1.512200 0.000000 0.000000 0.000000 1.000000
-0.997422 -0.012738 0.070614 8.207800 0.053600 -0.786527 0.615226 -6.771800 0.047704 0.617425 0.785182 -1.512200 0.000000 0.000000 0.000000 1.000000
-0.998173 -0.025306 0.054867 8.207800 0.054955 -0.757671 0.650319 -6.771800 0.025114 0.652146 0.757678 -1.512200 0.000000 0.000000 0.000000 1.000000
-0.997830 -0.034537 0.056063 8.207800 0.062384 -0.768333 0.637003 -6.771800 0.021075 0.639118 0.768820 -1.512200 0.000000 0.000000 0.000000 1.000000
-0.995913 -0.036025 0.082825 8.207800 0.079573 -0.783803 0.615890 -6.771800 0.042732 0.619963 0.783466 -1.512200 0.000000 0.000000 0.000000 1.000000
-0.994512 -0.059015 0.086390 8.207800 0.097730 -0.818785 0.565721 -6.771800 0.037349 0.571059 0.820059 -1.512200 0.000000 0.000000 0.000000 1.000000
-0.993545 -0.084785 0.075358 8.207800 0.111612 -0.849299 0.515979 -6.771800 0.020254 0.521059 0.853280 -1.512200 0.000000 0.000000 0.000000 1.000000
-0.992437 -0.092216 0.081024 8.207800 0.120692 -0.853506 0.506914 -6.771800 0.022409 0.512859 0.858180 -1.512200 0.000000 0.000000 0.000000 1.000000
-0.991013 -0.108570 0.078143 8.207800 0.132957 -0.863708 0.486139 -6.771800 0.014713 0.492159 0.870381 -1.512200 0.000000 0.000000 0.000000 1.000000
-0.989168 -0.129872 0.068413 8.207800 0.146735 -0.887486 0.436850 -6.771800 0.003981 0.442156 0.896929 -1.512200 0.000000 0.000000 0.000000 1.000000
-0.988432 -0.138797 0.061129 8.207800 0.151589 -0.916635 0.369865 -6.771800 0.004697 0.374854 0.927072 -1.512200 0.000000 0.000000 0.000000 1.000000
-0.988699 -0.138699 0.056886 8.207800 0.149388 -0.943261 0.296549 -6.771800 0.012527 0.301696 0.953322 -1.512200 0.000000 0.000000 0.000000 1.000000
-0.988917 -0.135902 0.059775 8.207800 0.145981 -0.963431 0.224701 -6.771800 0.027052 0.230936 0.972593 -1.512200 0.000000 0.000000 0.000000 1.000000
-0.989612 -0.126172 0.068904 8.207800 0.136000 -0.976998 0.164253 -6.771800 0.046595 0.171918 0.984009 -1.512200 0.000000 0.000000 0.000000 1.000000
-0.990280 -0.113834 0.079916 8.207800 0.122590 -0.985783 0.114907 -6.771800 0.065700 0.123587 0.990156 -1.512200 0.000000 0.000000 0.000000 1.000000
-0.990559 -0.103993 0.089322 8.207800 0.110068 -0.991730 0.066007 -6.771800 0.081719 0.075215 0.993813 -1.512200 0.000000 0.000000 0.000000 1.000000
-0.991027 -0.094368 0.094658 8.207800 0.096735 -0.995094 0.020725 -6.771800 0.092238 0.029696 0.995294 -1.512200 0.000000 0.000000 0.000000 1.000000
-0.991414 -0.090263 0.094606 8.207800 0.089396 -0.995906 -0.013365 -6.771800 0.095425 -0.004793 0.995425 -1.512200 0.000000 0.000000 0.000000 1.000000
-0.991593 -0.087325 0.095488 8.207800 0.084110 -0.995762 -0.037195 -6.771800 0.098332 -0.028851 0.994735 -1.512200 0.000000 0.000000 0.000000 1.000000
-0.991989 -0.079542 0.098140 8.207800 0.070336 -0.993090 -0.093943 -6.771800 0.104934 -0.086287 0.990729 -1.512200 0.000000 0.000000 0.000000 1.000000
-0.993014 -0.070015 0.094976 8.207800 0.055018 -0.986813 -0.152226 -6.771800 0.104382 -0.145937 0.983772 -1.512200 0.000000 0.000000 0.000000 1.000000
-0.994213 -0.054829 0.092383 8.207800 0.033589 -0.975489 -0.217472 -6.771800 0.102042 -0.213110 0.971685 -1.512200 0.000000 0.000000 0.000000 1.000000
-0.994485 -0.027869 0.101105 8.207800 -0.004027 -0.953190 -0.302346 -6.771800 0.104798 -0.301085 0.947821 -1.512200 0.000000 0.000000 0.000000 1.000000
-0.994588 0.000691 0.103899 8.207800 -0.037956 -0.933284 -0.357129 -6.771800 0.096720 -0.359139 0.928259 -1.512200 0.000000 0.000000 0.000000 1.000000
-0.994851 0.035091 0.095075 8.207800 -0.063742 -0.946000 -0.317837 -6.771800 0.078788 -0.322261 0.943367 -1.512200 0.000000 0.000000 0.000000 1.000000
-0.994277 0.062143 0.086901 8.207800 -0.081187 -0.968230 -0.236513 -6.771800 0.069443 -0.242215 0.967734 -1.512200 0.000000 0.000000 0.000000 1.000000
-0.993900 0.080444 0.075448 8.207800 -0.090625 -0.985566 -0.142995 -6.771800 0.062856 -0.148960 0.986843 -1.512200 0.000000 0.000000 0.000000 1.000000
-0.994009 0.087942 0.064896 8.207800 -0.090462 -0.995214 -0.036962 -6.771800 0.061335 -0.042611 0.997207 -1.512200 0.000000 0.000000 0.000000 1.000000
-0.994274 0.083924 0.066148 8.207800 -0.078428 -0.993565 0.081711 -6.771800 0.072580 0.076056 0.994458 -1.512200 0.000000 0.000000 0.000000 1.000000
-0.994132 0.075773 0.077197 8.207800 -0.060034 -0.980148 0.188960 -6.771800 0.089983 0.183217 0.978946 -1.512200 0.000000 0.000000 0.000000 1.000000
-0.994532 0.060432 0.085168 8.207800 -0.033840 -0.958040 0.284628 -6.771800 0.098795 0.280190 0.954847 -1.512200 0.000000 0.000000 0.000000 1.000000
-0.995155 0.041703 0.089038 8.207800 -0.005672 -0.928432 0.371458 -6.771800 0.098156 0.369153 0.924171 -1.512200 0.000000 0.000000 0.000000 1.000000
-0.995536 0.024418 0.091166 8.207800 0.018597 -0.896263 0.443132 -6.771800 0.092529 0.442849 0.891809 -1.512200 0.000000 0.000000 0.000000 1.000000</float_array>
        <technique_common>
          <accessor source="#mixamorig_LeftUpLeg-Matrix-animation-output-transform-array" count="37" stride="16">
            <param type="float4x4"/>
          </accessor>
        </technique_common>
      </source>
      <source id="mixamorig_LeftUpLeg-Interpolations">
        <Name_array id="mixamorig_LeftUpLeg-Interpolations-array" count="37">
 LINEAR LINEAR LINEAR LINEAR LINEAR LINEAR LINEAR LINEAR LINEAR LINEAR LINEAR
LINEAR LINEAR LINEAR LINEAR LINEAR LINEAR LINEAR LINEAR LINEAR LINEAR LINEAR LINEAR
LINEAR LINEAR LINEAR LINEAR LINEAR LINEAR LINEAR LINEAR LINEAR LINEAR LINEAR LINEAR
LINEAR LINEAR</Name_array>
        <technique_common>
          <accessor source="#mixamorig_LeftUpLeg-Interpolations-array" count="37">
            <param type="name"/>
          </accessor>
        </technique_common>
      </source>
      <sampler id="mixamorig_LeftUpLeg-Matrix-animation-transform">
        <input semantic="INPUT" source="#mixamorig_LeftUpLeg-Matrix-animation-input"/>
        <input semantic="OUTPUT" source="#mixamorig_LeftUpLeg-Matrix-animation-output-transform"/>
        <input semantic="INTERPOLATION" source="#mixamorig_LeftUpLeg-Interpolations"/>
      </sampler>
      <channel source="#mixamorig_LeftUpLeg-Matrix-animation-transform" target="mixamorig_LeftUpLeg/matrix"/>
    </animation>
    <animation id="mixamorig_LeftLeg-anim" name="mixamorig_LeftLeg">
      <source id="mixamorig_LeftLeg-Matrix-animation-input">
        <float_array id="mixamorig_LeftLeg-Matrix-animation-input-array" count="37">

0.000000 0.033333 0.066667 0.100000 0.133333 0.166667 0.200000 0.233333 0.266667 0.300000 0.333333 0.366667 0.400000 0.433333 0.466667 0.500000
0.533333 0.566667 0.600000 0.633333 0.666667 0.700000 0.733333 0.766667 0.800000 0.833333 0.866667 0.900000 0.933333 0.966667 1.000000 1.033333
1.066667 1.100000 1.133333 1.166667 1.200000</float_array>
        <technique_common>
          <accessor source="#mixamorig_LeftLeg-Matrix-animation-input-array" count="37">
            <param name="TIME" type="float"/>
          </accessor>
        </technique_common>
      </source>
      <source id="mixamorig_LeftLeg-Matrix-animation-output-transform">
        <float_array id="mixamorig_LeftLeg-Matrix-animation-output-transform-array" count="592">

0.999781 0.020466 0.004278 -0.000000 -0.012485 0.420243 0.907326 44.371399 0.016771 -0.907181 0.420407 -0.000000 0.000000 0.000000 0.000000 1.000000
0.999147 0.028913 -0.029488 0.000000 0.008699 0.550668 0.834679 44.371399 0.040372 -0.834223 0.549947 -0.000000 0.000000 0.000000 0.000000 1.000000
0.995670 0.029292 -0.088227 -0.000000 0.041446 0.709642 0.703342 44.371399 0.083212 -0.703953 0.705355 0.000000 0.000000 0.000000 0.000000 1.000000
0.989201 0.022645 -0.144808 -0.000000 0.050186 0.875937 0.479807 44.371399 0.137708 -0.481893 0.865341 -0.000000 0.000000 0.000000 0.000000 1.000000
0.988463 0.014178 -0.150797 -0.000000 0.039210 0.937715 0.345186 44.371399 0.146298 -0.347116 0.926341 -0.000000 0.000000 0.000000 0.000000 1.000000
0.990407 0.003214 -0.138142 0.000000 0.044734 0.938433 0.342554 44.371399 0.130738 -0.345447 0.929287 0.000000 0.000000 0.000000 0.000000 1.000000
0.991447 -0.025156 -0.128060 -0.000000 0.067887 0.937452 0.341430 44.371399 0.111461 -0.347204 0.931142 0.000000 0.000000 0.000000 0.000000 1.000000
0.992654 -0.020846 -0.119180 -0.000000 0.060331 0.939127 0.338233 44.371399 0.104875 -0.342938 0.933485 0.000000 0.000000 0.000000 0.000000 1.000000
0.995454 0.019708 -0.093178 0.000000 0.018128 0.921262 0.388520 44.371399 0.093498 -0.388443 0.916717 0.000000 0.000000 0.000000 0.000000 1.000000
0.995230 0.028961 -0.093160 -0.000000 0.009317 0.922341 0.386265 44.371399 0.097112 -0.385290 0.917671 0.000000 0.000000 0.000000 0.000000 1.000000
0.994193 0.022831 -0.105161 0.000000 0.018270 0.927233 0.374038 44.371399 0.106049 -0.373788 0.921432 -0.000000 0.000000 0.000000 0.000000 1.000000
0.992703 0.038398 -0.114306 -0.000000 0.017406 0.892385 0.450939 44.371399 0.119320 -0.449638 0.885205 -0.000000 0.000000 0.000000 0.000000 1.000000
0.992198 0.042871 -0.117073 0.000000 0.023703 0.857029 0.514723 44.371399 0.122401 -0.513482 0.849326 0.000000 0.000000 0.000000 0.000000 1.000000
0.992872 0.034104 -0.114203 0.000000 0.032621 0.843843 0.535597 44.371399 0.114635 -0.535505 0.836716 0.000000 0.000000 0.000000 0.000000 1.000000
0.996401 0.017438 -0.082955 -0.000000 0.028921 0.849965 0.526045 44.371399 0.079682 -0.526551 0.846401 0.000000 0.000000 0.000000 0.000000 1.000000
0.999426 -0.002277 -0.033812 0.000000 0.018952 0.864672 0.501978 44.371399 0.028094 -0.502331 0.864219 -0.000000 0.000000 0.000000 0.000000 1.000000
0.999598 -0.017607 0.022231 0.000000 0.004874 0.878926 0.476934 44.371399 -0.027937 -0.476634 0.878658 0.000000 0.000000 0.000000 0.000000 1.000000
0.996664 -0.027618 0.076802 0.000000 -0.010940 0.887307 0.461049 44.371399 -0.080880 -0.460351 0.884045 -0.000000 0.000000 0.000000 0.000000 1.000000
0.991507 -0.033017 0.125794 -0.000000 -0.027679 0.891509 0.452157 44.371399 -0.127075 -0.451798 0.883023 -0.000000 0.000000 0.000000 0.000000 1.000000
0.985546 -0.034896 0.165774 0.000000 -0.042922 0.895188 0.443617 44.371399 -0.163879 -0.444321 0.880751 0.000000 0.000000 0.000000 0.000000 1.000000
0.984349 -0.033456 0.173025 0.000000 -0.045898 0.899261 0.434997 44.371399 -0.170148 -0.436131 0.883651 0.000000 0.000000 0.000000 0.000000 1.000000
0.984350 -0.030815 0.173511 0.000000 -0.048546 0.899080 0.435084 44.371399 -0.169408 -0.436698 0.883513 0.000000 0.000000 0.000000 0.000000 1.000000
0.984780 -0.029525 0.171277 -0.000000 -0.054566 0.883118 0.465968 44.371399 -0.165015 -0.468222 0.868066 0.000000 0.000000 0.000000 0.000000 1.000000
0.985550 -0.031677 0.166397 -0.000000 -0.046823 0.893130 0.447355 44.371399 -0.162785 -0.448682 0.878741 0.000000 0.000000 0.000000 0.000000 1.000000
0.985979 -0.044785 0.160745 0.000000 -0.029047 0.902540 0.429626 44.371399 -0.164319 -0.428272 0.888585 0.000000 0.000000 0.000000 0.000000 1.000000
0.985757 -0.066032 0.154668 0.000000 -0.003044 0.912536 0.408986 44.371399 -0.168147 -0.403632 0.899338 0.000000 0.000000 0.000000 0.000000 1.000000
0.984211 -0.092378 0.150979 0.000000 0.033672 0.935140 0.352676 44.371399 -0.173766 -0.342024 0.923485 -0.000000 0.000000 0.000000 0.000000 1.000000
0.980637 -0.123258 0.152177 -0.000000 0.069701 0.945871 0.316970 44.371399 -0.183009 -0.300225 0.936148 0.000000 0.000000 0.000000 0.000000 1.000000
0.979034 -0.139528 0.148405 0.000000 0.061587 0.897224 0.437260 44.371399 -0.194162 -0.418952 0.887006 -0.000000 0.000000 0.000000 0.000000 1.000000
0.979597 -0.141016 0.143190 0.000000 0.024885 0.792125 0.609852 44.371399 -0.199424 -0.593846 0.779473 0.000000 0.000000 0.000000 0.000000 1.000000
0.989498 -0.114360 0.088402 -0.000000 0.007554 0.651667 0.758467 44.371399 -0.144347 -0.749834 0.645688 0.000000 0.000000 0.000000 0.000000 1.000000
0.996829 -0.070857 -0.036212 -0.000000 0.067391 0.509743 0.857683 44.371399 -0.042314 -0.857404 0.512902 0.000000 0.000000 0.000000 0.000000 1.000000
0.996048 -0.037739 -0.080401 0.000000 0.088784 0.398149 0.913014 44.371399 -0.002444 -0.916544 0.399926 0.000000 0.000000 0.000000 0.000000 1.000000
0.997826 -0.015061 -0.064161 0.000000 0.065413 0.345015 0.936315 44.371399 0.008035 -0.938476 0.345250 0.000000 0.000000 0.000000 0.000000 1.000000
0.999777 -0.002521 -0.020980 0.000000 0.020598 0.337776 0.941001 44.371399 0.004714 -0.941223 0.337752 0.000000 0.000000 0.000000 0.000000 1.000000
0.999950 0.008603 0.005082 0.000000 -0.007919 0.372155 0.928137 44.371399 0.006094 -0.928131 0.372205 0.000000 0.000000 0.000000 0.000000 1.000000
0.999781 0.020498 0.004122 0.000000 -0.012994 0.454737 0.890531 44.371399 0.016380 -0.890390 0.454904 -0.000000 0.000000 0.000000 0.000000 1.000000</float_array>
        <technique_common>
          <accessor source="#mixamorig_LeftLeg-Matrix-animation-output-transform-array" count="37" stride="16">
            <param type="float4x4"/>
          </accessor>
        </technique_common>
      </source>
      <source id="mixamorig_LeftLeg-Interpolations">
        <Name_array id="mixamorig_LeftLeg-Interpolations-array" count="37">
 LINEAR LINEAR LINEAR LINEAR LINEAR LINEAR LINEAR LINEAR LINEAR LINEAR LINEAR
LINEAR LINEAR LINEAR LINEAR LINEAR LINEAR LINEAR LINEAR LINEAR LINEAR LINEAR LINEAR
LINEAR LINEAR LINEAR LINEAR LINEAR LINEAR LINEAR LINEAR LINEAR LINEAR LINEAR LINEAR
LINEAR LINEAR</Name_array>
        <technique_common>
          <accessor source="#mixamorig_LeftLeg-Interpolations-array" count="37">
            <param type="name"/>
          </accessor>
        </technique_common>
      </source>
      <sampler id="mixamorig_LeftLeg-Matrix-animation-transform">
        <input semantic="INPUT" source="#mixamorig_LeftLeg-Matrix-animation-input"/>
        <input semantic="OUTPUT" source="#mixamorig_LeftLeg-Matrix-animation-output-transform"/>
        <input semantic="INTERPOLATION" source="#mixamorig_LeftLeg-Interpolations"/>
      </sampler>
      <channel source="#mixamorig_LeftLeg-Matrix-animation-transform" target="mixamorig_LeftLeg/matrix"/>
    </animation>
    <animation id="mixamorig_LeftFoot-anim" name="mixamorig_LeftFoot">
      <source id="mixamorig_LeftFoot-Matrix-animation-input">
        <float_array id="mixamorig_LeftFoot-Matrix-animation-input-array" count="37">

0.000000 0.033333 0.066667 0.100000 0.133333 0.166667 0.200000 0.233333 0.266667 0.300000 0.333333 0.366667 0.400000 0.433333 0.466667 0.500000
0.533333 0.566667 0.600000 0.633333 0.666667 0.700000 0.733333 0.766667 0.800000 0.833333 0.866667 0.900000 0.933333 0.966667 1.000000 1.033333
1.066667 1.100000 1.133333 1.166667 1.200000</float_array>
        <technique_common>
          <accessor source="#mixamorig_LeftFoot-Matrix-animation-input-array" count="37">
            <param name="TIME" type="float"/>
          </accessor>
        </technique_common>
      </source>
      <source id="mixamorig_LeftFoot-Matrix-animation-output-transform">
        <float_array id="mixamorig_LeftFoot-Matrix-animation-output-transform-array" count="592">

0.999894 -0.009011 0.011451 -0.000000 0.014571 0.623861 -0.781400 44.527802 -0.000103 0.781484 0.623926 -0.000000 0.000000 0.000000 0.000000 1.000000
0.999862 -0.010013 0.013247 -0.000000 0.016606 0.605700 -0.795520 44.527802 -0.000058 0.795630 0.605783 0.000000 0.000000 0.000000 0.000000 1.000000
0.999807 -0.011766 0.015740 0.000000 0.019650 0.608031 -0.793670 44.527802 -0.000232 0.793826 0.608145 0.000000 0.000000 0.000000 0.000000 1.000000
0.999775 -0.012941 0.016834 0.000000 0.021216 0.640773 -0.767437 44.527802 -0.000855 0.767621 0.640903 0.000000 0.000000 0.000000 0.000000 1.000000
0.999872 -0.012610 -0.009805 0.000000 0.000039 0.615763 -0.787932 44.527802 0.015973 0.787831 0.615684 0.000000 0.000000 0.000000 0.000000 1.000000
0.996091 0.021383 -0.085701 0.000000 -0.084108 0.525948 -0.846348 44.527802 0.026977 0.850248 0.525691 0.000000 0.000000 0.000000 0.000000 1.000000
0.985161 0.035856 -0.167846 -0.000000 -0.165667 0.454261 -0.875329 44.527802 0.044860 0.890147 0.453460 0.000000 0.000000 0.000000 0.000000 1.000000
0.984963 0.007611 -0.172596 0.000000 -0.156426 0.463368 -0.872251 44.527802 0.073337 0.886133 0.457591 0.000000 0.000000 0.000000 0.000000 1.000000
0.998614 -0.042809 -0.030623 -0.000000 -0.003185 0.531598 -0.846991 44.527802 0.052538 0.845914 0.530725 0.000000 0.000000 0.000000 0.000000 1.000000
0.995344 -0.070613 0.065601 -0.000000 0.095427 0.626399 -0.773639 44.527802 0.013537 0.776298 0.630221 -0.000000 0.000000 0.000000 0.000000 1.000000
0.991078 -0.106039 0.080746 0.000000 0.131846 0.691272 -0.710464 44.527802 0.019519 0.714772 0.699085 0.000000 0.000000 0.000000 0.000000 1.000000
0.986043 -0.124011 0.111086 -0.000000 0.165753 0.668492 -0.725013 44.527802 0.015649 0.733307 0.679717 0.000000 0.000000 0.000000 0.000000 1.000000
0.985264 -0.111962 0.129303 0.000000 0.170975 0.623849 -0.762614 44.527802 0.004718 0.773483 0.633799 0.000000 0.000000 0.000000 0.000000 1.000000
0.985815 -0.095215 0.138212 0.000000 0.167799 0.576113 -0.799961 44.527802 -0.003457 0.811805 0.583918 -0.000000 0.000000 0.000000 0.000000 1.000000
0.986241 -0.088444 0.139667 0.000000 0.165298 0.539897 -0.825341 44.527802 -0.002409 0.837072 0.547088 0.000000 0.000000 0.000000 0.000000 1.000000
0.986355 -0.085298 0.140815 0.000000 0.164635 0.511563 -0.843326 44.527802 -0.000102 0.855002 0.518625 -0.000000 0.000000 0.000000 0.000000 1.000000
0.985651 -0.085670 0.145439 -0.000000 0.168785 0.490757 -0.854792 44.527802 0.001855 0.867075 0.498175 0.000000 0.000000 0.000000 0.000000 1.000000
0.984858 -0.086063 0.150490 0.000000 0.173296 0.464964 -0.868204 44.527802 0.004748 0.881137 0.472838 0.000000 0.000000 0.000000 0.000000 1.000000
0.984476 -0.085158 0.153475 0.000000 0.175316 0.435122 -0.883138 44.527802 0.008425 0.896335 0.443297 0.000000 0.000000 0.000000 0.000000 1.000000
0.983421 -0.083005 0.161222 0.000000 0.181065 0.400988 -0.898011 44.527802 0.009891 0.912315 0.409370 0.000000 0.000000 0.000000 0.000000 1.000000
0.981782 -0.058176 0.180883 0.000000 0.189580 0.363821 -0.911972 44.527802 -0.012754 0.929650 0.368222 0.000000 0.000000 0.000000 0.000000 1.000000
0.979827 -0.035436 0.196682 0.000000 0.197455 0.323499 -0.925397 44.527802 -0.030834 0.945565 0.323971 0.000000 0.000000 0.000000 0.000000 1.000000
0.978043 -0.012605 0.208022 0.000000 0.203898 0.264314 -0.942637 44.527802 -0.043101 0.964354 0.261081 -0.000000 0.000000 0.000000 0.000000 1.000000
0.977630 0.017320 0.209617 0.000000 0.198625 0.251822 -0.947172 44.527802 -0.069191 0.967619 0.242748 0.000000 0.000000 0.000000 0.000000 1.000000
0.978515 0.034307 0.203302 -0.000000 0.188018 0.256148 -0.948176 44.527802 -0.084605 0.966029 0.244194 0.000000 0.000000 0.000000 0.000000 1.000000
0.979995 0.046046 0.193624 0.000000 0.172215 0.291470 -0.940950 44.527802 -0.099763 0.955471 0.277709 0.000000 0.000000 0.000000 0.000000 1.000000
0.979437 0.067478 0.190133 0.000000 0.149335 0.391198 -0.908110 44.527802 -0.135657 0.917829 0.373077 -0.000000 0.000000 0.000000 0.000000 1.000000
0.981494 0.078054 0.174861 -0.000000 0.102454 0.557415 -0.823888 44.527802 -0.161778 0.826557 0.539103 -0.000000 0.000000 0.000000 0.000000 1.000000
0.990944 0.072403 0.113079 -0.000000 0.035245 0.672373 -0.739373 44.527802 -0.129565 0.736663 0.663732 0.000000 0.000000 0.000000 0.000000 1.000000
0.998193 0.054048 0.026269 0.000000 -0.024712 0.767644 -0.640400 44.527802 -0.054778 0.638594 0.767592 0.000000 0.000000 0.000000 0.000000 1.000000
0.998947 0.037674 -0.026165 0.000000 -0.045846 0.838044 -0.543673 44.527802 0.001445 0.544300 0.838889 0.000000 0.000000 0.000000 0.000000 1.000000
0.999427 0.027795 -0.019291 -0.000000 -0.033824 0.834470 -0.550015 44.527802 0.000810 0.550352 0.834932 -0.000000 0.000000 0.000000 0.000000 1.000000
0.999284 0.015733 -0.034416 -0.000000 -0.033619 0.786583 -0.616568 44.527802 0.017370 0.617284 0.786549 -0.000000 0.000000 0.000000 0.000000 1.000000
0.999476 0.022181 -0.023594 0.000000 -0.032189 0.760081 -0.649031 44.527802 0.003537 0.649450 0.760396 0.000000 0.000000 0.000000 0.000000 1.000000
0.999845 0.012794 -0.012098 -0.000000 -0.017608 0.719915 -0.693839 44.527802 -0.000168 0.693944 0.720029 0.000000 0.000000 0.000000 0.000000 1.000000
0.999992 -0.002128 0.003293 -0.000000 0.003873 0.667256 -0.744818 44.527802 -0.000612 0.744825 0.667259 0.000000 0.000000 0.000000 0.000000 1.000000
0.999905 -0.008616 0.010799 0.000000 0.013813 0.638987 -0.769093 44.527802 -0.000274 0.769169 0.639045 0.000000 0.000000 0.000000 0.000000 1.000000</float_array>
        <technique_common>
          <accessor source="#mixamorig_LeftFoot-Matrix-animation-output-transform-array" count="37" stride="16">
            <param type="float4x4"/>
          </accessor>
        </technique_common>
      </source>
      <source id="mixamorig_LeftFoot-Interpolations">
        <Name_array id="mixamorig_LeftFoot-Interpolations-array" count="37">
 LINEAR LINEAR LINEAR LINEAR LINEAR LINEAR LINEAR LINEAR LINEAR LINEAR LINEAR
LINEAR LINEAR LINEAR LINEAR LINEAR LINEAR LINEAR LINEAR LINEAR LINEAR LINEAR LINEAR
LINEAR LINEAR LINEAR LINEAR LINEAR LINEAR LINEAR LINEAR LINEAR LINEAR LINEAR LINEAR
LINEAR LINEAR</Name_array>
        <technique_common>
          <accessor source="#mixamorig_LeftFoot-Interpolations-array" count="37">
            <param type="name"/>
          </accessor>
        </technique_common>
      </source>
      <sampler id="mixamorig_LeftFoot-Matrix-animation-transform">
        <input semantic="INPUT" source="#mixamorig_LeftFoot-Matrix-animation-input"/>
        <input semantic="OUTPUT" source="#mixamorig_LeftFoot-Matrix-animation-output-transform"/>
        <input semantic="INTERPOLATION" source="#mixamorig_LeftFoot-Interpolations"/>
      </sampler>
      <channel source="#mixamorig_LeftFoot-Matrix-animation-transform" target="mixamorig_LeftFoot/matrix"/>
    </animation>
    <animation id="mixamorig_LeftToeBase-anim" name="mixamorig_LeftToeBase">
      <source id="mixamorig_LeftToeBase-Matrix-animation-input">
        <float_array id="mixamorig_LeftToeBase-Matrix-animation-input-array" count="37">

0.000000 0.033333 0.066667 0.100000 0.133333 0.166667 0.200000 0.233333 0.266667 0.300000 0.333333 0.366667 0.400000 0.433333 0.466667 0.500000
0.533333 0.566667 0.600000 0.633333 0.666667 0.700000 0.733333 0.766667 0.800000 0.833333 0.866667 0.900000 0.933333 0.966667 1.000000 1.033333
1.066667 1.100000 1.133333 1.166667 1.200000</float_array>
        <technique_common>
          <accessor source="#mixamorig_LeftToeBase-Matrix-animation-input-array" count="37">
            <param name="TIME" type="float"/>
          </accessor>
        </technique_common>
      </source>
      <source id="mixamorig_LeftToeBase-Matrix-animation-output-transform">
        <float_array id="mixamorig_LeftToeBase-Matrix-animation-output-transform-array" count="592">

1.000000 0.000000 -0.000000 0.000000 -0.000000 0.749278 -0.662256 13.816900 0.000000 0.662256 0.749278 0.000000 0.000000 0.000000 0.000000 1.000000
1.000000 -0.000000 -0.000000 0.000000 0.000000 0.757373 -0.652983 13.816900 0.000000 0.652983 0.757373 0.000000 0.000000 0.000000 0.000000 1.000000
1.000000 -0.000000 -0.000000 -0.000000 0.000000 0.768266 -0.640131 13.816900 0.000000 0.640131 0.768266 0.000000 0.000000 0.000000 0.000000 1.000000
1.000000 0.000000 -0.000000 0.000000 -0.000000 0.770654 -0.637253 13.816900 -0.000000 0.637253 0.770654 0.000000 0.000000 0.000000 0.000000 1.000000
1.000000 -0.000000 -0.000000 0.000000 0.000000 0.785210 -0.619230 13.816900 0.000000 0.619230 0.785210 0.000000 0.000000 0.000000 0.000000 1.000000
1.000000 -0.000000 -0.000000 0.000000 0.000000 0.789436 -0.613833 13.816900 0.000000 0.613833 0.789436 0.000000 0.000000 0.000000 0.000000 1.000000
1.000000 -0.000000 -0.000000 0.000000 0.000000 0.786148 -0.618039 13.816900 0.000000 0.618039 0.786148 -0.000000 0.000000 0.000000 0.000000 1.000000
1.000000 -0.000000 -0.000000 -0.000000 -0.000000 0.776508 -0.630108 13.816900 0.000000 0.630108 0.776508 0.000000 0.000000 0.000000 0.000000 1.000000
1.000000 -0.000000 -0.000000 -0.000000 0.000000 0.746831 -0.665014 13.816900 0.000000 0.665014 0.746831 0.000000 0.000000 0.000000 0.000000 1.000000
1.000000 -0.000000 0.000000 -0.000000 0.000000 0.724368 -0.689414 13.816900 0.000000 0.689414 0.724368 0.000000 0.000000 0.000000 0.000000 1.000000
1.000000 -0.000000 -0.000000 -0.000000 0.000000 0.732831 -0.680410 13.816900 0.000000 0.680410 0.732831 0.000000 0.000000 0.000000 0.000000 1.000000
1.000000 -0.000000 -0.000000 0.000000 0.000000 0.739436 -0.673226 13.816900 0.000000 0.673226 0.739436 0.000000 0.000000 0.000000 0.000000 1.000000
1.000000 0.000000 -0.000000 0.000000 -0.000000 0.737567 -0.675274 13.816900 -0.000000 0.675274 0.737567 0.000000 0.000000 0.000000 0.000000 1.000000
1.000000 -0.000000 0.000000 -0.000000 0.000000 0.735378 -0.677657 13.816900 0.000000 0.677657 0.735378 0.000000 0.000000 0.000000 0.000000 1.000000
1.000000 -0.000000 -0.000000 -0.000000 0.000000 0.732794 -0.680451 13.816900 0.000000 0.680451 0.732794 0.000000 0.000000 0.000000 0.000000 1.000000
1.000000 0.000000 0.000000 0.000000 -0.000000 0.730910 -0.682474 13.816900 -0.000000 0.682474 0.730910 -0.000000 0.000000 0.000000 0.000000 1.000000
1.000000 0.000000 -0.000000 0.000000 -0.000000 0.728872 -0.684650 13.816900 -0.000000 0.684650 0.728872 0.000000 0.000000 0.000000 0.000000 1.000000
1.000000 -0.000000 0.000000 0.000000 0.000000 0.727859 -0.685727 13.816900 0.000000 0.685727 0.727859 0.000000 0.000000 0.000000 0.000000 1.000000
1.000000 -0.000000 0.000000 0.000000 0.000000 0.728458 -0.685090 13.816900 0.000000 0.685090 0.728458 -0.000000 0.000000 0.000000 0.000000 1.000000
1.000000 0.000000 0.000000 0.000000 -0.000000 0.721137 -0.692793 13.816900 -0.000000 0.692793 0.721137 -0.000000 0.000000 0.000000 0.000000 1.000000
1.000000 0.000000 0.000000 0.000000 -0.000000 0.710370 -0.703828 13.816900 -0.000000 0.703828 0.710370 0.000000 0.000000 0.000000 0.000000 1.000000
1.000000 -0.000000 -0.000000 0.000000 0.000000 0.711101 -0.703090 13.816900 0.000000 0.703090 0.711101 0.000000 0.000000 0.000000 0.000000 1.000000
1.000000 0.000000 -0.000000 0.000000 -0.000000 0.704056 -0.710144 13.816900 -0.000000 0.710144 0.704056 -0.000000 0.000000 0.000000 0.000000 1.000000
1.000000 0.000000 -0.000000 -0.000000 -0.000000 0.683695 -0.729768 13.816900 -0.000000 0.729768 0.683695 0.000000 0.000000 0.000000 0.000000 1.000000
1.000000 -0.000000 -0.000000 0.000000 0.000000 0.643274 -0.765636 13.816900 0.000000 0.765636 0.643274 0.000000 0.000000 0.000000 0.000000 1.000000
1.000000 -0.000000 0.000000 0.000000 0.000000 0.571309 -0.820735 13.816900 0.000000 0.820735 0.571309 0.000000 0.000000 0.000000 0.000000 1.000000
1.000000 -0.000000 0.000000 0.000000 0.000000 0.496658 -0.867946 13.816900 -0.000000 0.867946 0.496658 0.000000 0.000000 0.000000 0.000000 1.000000
0.999870 0.000879 0.016085 0.000000 0.014821 0.341097 -0.939911 13.816900 -0.006313 0.940028 0.341040 -0.000000 0.000000 0.000000 0.000000 1.000000
0.998619 0.005815 0.052207 0.000000 0.048961 0.257062 -0.965154 13.816900 -0.019033 0.966377 0.256423 0.000000 0.000000 0.000000 0.000000 1.000000
0.996858 0.010091 0.078567 -0.000000 0.069480 0.364940 -0.928435 13.816900 -0.038041 0.930976 0.363092 -0.000000 0.000000 0.000000 0.000000 1.000000
1.000000 -0.000000 0.000000 0.000000 0.000000 0.712896 -0.701269 13.816900 -0.000000 0.701269 0.712896 0.000000 0.000000 0.000000 0.000000 1.000000
1.000000 0.000000 -0.000000 -0.000000 -0.000000 0.750759 -0.660576 13.816900 0.000000 0.660576 0.750759 0.000000 0.000000 0.000000 0.000000 1.000000
1.000000 -0.000000 0.000000 0.000000 0.000000 0.739597 -0.673050 13.816900 -0.000000 0.673050 0.739597 0.000000 0.000000 0.000000 0.000000 1.000000
1.000000 0.000000 0.000000 0.000000 -0.000000 0.759184 -0.650876 13.816900 -0.000000 0.650876 0.759184 0.000000 0.000000 0.000000 0.000000 1.000000
1.000000 0.000000 -0.000000 0.000000 -0.000000 0.766758 -0.641936 13.816900 0.000000 0.641936 0.766758 0.000000 0.000000 0.000000 0.000000 1.000000
1.000000 0.000000 -0.000000 0.000000 -0.000000 0.758016 -0.652236 13.816900 0.000000 0.652236 0.758016 0.000000 0.000000 0.000000 0.000000 1.000000
1.000000 -0.000000 -0.000000 0.000000 0.000000 0.749278 -0.662256 13.816900 0.000000 0.662256 0.749278 0.000000 0.000000 0.000000 0.000000 1.000000</float_array>
        <technique_common>
          <accessor source="#mixamorig_LeftToeBase-Matrix-animation-output-transform-array" count="37" stride="16">
            <param type="float4x4"/>
          </accessor>
        </technique_common>
      </source>
      <source id="mixamorig_LeftToeBase-Interpolations">
        <Name_array id="mixamorig_LeftToeBase-Interpolations-array" count="37">
 LINEAR LINEAR LINEAR LINEAR LINEAR LINEAR LINEAR LINEAR LINEAR LINEAR LINEAR
LINEAR LINEAR LINEAR LINEAR LINEAR LINEAR LINEAR LINEAR LINEAR LINEAR LINEAR LINEAR
LINEAR LINEAR LINEAR LINEAR LINEAR LINEAR LINEAR LINEAR LINEAR LINEAR LINEAR LINEAR
LINEAR LINEAR</Name_array>
        <technique_common>
          <accessor source="#mixamorig_LeftToeBase-Interpolations-array" count="37">
            <param type="name"/>
          </accessor>
        </technique_common>
      </source>
      <sampler id="mixamorig_LeftToeBase-Matrix-animation-transform">
        <input semantic="INPUT" source="#mixamorig_LeftToeBase-Matrix-animation-input"/>
        <input semantic="OUTPUT" source="#mixamorig_LeftToeBase-Matrix-animation-output-transform"/>
        <input semantic="INTERPOLATION" source="#mixamorig_LeftToeBase-Interpolations"/>
      </sampler>
      <channel source="#mixamorig_LeftToeBase-Matrix-animation-transform" target="mixamorig_LeftToeBase/matrix"/>
    </animation>
  </library_animations>
  <library_visual_scenes>
    <visual_scene id="RootNode" name="RootNode">
      <node id="mixamorig_Hips" name="mixamorig_Hips" sid="mixamorig_Hips" type="JOINT">
        <matrix sid="matrix">0.998075 0.035963 0.050518 0.125952 -0.039083 0.997299 0.062187 102.405655 -0.048145 -0.064042 0.996785 1.302845 0.000000 0.000000 0.000000 1.000000</matrix>
        <node id="mixamorig_Spine" name="mixamorig_Spine" sid="mixamorig_Spine" type="JOINT">
          <matrix sid="matrix">0.999173 -0.018230 0.036348 0.000000 0.016380 0.998586 0.050575 10.182400 -0.037218 -0.049938 0.998059 0.000000 0.000000 0.000000 0.000000 1.000000</matrix>
          <node id="mixamorig_Spine1" name="mixamorig_Spine1" sid="mixamorig_Spine1" type="JOINT">
            <matrix sid="matrix">0.999935 -0.004605 0.010406 0.000000 0.004711 0.999937 -0.010192 10.002700 -0.010359 0.010240 0.999894 -0.000000 0.000000 0.000000 0.000000 1.000000</matrix>
            <node id="mixamorig_Spine2" name="mixamorig_Spine2" sid="mixamorig_Spine2" type="JOINT">
              <matrix sid="matrix">0.999937 -0.004283 0.010419 0.000000 0.004656 0.999341 -0.035994 9.322100 -0.010258 0.036040 0.999298 0.000000 0.000000 0.000000 0.000000 1.000000</matrix>
              <node id="mixamorig_Neck" name="mixamorig_Neck" sid="mixamorig_Neck" type="JOINT">
                <matrix sid="matrix">0.999938 -0.010890 0.002123 -0.000000 0.010837 0.999663 0.023603 16.865299 -0.002379 -0.023578 0.999719 0.000000 0.000000 0.000000 0.000000 1.000000</matrix>
                <node id="mixamorig_Head" name="mixamorig_Head" sid="mixamorig_Head" type="JOINT">
                  <matrix sid="matrix">0.992724 0.063861 0.102086 -0.000000 -0.067285 0.997269 0.030452 9.341900 -0.099862 -0.037099 0.994309 2.841000 0.000000 0.000000 0.000000 1.000000</matrix>
                  <node id="mixamorig_HeadTop_End" name="mixamorig_HeadTop_End" sid="mixamorig_HeadTop_End" type="JOINT">
                    <matrix sid="matrix">1.000000 0.000000 0.000000 0.000000 -0.000000 1.000000 0.000000 20.962799 -0.000000 0.000000 1.000000 10.122900 0.000000 0.000000 0.000000 1.000000</matrix>
                  </node>
                </node>
              </node>
              <node id="mixamorig_RightShoulder" name="mixamorig_RightShoulder" sid="mixamorig_RightShoulder" type="JOINT">
                <matrix sid="matrix">-0.177112 -0.922038 0.344206 -4.570000 -0.202352 -0.308148 -0.929569 11.195800 0.963164 -0.234288 -0.132000 -0.806600 0.000000 0.000000 0.000000 1.000000</matrix>
                <node id="mixamorig_RightArm" name="mixamorig_RightArm" sid="mixamorig_RightArm" type="JOINT">
                  <matrix sid="matrix">0.931015 0.220032 -0.291198 0.000000 -0.364953 0.551464 -0.750131 10.838200 -0.004467 0.804657 0.593723 -0.000000 0.000000 0.000000 0.000000 1.000000</matrix>
                  <node id="mixamorig_RightForeArm" name="mixamorig_RightForeArm" sid="mixamorig_RightForeArm" type="JOINT">
                    <matrix sid="matrix">0.973958 0.226727 0.000000 0.000000 -0.226727 0.973958 -0.000000 27.841499 -0.000000 0.000000 1.000000 -0.000000 0.000000 0.000000 0.000000 1.000000</matrix>
                    <node id="mixamorig_RightHand" name="mixamorig_RightHand" sid="mixamorig_RightHand" type="JOINT">
                      <matrix sid="matrix">0.985748 0.093194 -0.140053 0.000000 -0.090029 0.995523 0.028776 28.328800 0.142108 -0.015757 0.989726 0.000000 0.000000 0.000000 0.000000 1.000000</matrix>
                      <node id="mixamorig_RightHandThumb1" name="mixamorig_RightHandThumb1" sid="mixamorig_RightHandThumb1" type="JOINT">
                        <matrix sid="matrix">0.820682 0.559676 0.115078 2.681900 -0.489833 0.792826 -0.362615 2.464800 -0.294184 0.241223 0.924807 1.574000 0.000000 0.000000 0.000000 1.000000</matrix>
                        <node id="mixamorig_RightHandThumb2" name="mixamorig_RightHandThumb2" sid="mixamorig_RightHandThumb2" type="JOINT">
                          <matrix sid="matrix">0.839211 -0.536490 -0.088897 0.000000 0.541867 0.838761 0.053480 4.189000 0.045872 -0.093051 0.994604 0.000000 0.000000 0.000000 0.000000 1.000000</matrix>
                          <node id="mixamorig_RightHandThumb3" name="mixamorig_RightHandThumb3" sid="mixamorig_RightHandThumb3" type="JOINT">
                            <matrix sid="matrix">0.940120 0.325725 -0.100388 0.000000 -0.299945 0.930505 0.210224 3.416300 0.161887 -0.167524 0.972486 0.000000 0.000000 0.000000 0.000000 1.000000</matrix>
                            <node id="mixamorig_RightHandThumb4" name="mixamorig_RightHandThumb4" sid="mixamorig_RightHandThumb4" type="JOINT">
                              <matrix sid="matrix">0.967631 0.095337 -0.233668 0.000000 -0.098051 0.995181 0.000001 2.575000 0.232542 0.022911 0.972316 0.000000 0.000000 0.000000 0.000000 1.000000</matrix>
                            </node>
                          </node>
                        </node>
                      </node>
                      <node id="mixamorig_RightHandIndex1" name="mixamorig_RightHandIndex1" sid="mixamorig_RightHandIndex1" type="JOINT">
                        <matrix sid="matrix">0.999182 -0.034811 0.020604 2.259800 0.040047 0.923123 -0.382414 9.108300 -0.005708 0.382926 0.923761 0.517900 0.000000 0.000000 0.000000 1.000000</matrix>
                        <node id="mixamorig_RightHandIndex2" name="mixamorig_RightHandIndex2" sid="mixamorig_RightHandIndex2" type="JOINT">
                          <matrix sid="matrix">0.998374 -0.053393 0.019957 0.000000 0.053393 0.753413 -0.655377 3.700000 0.019957 0.655377 0.755038 0.000000 0.000000 0.000000 0.000000 1.000000</matrix>
                          <node id="mixamorig_RightHandIndex3" name="mixamorig_RightHandIndex3" sid="mixamorig_RightHandIndex3" type="JOINT">
                            <matrix sid="matrix">0.999656 -0.025874 0.004219 0.000000 0.025874 0.947875 -0.317591 2.850000 0.004219 0.317591 0.948218 0.000000 0.000000 0.000000 0.000000 1.000000</matrix>
                            <node id="mixamorig_RightHandIndex4" name="mixamorig_RightHandIndex4" sid="mixamorig_RightHandIndex4" type="JOINT">
                              <matrix sid="matrix">0.999998 -0.000175 0.002005 0.000000 0.000175 1.000000 0.000000 2.772200 -0.002005 -0.000000 0.999998 0.000000 0.000000 0.000000 0.000000 1.000000</matrix>
                            </node>
                          </node>
                        </node>
                      </node>
                      <node id="mixamorig_RightHandMiddle1" name="mixamorig_RightHandMiddle1" sid="mixamorig_RightHandMiddle1" type="JOINT">
                        <matrix sid="matrix">0.994783 -0.094964 0.037255 0.000000 0.099020 0.811143 -0.576405 9.532500 0.024518 0.577087 0.816315 0.000000 0.000000 0.000000 0.000000 1.000000</matrix>
                        <node id="mixamorig_RightHandMiddle2" name="mixamorig_RightHandMiddle2" sid="mixamorig_RightHandMiddle2" type="JOINT">
                          <matrix sid="matrix">0.998591 -0.050170 0.017296 0.000000 0.050170 0.786284 -0.615825 3.700000 0.017296 0.615825 0.787693 0.000000 0.000000 0.000000 0.000000 1.000000</matrix>
                          <node id="mixamorig_RightHandMiddle3" name="mixamorig_RightHandMiddle3" sid="mixamorig_RightHandMiddle3" type="JOINT">
                            <matrix sid="matrix">0.999786 -0.020520 0.002627 0.000000 0.020520 0.967543 -0.251870 2.950000 0.002627 0.251870 0.967757 0.000000 0.000000 0.000000 0.000000 1.000000</matrix>
                            <node id="mixamorig_RightHandMiddle4" name="mixamorig_RightHandMiddle4" sid="mixamorig_RightHandMiddle4" type="JOINT">
                              <matrix sid="matrix">0.999998 -0.000333 0.001857 -0.000000 0.000333 1.000000 0.000001 2.946600 -0.001857 0.000000 0.999998 0.000000 0.000000 0.000000 0.000000 1.000000</matrix>
                            </node>
                          </node>
                        </node>
                      </node>
                      <node id="mixamorig_RightHandRing1" name="mixamorig_RightHandRing1" sid="mixamorig_RightHandRing1" type="JOINT">
                        <matrix sid="matrix">0.987477 -0.150982 0.045761 -1.865100 0.143439 0.738441 -0.658886 9.103600 0.065689 0.657198 0.750850 0.043100 0.000000 0.000000 0.000000 1.000000</matrix>
                        <node id="mixamorig_RightHandRing2" name="mixamorig_RightHandRing2" sid="mixamorig_RightHandRing2" type="JOINT">
                          <matrix sid="matrix">0.998879 -0.045285 0.013755 0.000000 0.045285 0.830043 -0.555858 3.379300 0.013755 0.555858 0.831163 -0.000000 0.000000 0.000000 0.000000 1.000000</matrix>
                          <node id="mixamorig_RightHandRing3" name="mixamorig_RightHandRing3" sid="mixamorig_RightHandRing3" type="JOINT">
                            <matrix sid="matrix">0.999706 -0.023978 0.003609 0.000000 0.023978 0.955406 -0.294320 2.889700 0.003609 0.294320 0.955700 0.000000 0.000000 0.000000 0.000000 1.000000</matrix>
                            <node id="mixamorig_RightHandRing4" name="mixamorig_RightHandRing4" sid="mixamorig_RightHandRing4" type="JOINT">
                              <matrix sid="matrix">0.999999 0.001599 0.000291 0.000000 -0.001599 0.999999 -0.000000 2.638800 -0.000291 -0.000000 1.000000 0.000000 0.000000 0.000000 0.000000 1.000000</matrix>
                            </node>
                          </node>
                        </node>
                      </node>
                      <node id="mixamorig_RightHandPinky1" name="mixamorig_RightHandPinky1" sid="mixamorig_RightHandPinky1" type="JOINT">
                        <matrix sid="matrix">0.995432 -0.080860 0.050763 -3.806300 0.093210 0.707964 -0.700070 8.076700 0.020669 0.701604 0.712267 0.486700 0.000000 0.000000 0.000000 1.000000</matrix>
                        <node id="mixamorig_RightHandPinky2" name="mixamorig_RightHandPinky2" sid="mixamorig_RightHandPinky2" type="JOINT">
                          <matrix sid="matrix">0.998568 -0.050520 0.017572 0.000000 0.050520 0.782880 -0.620118 3.600000 0.017572 0.620118 0.784312 0.000000 0.000000 0.000000 0.000000 1.000000</matrix>
                          <node id="mixamorig_RightHandPinky3" name="mixamorig_RightHandPinky3" sid="mixamorig_RightHandPinky3" type="JOINT">
                            <matrix sid="matrix">0.999325 -0.035778 0.008280 -0.000000 0.035778 0.897697 -0.439159 2.100000 0.008279 0.439159 0.898371 0.000000 0.000000 0.000000 0.000000 1.000000</matrix>
                            <node id="mixamorig_RightHandPinky4" name="mixamorig_RightHandPinky4" sid="mixamorig_RightHandPinky4" type="JOINT">
                              <matrix sid="matrix">0.999995 0.000082 0.003138 -0.000000 -0.000082 1.000000 -0.000000 2.115800 -0.003138 0.000000 0.999995 -0.000000 0.000000 0.000000 0.000000 1.000000</matrix>
                            </node>
                          </node>
                        </node>
                      </node>
                    </node>
                  </node>
                </node>
              </node>
              <node id="mixamorig_LeftShoulder" name="mixamorig_LeftShoulder" sid="mixamorig_LeftShoulder" type="JOINT">
                <matrix sid="matrix">-0.137365 0.917312 -0.373723 4.570400 0.206914 -0.342402 -0.916486 11.195600 -0.968668 -0.203222 -0.142771 -0.806600 0.000000 0.000000 0.000000 1.000000</matrix>
                <node id="mixamorig_LeftArm" name="mixamorig_LeftArm" sid="mixamorig_LeftArm" type="JOINT">
                  <matrix sid="matrix">0.935179 -0.171642 0.309806 -0.000000 0.353774 0.494394 -0.793989 10.837700 -0.016884 0.852123 0.523069 0.000000 0.000000 0.000000 0.000000 1.000000</matrix>
                  <node id="mixamorig_LeftForeArm" name="mixamorig_LeftForeArm" sid="mixamorig_LeftForeArm" type="JOINT">
                    <matrix sid="matrix">0.993688 -0.112176 -0.000000 0.000000 0.112176 0.993688 0.000000 27.841499 0.000000 -0.000000 1.000000 0.000000 0.000000 0.000000 0.000000 1.000000</matrix>
                    <node id="mixamorig_LeftHand" name="mixamorig_LeftHand" sid="mixamorig_LeftHand" type="JOINT">
                      <matrix sid="matrix">0.999564 0.017137 -0.024035 0.000000 -0.017391 0.999795 -0.010410 28.328800 0.023852 0.010823 0.999657 0.000000 0.000000 0.000000 0.000000 1.000000</matrix>
                      <node id="mixamorig_LeftHandThumb1" name="mixamorig_LeftHandThumb1" sid="mixamorig_LeftHandThumb1" type="JOINT">
                        <matrix sid="matrix">0.875704 -0.481063 -0.041481 -2.681700 0.451613 0.846424 -0.282156 2.466100 0.170846 0.228352 0.958471 1.576200 0.000000 0.000000 0.000000 1.000000</matrix>
                        <node id="mixamorig_LeftHandThumb2" name="mixamorig_LeftHandThumb2" sid="mixamorig_LeftHandThumb2" type="JOINT">
                          <matrix sid="matrix">0.891382 0.452186 0.031071 0.000000 -0.447099 0.888470 -0.103553 4.187100 -0.074431 0.078414 0.994138 0.000000 0.000000 0.000000 0.000000 1.000000</matrix>
                          <node id="mixamorig_LeftHandThumb3" name="mixamorig_LeftHandThumb3" sid="mixamorig_LeftHandThumb3" type="JOINT">
                            <matrix sid="matrix">0.908965 -0.407160 -0.089457 0.000000 0.414283 0.858398 0.302528 3.418400 -0.046387 -0.312048 0.948933 0.000000 0.000000 0.000000 0.000000 1.000000</matrix>
                            <node id="mixamorig_LeftHandThumb4" name="mixamorig_LeftHandThumb4" sid="mixamorig_LeftHandThumb4" type="JOINT">
                              <matrix sid="matrix">0.966428 -0.081336 0.243724 -0.000000 0.083865 0.996477 0.000001 2.580600 -0.242865 0.020439 0.969845 -0.000000 0.000000 0.000000 0.000000 1.000000</matrix>
                            </node>
                          </node>
                        </node>
                      </node>
                      <node id="mixamorig_LeftHandIndex1" name="mixamorig_LeftHandIndex1" sid="mixamorig_LeftHandIndex1" type="JOINT">
                        <matrix sid="matrix">0.999164 0.026091 -0.031460 -2.259900 -0.038058 0.874559 -0.483424 9.109300 0.014901 0.484217 0.874821 0.518000 0.000000 0.000000 0.000000 1.000000</matrix>
                        <node id="mixamorig_LeftHandIndex2" name="mixamorig_LeftHandIndex2" sid="mixamorig_LeftHandIndex2" type="JOINT">
                          <matrix sid="matrix">0.998668 0.049928 -0.012996 0.000000 -0.049928 0.871855 -0.487213 3.700000 -0.012995 0.487213 0.873186 -0.000000 0.000000 0.000000 0.000000 1.000000</matrix>
                          <node id="mixamorig_LeftHandIndex3" name="mixamorig_LeftHandIndex3" sid="mixamorig_LeftHandIndex3" type="JOINT">
                            <matrix sid="matrix">0.999562 0.029286 -0.004275 0.000000 -0.029286 0.957847 -0.285782 2.850000 -0.004274 0.285782 0.958285 0.000000 0.000000 0.000000 0.000000 1.000000</matrix>
                            <node id="mixamorig_LeftHandIndex4" name="mixamorig_LeftHandIndex4" sid="mixamorig_LeftHandIndex4" type="JOINT">
                              <matrix sid="matrix">1.000000 0.000026 -0.000756 0.000000 -0.000026 1.000000 0.000000 2.774900 0.000756 -0.000000 1.000000 0.000000 0.000000 0.000000 0.000000 1.000000</matrix>
                            </node>
                          </node>
                        </node>
                      </node>
                      <node id="mixamorig_LeftHandMiddle1" name="mixamorig_LeftHandMiddle1" sid="mixamorig_LeftHandMiddle1" type="JOINT">
                        <matrix sid="matrix">0.993777 0.101455 -0.045971 -0.000000 -0.108280 0.783187 -0.612285 9.533400 -0.026115 0.613453 0.789299 -0.000000 0.000000 0.000000 0.000000 1.000000</matrix>
                        <node id="mixamorig_LeftHandMiddle2" name="mixamorig_LeftHandMiddle2" sid="mixamorig_LeftHandMiddle2" type="JOINT">
                          <matrix sid="matrix">0.998487 0.052963 -0.014762 0.000000 -0.052964 0.854446 -0.516833 3.700000 -0.014760 0.516833 0.855959 -0.000000 0.000000 0.000000 0.000000 1.000000</matrix>
                          <node id="mixamorig_LeftHandMiddle3" name="mixamorig_LeftHandMiddle3" sid="mixamorig_LeftHandMiddle3" type="JOINT">
                            <matrix sid="matrix">0.999333 0.035937 -0.006511 0.000000 -0.035937 0.935803 -0.350687 2.950000 -0.006510 0.350687 0.936470 0.000000 0.000000 0.000000 0.000000 1.000000</matrix>
                            <node id="mixamorig_LeftHandMiddle4" name="mixamorig_LeftHandMiddle4" sid="mixamorig_LeftHandMiddle4" type="JOINT">
                              <matrix sid="matrix">0.999998 -0.000056 -0.002049 0.000000 0.000056 1.000000 -0.000000 2.952900 0.002049 -0.000000 0.999998 0.000000 0.000000 0.000000 0.000000 1.000000</matrix>
                            </node>
                          </node>
                        </node>
                      </node>
                      <node id="mixamorig_LeftHandRing1" name="mixamorig_LeftHandRing1" sid="mixamorig_LeftHandRing1" type="JOINT">
                        <matrix sid="matrix">0.984064 0.171329 -0.047593 1.865100 -0.162893 0.761254 -0.627661 9.104500 -0.071307 0.625411 0.777030 0.043000 0.000000 0.000000 0.000000 1.000000</matrix>
                        <node id="mixamorig_LeftHandRing2" name="mixamorig_LeftHandRing2" sid="mixamorig_LeftHandRing2" type="JOINT">
                          <matrix sid="matrix">0.997410 0.067342 -0.025279 -0.000000 -0.067343 0.750743 -0.657152 3.150000 -0.025276 0.657152 0.753334 -0.000000 0.000000 0.000000 0.000000 1.000000</matrix>
                          <node id="mixamorig_LeftHandRing3" name="mixamorig_LeftHandRing3" sid="mixamorig_LeftHandRing3" type="JOINT">
                            <matrix sid="matrix">0.999605 0.027850 -0.003858 0.000000 -0.027850 0.961959 -0.271771 2.950000 -0.003858 0.271771 0.962354 0.000000 0.000000 0.000000 0.000000 1.000000</matrix>
                            <node id="mixamorig_LeftHandRing4" name="mixamorig_LeftHandRing4" sid="mixamorig_LeftHandRing4" type="JOINT">
                              <matrix sid="matrix">1.000000 -0.000031 0.000986 0.000000 0.000031 1.000000 0.000000 2.644300 -0.000986 0.000000 1.000000 -0.000000 0.000000 0.000000 0.000000 1.000000</matrix>
                            </node>
                          </node>
                        </node>
                      </node>
                      <node id="mixamorig_LeftHandPinky1" name="mixamorig_LeftHandPinky1" sid="mixamorig_LeftHandPinky1" type="JOINT">
                        <matrix sid="matrix">0.991680 0.120518 -0.045225 3.806300 -0.124063 0.801142 -0.585473 8.077800 -0.034328 0.586213 0.809429 0.486900 0.000000 0.000000 0.000000 1.000000</matrix>
                        <node id="mixamorig_LeftHandPinky2" name="mixamorig_LeftHandPinky2" sid="mixamorig_LeftHandPinky2" type="JOINT">
                          <matrix sid="matrix">0.998734 0.048768 -0.012358 0.000000 -0.048768 0.878150 -0.475892 3.600000 -0.012356 0.475892 0.879417 0.000000 0.000000 0.000000 0.000000 1.000000</matrix>
                          <node id="mixamorig_LeftHandPinky3" name="mixamorig_LeftHandPinky3" sid="mixamorig_LeftHandPinky3" type="JOINT">
                            <matrix sid="matrix">0.999383 0.034614 -0.006025 0.000000 -0.034614 0.940592 -0.337770 2.100000 -0.006024 0.337770 0.941209 0.000000 0.000000 0.000000 0.000000 1.000000</matrix>
                            <node id="mixamorig_LeftHandPinky4" name="mixamorig_LeftHandPinky4" sid="mixamorig_LeftHandPinky4" type="JOINT">
                              <matrix sid="matrix">0.999999 0.000590 -0.001567 -0.000000 -0.000590 1.000000 -0.000001 2.125500 0.001567 0.000002 0.999999 -0.000000 0.000000 0.000000 0.000000 1.000000</matrix>
                            </node>
                          </node>
                        </node>
                      </node>
                    </node>
                  </node>
                </node>
              </node>
            </node>
          </node>
        </node>
        <node id="mixamorig_RightUpLeg" name="mixamorig_RightUpLeg" sid="mixamorig_RightUpLeg" type="JOINT">
          <matrix sid="matrix">-0.978669 -0.071295 -0.192675 -8.207800 0.052515 -0.993511 0.100883 -6.771800 -0.198618 0.088612 0.976063 -1.512200 0.000000 0.000000 0.000000 1.000000</matrix>
          <node id="mixamorig_RightLeg" name="mixamorig_RightLeg" sid="mixamorig_RightLeg" type="JOINT">
            <matrix sid="matrix">0.997051 -0.022124 -0.073485 0.000000 0.047633 0.929186 0.366530 44.371498 0.060172 -0.368949 0.927500 0.000000 0.000000 0.000000 0.000000 1.000000</matrix>
            <node id="mixamorig_RightFoot" name="mixamorig_RightFoot" sid="mixamorig_RightFoot" type="JOINT">
              <matrix sid="matrix">0.999482 -0.017365 0.027094 0.000000 0.032030 0.455162 -0.889833 44.527802 0.003119 0.890240 0.455482 0.000000 0.000000 0.000000 0.000000 1.000000</matrix>
              <node id="mixamorig_RightToeBase" name="mixamorig_RightToeBase" sid="mixamorig_RightToeBase" type="JOINT">
                <matrix sid="matrix">1.000000 0.000000 -0.000000 -0.000000 -0.000000 0.771198 -0.636596 13.816900 -0.000000 0.636596 0.771198 -0.000000 0.000000 0.000000 0.000000 1.000000</matrix>
                <node id="mixamorig_RightToe_End" name="mixamorig_RightToe_End" sid="mixamorig_RightToe_End" type="JOINT">
                  <matrix sid="matrix">0.999731 0.000000 0.023214 -0.000000 -0.000000 1.000000 0.000000 9.278100 -0.023214 0.000000 0.999731 0.000000 0.000000 0.000000 0.000000 1.000000</matrix>
                </node>
              </node>
            </node>
          </node>
        </node>
        <node id="mixamorig_LeftUpLeg" name="mixamorig_LeftUpLeg" sid="mixamorig_LeftUpLeg" type="JOINT">
          <matrix sid="matrix">-0.995605 0.029228 0.088977 8.207800 0.015082 -0.887620 0.460329 -6.771800 0.092432 0.459647 0.883278 -1.512200 0.000000 0.000000 0.000000 1.000000</matrix>
          <node id="mixamorig_LeftLeg" name="mixamorig_LeftLeg" sid="mixamorig_LeftLeg" type="JOINT">
            <matrix sid="matrix">0.999781 0.020466 0.004278 -0.000000 -0.012485 0.420243 0.907326 44.371399 0.016771 -0.907181 0.420407 -0.000000 0.000000 0.000000 0.000000 1.000000</matrix>
            <node id="mixamorig_LeftFoot" name="mixamorig_LeftFoot" sid="mixamorig_LeftFoot" type="JOINT">
              <matrix sid="matrix">0.999894 -0.009011 0.011451 -0.000000 0.014571 0.623861 -0.781400 44.527802 -0.000103 0.781484 0.623926 -0.000000 0.000000 0.000000 0.000000 1.000000</matrix>
              <node id="mixamorig_LeftToeBase" name="mixamorig_LeftToeBase" sid="mixamorig_LeftToeBase" type="JOINT">
                <matrix sid="matrix">1.000000 0.000000 -0.000000 0.000000 -0.000000 0.749278 -0.662256 13.816900 0.000000 0.662256 0.749278 0.000000 0.000000 0.000000 0.000000 1.000000</matrix>
                <node id="mixamorig_LeftToe_End" name="mixamorig_LeftToe_End" sid="mixamorig_LeftToe_End" type="JOINT">
                  <matrix sid="matrix">0.999718 0.000000 -0.023736 -0.000000 -0.000000 1.000000 -0.000000 9.278100 0.023736 -0.000000 0.999718 -0.000000 0.000000 0.000000 0.000000 1.000000</matrix>
                </node>
              </node>
            </node>
          </node>
        </node>
      </node>
    </visual_scene>
  </library_visual_scenes>
  <scene>
    <instance_visual_scene url="#RootNode"/>
  </scene>
</COLLADA>
